2026-03-06 23:24:33,549  INFO  === Hindi Wikipedia ===
2026-03-06 23:24:34,078  INFO  HTTP Request: HEAD https://huggingface.co/datasets/wikipedia/resolve/main/README.md "HTTP/1.1 307 Temporary Redirect"
2026-03-06 23:24:34,486  INFO  HTTP Request: HEAD https://huggingface.co/datasets/legacy-datasets/wikipedia/resolve/main/README.md "HTTP/1.1 307 Temporary Redirect"
2026-03-06 23:24:34,529  INFO  HTTP Request: HEAD https://huggingface.co/api/resolve-cache/datasets/legacy-datasets/wikipedia/97a0b052c326b45fb68593a14972d9eed884cd17/README.md "HTTP/1.1 200 OK"
2026-03-06 23:24:34,622  INFO  HTTP Request: GET https://huggingface.co/api/resolve-cache/datasets/legacy-datasets/wikipedia/97a0b052c326b45fb68593a14972d9eed884cd17/README.md "HTTP/1.1 200 OK"
2026-03-06 23:24:34,950  INFO  HTTP Request: HEAD https://huggingface.co/datasets/wikipedia/resolve/97a0b052c326b45fb68593a14972d9eed884cd17/wikipedia.py "HTTP/1.1 307 Temporary Redirect"
2026-03-06 23:24:35,300  INFO  HTTP Request: HEAD https://huggingface.co/datasets/legacy-datasets/wikipedia/resolve/97a0b052c326b45fb68593a14972d9eed884cd17/wikipedia.py "HTTP/1.1 307 Temporary Redirect"
2026-03-06 23:24:35,335  INFO  HTTP Request: HEAD https://huggingface.co/api/resolve-cache/datasets/legacy-datasets/wikipedia/97a0b052c326b45fb68593a14972d9eed884cd17/wikipedia.py "HTTP/1.1 200 OK"
2026-03-06 23:24:35,383  INFO  HTTP Request: GET https://huggingface.co/api/resolve-cache/datasets/legacy-datasets/wikipedia/97a0b052c326b45fb68593a14972d9eed884cd17/wikipedia.py "HTTP/1.1 200 OK"
2026-03-06 23:25:02,607  INFO  === Hindi Wikipedia ===
2026-03-06 23:25:03,036  INFO  HTTP Request: HEAD https://huggingface.co/datasets/wikipedia/resolve/main/README.md "HTTP/1.1 307 Temporary Redirect"
2026-03-06 23:25:03,468  INFO  HTTP Request: HEAD https://huggingface.co/datasets/legacy-datasets/wikipedia/resolve/main/README.md "HTTP/1.1 307 Temporary Redirect"
2026-03-06 23:25:03,528  INFO  HTTP Request: HEAD https://huggingface.co/api/resolve-cache/datasets/legacy-datasets/wikipedia/97a0b052c326b45fb68593a14972d9eed884cd17/README.md "HTTP/1.1 200 OK"
2026-03-06 23:25:44,466  INFO  === Hindi Wikipedia ===
2026-03-06 23:25:45,241  INFO  HTTP Request: HEAD https://huggingface.co/datasets/wikimedia/wikipedia/resolve/main/README.md "HTTP/1.1 307 Temporary Redirect"
2026-03-06 23:25:45,290  INFO  HTTP Request: HEAD https://huggingface.co/api/resolve-cache/datasets/wikimedia/wikipedia/b04c8d1ceb2f5cd4588862100d08de323dccfbaa/README.md "HTTP/1.1 200 OK"
2026-03-06 23:25:45,353  INFO  HTTP Request: GET https://huggingface.co/api/resolve-cache/datasets/wikimedia/wikipedia/b04c8d1ceb2f5cd4588862100d08de323dccfbaa/README.md "HTTP/1.1 200 OK"
2026-03-06 23:25:45,677  INFO  HTTP Request: HEAD https://huggingface.co/datasets/wikimedia/wikipedia/resolve/b04c8d1ceb2f5cd4588862100d08de323dccfbaa/wikipedia.py "HTTP/1.1 404 Not Found"
2026-03-06 23:25:46,674  INFO  HTTP Request: HEAD https://s3.amazonaws.com/datasets.huggingface.co/datasets/datasets/wikimedia/wikipedia/wikimedia/wikipedia.py "HTTP/1.1 404 Not Found"
2026-03-06 23:25:47,494  INFO  HTTP Request: GET https://huggingface.co/api/datasets/wikimedia/wikipedia/revision/b04c8d1ceb2f5cd4588862100d08de323dccfbaa "HTTP/1.1 200 OK"
2026-03-06 23:25:48,005  INFO  HTTP Request: HEAD https://huggingface.co/datasets/wikimedia/wikipedia/resolve/b04c8d1ceb2f5cd4588862100d08de323dccfbaa/.huggingface.yaml "HTTP/1.1 404 Not Found"
2026-03-06 23:25:48,619  INFO  HTTP Request: GET https://datasets-server.huggingface.co/info?dataset=wikimedia/wikipedia "HTTP/1.1 200 OK"
2026-03-06 23:25:49,131  INFO  HTTP Request: GET https://huggingface.co/api/datasets/wikimedia/wikipedia/tree/b04c8d1ceb2f5cd4588862100d08de323dccfbaa/20231101.ab?recursive=true&expand=false "HTTP/1.1 200 OK"
2026-03-06 23:25:49,541  INFO  HTTP Request: GET https://huggingface.co/api/datasets/wikimedia/wikipedia/tree/b04c8d1ceb2f5cd4588862100d08de323dccfbaa?recursive=false&expand=false "HTTP/1.1 200 OK"
2026-03-06 23:25:49,950  INFO  HTTP Request: HEAD https://huggingface.co/datasets/wikimedia/wikipedia/resolve/b04c8d1ceb2f5cd4588862100d08de323dccfbaa/dataset_infos.json "HTTP/1.1 404 Not Found"
2026-03-06 23:25:50,257  INFO  HTTP Request: GET https://huggingface.co/api/datasets/wikimedia/wikipedia/tree/b04c8d1ceb2f5cd4588862100d08de323dccfbaa/20231101.hi?recursive=true&expand=false "HTTP/1.1 200 OK"
2026-03-06 23:25:50,667  INFO  HTTP Request: GET https://huggingface.co/datasets/wikimedia/wikipedia/resolve/b04c8d1ceb2f5cd4588862100d08de323dccfbaa/20231101.hi/train-00000-of-00002.parquet "HTTP/1.1 302 Found"
2026-03-06 23:25:50,885  INFO  HTTP Request: GET https://cas-bridge.xethub.hf.co/xet-bridge-us/621ffdd236468d709f184284/30ccf642e691a5ce214e90dc26f6c6cc8deac7da401e273ef6b4dadc15913b13?X-Amz-Algorithm=AWS4-HMAC-SHA256&X-Amz-Content-Sha256=UNSIGNED-PAYLOAD&X-Amz-Credential=cas%2F20260306%2Fus-east-1%2Fs3%2Faws4_request&X-Amz-Date=20260306T175550Z&X-Amz-Expires=3600&X-Amz-Signature=ea15422d3e85aef3022e385e8d7da692469e8ac8e53be257dfcf162af2d97d8f&X-Amz-SignedHeaders=host&X-Xet-Cas-Uid=public&response-content-disposition=inline%3B+filename*%3DUTF-8%27%27train-00000-of-00002.parquet%3B+filename%3D%22train-00000-of-00002.parquet%22%3B&x-amz-checksum-mode=ENABLED&x-id=GetObject&Expires=1772823350&Policy=eyJTdGF0ZW1lbnQiOlt7IkNvbmRpdGlvbiI6eyJEYXRlTGVzc1RoYW4iOnsiQVdTOkVwb2NoVGltZSI6MTc3MjgyMzM1MH19LCJSZXNvdXJjZSI6Imh0dHBzOi8vY2FzLWJyaWRnZS54ZXRodWIuaGYuY28veGV0LWJyaWRnZS11cy82MjFmZmRkMjM2NDY4ZDcwOWYxODQyODQvMzBjY2Y2NDJlNjkxYTVjZTIxNGU5MGRjMjZmNmM2Y2M4ZGVhYzdkYTQwMWUyNzNlZjZiNGRhZGMxNTkxM2IxMyoifV19&Signature=A6wfuXiCz1%7ELWPaiYEbPkD%7ExPvCwvb0cQw-gSfm1yGFTAJxPtspcFrG3abIi6Zs8txggDFn2A5vwht0dMyf8BtOAoWvokDIJLX63078QSjlfbcvYuuWgjilXu5E4GbgA1-xYInxR8D%7E7ip1LMEbhygccUcEldRI%7Ew5ESsDR8ruhx2ng17COZ5ndYpfyfsze7YMjlz%7EvRbKJOYHp6mZocZTOkOhpyZocEO4XMeXDmmHBomSdKfE2MrnhHQH8GKxSJjqJ2jikztp-6LbMPdD9tXIrWljrNQy04p8nkTBj2Q4wFY9w7rdZqo4GuO5aPBOFcReDQFea5gQpAdI0Yu7Z81Q__&Key-Pair-Id=K2L8F4GPSG1IFC "HTTP/1.1 206 Partial Content"
2026-03-06 23:25:51,226  INFO  HTTP Request: GET https://huggingface.co/datasets/wikimedia/wikipedia/resolve/b04c8d1ceb2f5cd4588862100d08de323dccfbaa/20231101.hi/train-00000-of-00002.parquet "HTTP/1.1 302 Found"
2026-03-06 23:25:51,358  INFO  HTTP Request: GET https://cas-bridge.xethub.hf.co/xet-bridge-us/621ffdd236468d709f184284/30ccf642e691a5ce214e90dc26f6c6cc8deac7da401e273ef6b4dadc15913b13?X-Amz-Algorithm=AWS4-HMAC-SHA256&X-Amz-Content-Sha256=UNSIGNED-PAYLOAD&X-Amz-Credential=cas%2F20260306%2Fus-east-1%2Fs3%2Faws4_request&X-Amz-Date=20260306T175551Z&X-Amz-Expires=3600&X-Amz-Signature=77355eee75be9ae857f4cb3822d90ccb197ad3455d27ece988ec3879cbc5c482&X-Amz-SignedHeaders=host&X-Xet-Cas-Uid=public&response-content-disposition=inline%3B+filename*%3DUTF-8%27%27train-00000-of-00002.parquet%3B+filename%3D%22train-00000-of-00002.parquet%22%3B&x-amz-checksum-mode=ENABLED&x-id=GetObject&Expires=1772823351&Policy=eyJTdGF0ZW1lbnQiOlt7IkNvbmRpdGlvbiI6eyJEYXRlTGVzc1RoYW4iOnsiQVdTOkVwb2NoVGltZSI6MTc3MjgyMzM1MX19LCJSZXNvdXJjZSI6Imh0dHBzOi8vY2FzLWJyaWRnZS54ZXRodWIuaGYuY28veGV0LWJyaWRnZS11cy82MjFmZmRkMjM2NDY4ZDcwOWYxODQyODQvMzBjY2Y2NDJlNjkxYTVjZTIxNGU5MGRjMjZmNmM2Y2M4ZGVhYzdkYTQwMWUyNzNlZjZiNGRhZGMxNTkxM2IxMyoifV19&Signature=fz1BDJ1ljX8nMSgDcotndu3a6zEoLNNq0BXz-lnCJLz2Z9jYFFNq1ss3%7Ed5xftq9NiAECwsneUHgOY2heY7dsGR9UX89OudWosooIMoPlNXdeAqmKO7t%7E0H2p8j3QHKuk9gWCMM-iy6X2yfZfy2224SjZ9FM9HMIWRmWCL8ZwLpHozuCAMd2MKS3HV7iXI7BnRhK-mZhwsoCR09XVaTihfbcB0Qwpgos1pnOyGFWx9mndr8oGxy0H7TQ%7ElMs3XFZOoCsWHBX-Dod6l5L6OPrI%7ENmZzcRY3V3cR-RclnxZdSVrpZx1bJamy2RNd5yosDbBkxSmq6%7ESvTAwgvCMWgVpA__&Key-Pair-Id=K2L8F4GPSG1IFC "HTTP/1.1 206 Partial Content"
2026-03-06 23:25:52,813  INFO  HTTP Request: GET https://huggingface.co/datasets/wikimedia/wikipedia/resolve/b04c8d1ceb2f5cd4588862100d08de323dccfbaa/20231101.hi/train-00000-of-00002.parquet "HTTP/1.1 302 Found"
2026-03-06 23:25:52,949  INFO  HTTP Request: GET https://cas-bridge.xethub.hf.co/xet-bridge-us/621ffdd236468d709f184284/30ccf642e691a5ce214e90dc26f6c6cc8deac7da401e273ef6b4dadc15913b13?X-Amz-Algorithm=AWS4-HMAC-SHA256&X-Amz-Content-Sha256=UNSIGNED-PAYLOAD&X-Amz-Credential=cas%2F20260306%2Fus-east-1%2Fs3%2Faws4_request&X-Amz-Date=20260306T175552Z&X-Amz-Expires=3600&X-Amz-Signature=6a68fc2faec7290196cbf8a1c585442f67d7681bce638109a0ee648bbe9db5ce&X-Amz-SignedHeaders=host&X-Xet-Cas-Uid=public&response-content-disposition=inline%3B+filename*%3DUTF-8%27%27train-00000-of-00002.parquet%3B+filename%3D%22train-00000-of-00002.parquet%22%3B&x-amz-checksum-mode=ENABLED&x-id=GetObject&Expires=1772823352&Policy=eyJTdGF0ZW1lbnQiOlt7IkNvbmRpdGlvbiI6eyJEYXRlTGVzc1RoYW4iOnsiQVdTOkVwb2NoVGltZSI6MTc3MjgyMzM1Mn19LCJSZXNvdXJjZSI6Imh0dHBzOi8vY2FzLWJyaWRnZS54ZXRodWIuaGYuY28veGV0LWJyaWRnZS11cy82MjFmZmRkMjM2NDY4ZDcwOWYxODQyODQvMzBjY2Y2NDJlNjkxYTVjZTIxNGU5MGRjMjZmNmM2Y2M4ZGVhYzdkYTQwMWUyNzNlZjZiNGRhZGMxNTkxM2IxMyoifV19&Signature=IwLroArkLV-4mWl8muxWpNdERX5u6eyWROXgA%7EpTGzZarvQznb658JA6Kgj5IlxPTy7c5K6a4P77s5FT00-LKrpv91zBRraK086BaptDZfFzLdnbSYlaLsCzpZpNYOuTbaJAQ-aInfn-E5j%7ELJqufdQMd4uBs9lzHMOXto6YuKPbBP4WLR%7EJKwcGNVpP5pCXwAgLcCzP8HoAyEGICLrr1YgFkT52mYbV%7EqiK-5wwqHS0TXkalvSwDhZ3V715P1%7E6HKf891lhybfNYullS02yFPYaI6oJHjupOzYXDt0S7yTfYH4o98sXfGLOiHHJbCT-8xUFeeQad2KGqf930F5hsg__&Key-Pair-Id=K2L8F4GPSG1IFC "HTTP/1.1 206 Partial Content"
2026-03-06 23:28:10,361  INFO  HTTP Request: GET https://huggingface.co/datasets/wikimedia/wikipedia/resolve/b04c8d1ceb2f5cd4588862100d08de323dccfbaa/20231101.hi/train-00000-of-00002.parquet "HTTP/1.1 302 Found"
2026-03-06 23:28:10,517  INFO  HTTP Request: GET https://cas-bridge.xethub.hf.co/xet-bridge-us/621ffdd236468d709f184284/30ccf642e691a5ce214e90dc26f6c6cc8deac7da401e273ef6b4dadc15913b13?X-Amz-Algorithm=AWS4-HMAC-SHA256&X-Amz-Content-Sha256=UNSIGNED-PAYLOAD&X-Amz-Credential=cas%2F20260306%2Fus-east-1%2Fs3%2Faws4_request&X-Amz-Date=20260306T175810Z&X-Amz-Expires=3600&X-Amz-Signature=aba220592acd51b6b3509b0a03ef2b5a9b2ecaeb749fb013239e1b8a83de7570&X-Amz-SignedHeaders=host&X-Xet-Cas-Uid=public&response-content-disposition=inline%3B+filename*%3DUTF-8%27%27train-00000-of-00002.parquet%3B+filename%3D%22train-00000-of-00002.parquet%22%3B&x-amz-checksum-mode=ENABLED&x-id=GetObject&Expires=1772823490&Policy=eyJTdGF0ZW1lbnQiOlt7IkNvbmRpdGlvbiI6eyJEYXRlTGVzc1RoYW4iOnsiQVdTOkVwb2NoVGltZSI6MTc3MjgyMzQ5MH19LCJSZXNvdXJjZSI6Imh0dHBzOi8vY2FzLWJyaWRnZS54ZXRodWIuaGYuY28veGV0LWJyaWRnZS11cy82MjFmZmRkMjM2NDY4ZDcwOWYxODQyODQvMzBjY2Y2NDJlNjkxYTVjZTIxNGU5MGRjMjZmNmM2Y2M4ZGVhYzdkYTQwMWUyNzNlZjZiNGRhZGMxNTkxM2IxMyoifV19&Signature=LXoY95WjLckG3qN1l1MG6ypAkZi7jlG-A%7EptTnRo46ycgu5pkv8oG7HKKqnNjiz7rBo4XxpsqqY1LL77g1f1RQ3lVIGgedTr2crn-pDwrybYRu3SBjSTANmezSj%7E75ATZm0uOrmULaBLGcWkWUwdfug3vu%7EbTHFo-wDDPO-qwtP-Lkf9LwNT30d0VEBO6YsiptP3H0qIHGxkgCbOfeIdD71Bqf1iH6OEwyMaF%7EhkM2l8s%7EMMxGohdosa8lj26h2BnwSfQoqNGvjNGnGso6DytVKHasjp1uTLZ1Z%7E%7ExLzNDj2pQq2m9PMe6WRpZF4IfUVNSxVJQHyvFexI17BgeTNOg__&Key-Pair-Id=K2L8F4GPSG1IFC "HTTP/1.1 206 Partial Content"
2026-03-06 23:29:36,296  INFO  HTTP Request: GET https://huggingface.co/datasets/wikimedia/wikipedia/resolve/b04c8d1ceb2f5cd4588862100d08de323dccfbaa/20231101.hi/train-00000-of-00002.parquet "HTTP/1.1 302 Found"
2026-03-06 23:29:36,387  INFO  HTTP Request: GET https://cas-bridge.xethub.hf.co/xet-bridge-us/621ffdd236468d709f184284/30ccf642e691a5ce214e90dc26f6c6cc8deac7da401e273ef6b4dadc15913b13?X-Amz-Algorithm=AWS4-HMAC-SHA256&X-Amz-Content-Sha256=UNSIGNED-PAYLOAD&X-Amz-Credential=cas%2F20260306%2Fus-east-1%2Fs3%2Faws4_request&X-Amz-Date=20260306T175936Z&X-Amz-Expires=3600&X-Amz-Signature=05b3fabc98e0a3302b811725ccec0dc866723c8118188e12daab70cddd4eb654&X-Amz-SignedHeaders=host&X-Xet-Cas-Uid=public&response-content-disposition=inline%3B+filename*%3DUTF-8%27%27train-00000-of-00002.parquet%3B+filename%3D%22train-00000-of-00002.parquet%22%3B&x-amz-checksum-mode=ENABLED&x-id=GetObject&Expires=1772823576&Policy=eyJTdGF0ZW1lbnQiOlt7IkNvbmRpdGlvbiI6eyJEYXRlTGVzc1RoYW4iOnsiQVdTOkVwb2NoVGltZSI6MTc3MjgyMzU3Nn19LCJSZXNvdXJjZSI6Imh0dHBzOi8vY2FzLWJyaWRnZS54ZXRodWIuaGYuY28veGV0LWJyaWRnZS11cy82MjFmZmRkMjM2NDY4ZDcwOWYxODQyODQvMzBjY2Y2NDJlNjkxYTVjZTIxNGU5MGRjMjZmNmM2Y2M4ZGVhYzdkYTQwMWUyNzNlZjZiNGRhZGMxNTkxM2IxMyoifV19&Signature=X2uvR5cHipTek65s80unvHSNVHwcFfkyY3ZaVjuoRwCDVJAc3ZCkEMz9DQA94KedwTw%7EtocTPguX3VJZTkvS0usFDyzuIXUh-6QBwN6eD98Z7yWc%7EMkLl0RcvsvtaExl5kbWUSGCos3AkEMUH%7E0C2tp1tkVoNS9GWmEdDpi4btIydQGaV2RblwAijbsZinB1PdzqagAw17Wouko08piQveZUxx9cSaycxeZ%7E6yOCgM8qGxVux3Agk%7ENv-BXXnMxjwO40lN4dLw7t2jGIUlMdm6f1GbyQoiihRigsucJ9z5eXY7oM8bTNeorGc-%7EHFqJqSdB08h-43n%7EzLeCO3tiuOQ__&Key-Pair-Id=K2L8F4GPSG1IFC "HTTP/1.1 206 Partial Content"
2026-03-06 23:31:05,593  INFO  HTTP Request: GET https://huggingface.co/datasets/wikimedia/wikipedia/resolve/b04c8d1ceb2f5cd4588862100d08de323dccfbaa/20231101.hi/train-00000-of-00002.parquet "HTTP/1.1 302 Found"
2026-03-06 23:31:05,690  INFO  HTTP Request: GET https://cas-bridge.xethub.hf.co/xet-bridge-us/621ffdd236468d709f184284/30ccf642e691a5ce214e90dc26f6c6cc8deac7da401e273ef6b4dadc15913b13?X-Amz-Algorithm=AWS4-HMAC-SHA256&X-Amz-Content-Sha256=UNSIGNED-PAYLOAD&X-Amz-Credential=cas%2F20260306%2Fus-east-1%2Fs3%2Faws4_request&X-Amz-Date=20260306T180105Z&X-Amz-Expires=3600&X-Amz-Signature=fcabf3a441143b33f9a4688f75c4698f64deaa12d1431c9d812bac64ac2c9951&X-Amz-SignedHeaders=host&X-Xet-Cas-Uid=public&response-content-disposition=inline%3B+filename*%3DUTF-8%27%27train-00000-of-00002.parquet%3B+filename%3D%22train-00000-of-00002.parquet%22%3B&x-amz-checksum-mode=ENABLED&x-id=GetObject&Expires=1772823665&Policy=eyJTdGF0ZW1lbnQiOlt7IkNvbmRpdGlvbiI6eyJEYXRlTGVzc1RoYW4iOnsiQVdTOkVwb2NoVGltZSI6MTc3MjgyMzY2NX19LCJSZXNvdXJjZSI6Imh0dHBzOi8vY2FzLWJyaWRnZS54ZXRodWIuaGYuY28veGV0LWJyaWRnZS11cy82MjFmZmRkMjM2NDY4ZDcwOWYxODQyODQvMzBjY2Y2NDJlNjkxYTVjZTIxNGU5MGRjMjZmNmM2Y2M4ZGVhYzdkYTQwMWUyNzNlZjZiNGRhZGMxNTkxM2IxMyoifV19&Signature=CpKw2XL57fpZ7M6v4peyW-5UrFPO10jPIhBmWgaeuX6LQjd3EhSGduJRSkaNsv1Ies3BmkFnlwUqr57NxLUeJuAkAsTBbjV0nP7QXPEwt-WVMcoLdzPJ-VMRazWmag3KwZg5haRY8scbdPP2Cr2LmL4lzOwOhS%7EzAJurnQ0o0Y00MHg-GYS2j6uppmMdUubwUVjR06K8Vppax%7EHjbWXkjEKzeK2oL3hxs3tQYnAjLtdoUytOy8Emr%7EADFds2fiNelY91AdbsN4RiodwbjjWviAse59ZaxvrB1xkifrKmuMLZPkPNUotIMFKC-ZxeC-zsMPCF8lX9tANAqXc7allCTA__&Key-Pair-Id=K2L8F4GPSG1IFC "HTTP/1.1 206 Partial Content"
2026-03-06 23:32:46,957  INFO    → 15001 records appended to data/raw/hindi_wikipedia.jsonl
2026-03-06 23:32:46,957  INFO  Wikipedia done: 15001 kept, 41904 skipped

2026-03-06 23:32:46,957  INFO  All sources collected. Run filter_and_dedup.py next.
2026-03-06 23:36:35,604  INFO  === AI4Bharat Sangraha (verified Hindi) ===
2026-03-06 23:36:35,604  ERROR  `trust_remote_code` is not supported anymore.
Please check that the Hugging Face dataset 'ai4bharat/sangraha' isn't based on a loading script and remove `trust_remote_code`.
If the dataset is based on a loading script, please ask the dataset author to remove it and convert it to a standard format like Parquet.
2026-03-06 23:36:36,352  INFO  HTTP Request: HEAD https://huggingface.co/datasets/ai4bharat/sangraha/resolve/main/README.md "HTTP/1.1 307 Temporary Redirect"
2026-03-06 23:36:36,353  WARNING  Warning: You are sending unauthenticated requests to the HF Hub. Please set a HF_TOKEN to enable higher rate limits and faster downloads.
2026-03-06 23:36:36,410  INFO  HTTP Request: HEAD https://huggingface.co/api/resolve-cache/datasets/ai4bharat/sangraha/8b813c3f62d37b2fa174d68c31e8b35ae2fe85e8/README.md "HTTP/1.1 200 OK"
2026-03-06 23:36:36,488  INFO  HTTP Request: GET https://huggingface.co/api/resolve-cache/datasets/ai4bharat/sangraha/8b813c3f62d37b2fa174d68c31e8b35ae2fe85e8/README.md "HTTP/1.1 200 OK"
2026-03-06 23:36:36,814  INFO  HTTP Request: HEAD https://huggingface.co/datasets/ai4bharat/sangraha/resolve/8b813c3f62d37b2fa174d68c31e8b35ae2fe85e8/sangraha.py "HTTP/1.1 404 Not Found"
2026-03-06 23:36:37,831  INFO  HTTP Request: HEAD https://s3.amazonaws.com/datasets.huggingface.co/datasets/datasets/ai4bharat/sangraha/ai4bharat/sangraha.py "HTTP/1.1 404 Not Found"
2026-03-06 23:36:38,117  INFO  HTTP Request: GET https://huggingface.co/api/datasets/ai4bharat/sangraha/revision/8b813c3f62d37b2fa174d68c31e8b35ae2fe85e8 "HTTP/1.1 200 OK"
2026-03-06 23:36:38,706  INFO  HTTP Request: HEAD https://huggingface.co/datasets/ai4bharat/sangraha/resolve/8b813c3f62d37b2fa174d68c31e8b35ae2fe85e8/.huggingface.yaml "HTTP/1.1 404 Not Found"
2026-03-06 23:36:39,527  INFO  HTTP Request: GET https://datasets-server.huggingface.co/info?dataset=ai4bharat/sangraha "HTTP/1.1 200 OK"
2026-03-06 23:36:39,838  INFO  HTTP Request: GET https://huggingface.co/api/datasets/ai4bharat/sangraha/tree/8b813c3f62d37b2fa174d68c31e8b35ae2fe85e8/verified%2Fasm?recursive=true&expand=false "HTTP/1.1 200 OK"
2026-03-06 23:36:40,285  INFO  HTTP Request: GET https://huggingface.co/api/datasets/ai4bharat/sangraha/tree/8b813c3f62d37b2fa174d68c31e8b35ae2fe85e8/verified?recursive=false&expand=false "HTTP/1.1 200 OK"
2026-03-06 23:36:40,859  INFO  HTTP Request: GET https://huggingface.co/api/datasets/ai4bharat/sangraha/tree/8b813c3f62d37b2fa174d68c31e8b35ae2fe85e8/verified%2Fben?recursive=true&expand=false "HTTP/1.1 200 OK"
2026-03-06 23:36:41,173  INFO  HTTP Request: GET https://huggingface.co/api/datasets/ai4bharat/sangraha/tree/8b813c3f62d37b2fa174d68c31e8b35ae2fe85e8/verified%2Fbrx?recursive=true&expand=false "HTTP/1.1 200 OK"
2026-03-06 23:36:41,461  INFO  HTTP Request: GET https://huggingface.co/api/datasets/ai4bharat/sangraha/tree/8b813c3f62d37b2fa174d68c31e8b35ae2fe85e8/verified%2Fdoi?recursive=true&expand=false "HTTP/1.1 200 OK"
2026-03-06 23:36:41,732  INFO  HTTP Request: GET https://huggingface.co/api/datasets/ai4bharat/sangraha/tree/8b813c3f62d37b2fa174d68c31e8b35ae2fe85e8/verified%2Feng?recursive=true&expand=false "HTTP/1.1 200 OK"
2026-03-06 23:36:42,018  INFO  HTTP Request: GET https://huggingface.co/api/datasets/ai4bharat/sangraha/tree/8b813c3f62d37b2fa174d68c31e8b35ae2fe85e8/verified%2Fgom?recursive=true&expand=false "HTTP/1.1 200 OK"
2026-03-06 23:36:42,324  INFO  HTTP Request: GET https://huggingface.co/api/datasets/ai4bharat/sangraha/tree/8b813c3f62d37b2fa174d68c31e8b35ae2fe85e8/verified%2Fguj?recursive=true&expand=false "HTTP/1.1 200 OK"
2026-03-06 23:36:42,826  INFO  HTTP Request: GET https://huggingface.co/api/datasets/ai4bharat/sangraha/tree/8b813c3f62d37b2fa174d68c31e8b35ae2fe85e8/verified%2Fhin?recursive=true&expand=false "HTTP/1.1 200 OK"
2026-03-06 23:36:43,344  INFO  HTTP Request: GET https://huggingface.co/api/datasets/ai4bharat/sangraha/tree/8b813c3f62d37b2fa174d68c31e8b35ae2fe85e8/verified%2Fkan?recursive=true&expand=false "HTTP/1.1 200 OK"
2026-03-06 23:36:44,174  INFO  HTTP Request: GET https://huggingface.co/api/datasets/ai4bharat/sangraha/tree/8b813c3f62d37b2fa174d68c31e8b35ae2fe85e8/verified%2Fkas?recursive=true&expand=false "HTTP/1.1 200 OK"
2026-03-06 23:36:45,024  INFO  HTTP Request: GET https://huggingface.co/api/datasets/ai4bharat/sangraha/tree/8b813c3f62d37b2fa174d68c31e8b35ae2fe85e8/verified%2Fmai?recursive=true&expand=false "HTTP/1.1 200 OK"
2026-03-06 23:36:45,610  INFO  HTTP Request: GET https://huggingface.co/api/datasets/ai4bharat/sangraha/tree/8b813c3f62d37b2fa174d68c31e8b35ae2fe85e8/verified%2Fmal?recursive=true&expand=false "HTTP/1.1 200 OK"
2026-03-06 23:36:46,225  INFO  HTTP Request: GET https://huggingface.co/api/datasets/ai4bharat/sangraha/tree/8b813c3f62d37b2fa174d68c31e8b35ae2fe85e8/verified%2Fmar?recursive=true&expand=false "HTTP/1.1 200 OK"
2026-03-06 23:36:46,817  INFO  HTTP Request: GET https://huggingface.co/api/datasets/ai4bharat/sangraha/tree/8b813c3f62d37b2fa174d68c31e8b35ae2fe85e8/verified%2Fmni?recursive=true&expand=false "HTTP/1.1 200 OK"
2026-03-06 23:36:47,434  INFO  HTTP Request: GET https://huggingface.co/api/datasets/ai4bharat/sangraha/tree/8b813c3f62d37b2fa174d68c31e8b35ae2fe85e8/verified%2Fnep?recursive=true&expand=false "HTTP/1.1 200 OK"
2026-03-06 23:36:48,241  INFO  HTTP Request: GET https://huggingface.co/api/datasets/ai4bharat/sangraha/tree/8b813c3f62d37b2fa174d68c31e8b35ae2fe85e8/verified%2Fori?recursive=true&expand=false "HTTP/1.1 200 OK"
2026-03-06 23:36:48,855  INFO  HTTP Request: GET https://huggingface.co/api/datasets/ai4bharat/sangraha/tree/8b813c3f62d37b2fa174d68c31e8b35ae2fe85e8/verified%2Fpan?recursive=true&expand=false "HTTP/1.1 200 OK"
2026-03-06 23:36:49,200  INFO  HTTP Request: GET https://huggingface.co/api/datasets/ai4bharat/sangraha/tree/8b813c3f62d37b2fa174d68c31e8b35ae2fe85e8/verified%2Fsan?recursive=true&expand=false "HTTP/1.1 200 OK"
2026-03-06 23:36:49,889  INFO  HTTP Request: GET https://huggingface.co/api/datasets/ai4bharat/sangraha/tree/8b813c3f62d37b2fa174d68c31e8b35ae2fe85e8/verified%2Fsat?recursive=true&expand=false "HTTP/1.1 200 OK"
2026-03-06 23:36:50,183  INFO  HTTP Request: GET https://huggingface.co/api/datasets/ai4bharat/sangraha/tree/8b813c3f62d37b2fa174d68c31e8b35ae2fe85e8/verified%2Fsnd?recursive=true&expand=false "HTTP/1.1 200 OK"
2026-03-06 23:36:50,593  INFO  HTTP Request: GET https://huggingface.co/api/datasets/ai4bharat/sangraha/tree/8b813c3f62d37b2fa174d68c31e8b35ae2fe85e8/verified%2Ftam?recursive=true&expand=false "HTTP/1.1 200 OK"
2026-03-06 23:36:51,006  INFO  HTTP Request: GET https://huggingface.co/api/datasets/ai4bharat/sangraha/tree/8b813c3f62d37b2fa174d68c31e8b35ae2fe85e8/verified%2Ftel?recursive=true&expand=false "HTTP/1.1 200 OK"
2026-03-06 23:36:51,404  INFO  HTTP Request: GET https://huggingface.co/api/datasets/ai4bharat/sangraha/tree/8b813c3f62d37b2fa174d68c31e8b35ae2fe85e8/verified%2Furd?recursive=true&expand=false "HTTP/1.1 200 OK"
2026-03-06 23:36:51,709  INFO  HTTP Request: HEAD https://huggingface.co/datasets/ai4bharat/sangraha/resolve/8b813c3f62d37b2fa174d68c31e8b35ae2fe85e8/dataset_infos.json "HTTP/1.1 404 Not Found"
2026-03-06 23:38:33,581  INFO  === AI4Bharat Sangraha (verified Hindi) ===
2026-03-06 23:38:34,168  INFO  HTTP Request: HEAD https://huggingface.co/datasets/ai4bharat/sangraha/resolve/main/README.md "HTTP/1.1 307 Temporary Redirect"
2026-03-06 23:38:34,170  WARNING  Warning: You are sending unauthenticated requests to the HF Hub. Please set a HF_TOKEN to enable higher rate limits and faster downloads.
2026-03-06 23:38:34,200  INFO  HTTP Request: HEAD https://huggingface.co/api/resolve-cache/datasets/ai4bharat/sangraha/8b813c3f62d37b2fa174d68c31e8b35ae2fe85e8/README.md "HTTP/1.1 200 OK"
2026-03-06 23:38:34,680  INFO  HTTP Request: HEAD https://huggingface.co/datasets/ai4bharat/sangraha/resolve/8b813c3f62d37b2fa174d68c31e8b35ae2fe85e8/sangraha.py "HTTP/1.1 404 Not Found"
2026-03-06 23:38:35,531  INFO  HTTP Request: HEAD https://s3.amazonaws.com/datasets.huggingface.co/datasets/datasets/ai4bharat/sangraha/ai4bharat/sangraha.py "HTTP/1.1 404 Not Found"
2026-03-06 23:38:36,062  INFO  HTTP Request: GET https://huggingface.co/api/datasets/ai4bharat/sangraha/revision/8b813c3f62d37b2fa174d68c31e8b35ae2fe85e8 "HTTP/1.1 200 OK"
2026-03-06 23:38:36,421  INFO  HTTP Request: HEAD https://huggingface.co/datasets/ai4bharat/sangraha/resolve/8b813c3f62d37b2fa174d68c31e8b35ae2fe85e8/.huggingface.yaml "HTTP/1.1 404 Not Found"
2026-03-06 23:38:36,881  INFO  HTTP Request: GET https://datasets-server.huggingface.co/info?dataset=ai4bharat/sangraha "HTTP/1.1 200 OK"
2026-03-06 23:38:37,148  INFO  HTTP Request: GET https://huggingface.co/api/datasets/ai4bharat/sangraha/tree/8b813c3f62d37b2fa174d68c31e8b35ae2fe85e8/verified%2Fasm?recursive=true&expand=false "HTTP/1.1 200 OK"
2026-03-06 23:38:37,456  INFO  HTTP Request: GET https://huggingface.co/api/datasets/ai4bharat/sangraha/tree/8b813c3f62d37b2fa174d68c31e8b35ae2fe85e8/verified?recursive=false&expand=false "HTTP/1.1 200 OK"
2026-03-06 23:38:37,851  INFO  HTTP Request: GET https://huggingface.co/api/datasets/ai4bharat/sangraha/tree/8b813c3f62d37b2fa174d68c31e8b35ae2fe85e8/verified%2Fben?recursive=true&expand=false "HTTP/1.1 200 OK"
2026-03-06 23:38:38,152  INFO  HTTP Request: GET https://huggingface.co/api/datasets/ai4bharat/sangraha/tree/8b813c3f62d37b2fa174d68c31e8b35ae2fe85e8/verified%2Fbrx?recursive=true&expand=false "HTTP/1.1 200 OK"
2026-03-06 23:38:38,572  INFO  HTTP Request: GET https://huggingface.co/api/datasets/ai4bharat/sangraha/tree/8b813c3f62d37b2fa174d68c31e8b35ae2fe85e8/verified%2Fdoi?recursive=true&expand=false "HTTP/1.1 200 OK"
2026-03-06 23:38:38,983  INFO  HTTP Request: GET https://huggingface.co/api/datasets/ai4bharat/sangraha/tree/8b813c3f62d37b2fa174d68c31e8b35ae2fe85e8/verified%2Feng?recursive=true&expand=false "HTTP/1.1 200 OK"
2026-03-06 23:38:39,290  INFO  HTTP Request: GET https://huggingface.co/api/datasets/ai4bharat/sangraha/tree/8b813c3f62d37b2fa174d68c31e8b35ae2fe85e8/verified%2Fgom?recursive=true&expand=false "HTTP/1.1 200 OK"
2026-03-06 23:38:39,700  INFO  HTTP Request: GET https://huggingface.co/api/datasets/ai4bharat/sangraha/tree/8b813c3f62d37b2fa174d68c31e8b35ae2fe85e8/verified%2Fguj?recursive=true&expand=false "HTTP/1.1 200 OK"
2026-03-06 23:38:40,006  INFO  HTTP Request: GET https://huggingface.co/api/datasets/ai4bharat/sangraha/tree/8b813c3f62d37b2fa174d68c31e8b35ae2fe85e8/verified%2Fhin?recursive=true&expand=false "HTTP/1.1 200 OK"
2026-03-06 23:38:40,417  INFO  HTTP Request: GET https://huggingface.co/api/datasets/ai4bharat/sangraha/tree/8b813c3f62d37b2fa174d68c31e8b35ae2fe85e8/verified%2Fkan?recursive=true&expand=false "HTTP/1.1 200 OK"
2026-03-06 23:38:40,944  INFO  HTTP Request: GET https://huggingface.co/api/datasets/ai4bharat/sangraha/tree/8b813c3f62d37b2fa174d68c31e8b35ae2fe85e8/verified%2Fkas?recursive=true&expand=false "HTTP/1.1 200 OK"
2026-03-06 23:38:41,236  INFO  HTTP Request: GET https://huggingface.co/api/datasets/ai4bharat/sangraha/tree/8b813c3f62d37b2fa174d68c31e8b35ae2fe85e8/verified%2Fmai?recursive=true&expand=false "HTTP/1.1 200 OK"
2026-03-06 23:38:41,511  INFO  HTTP Request: GET https://huggingface.co/api/datasets/ai4bharat/sangraha/tree/8b813c3f62d37b2fa174d68c31e8b35ae2fe85e8/verified%2Fmal?recursive=true&expand=false "HTTP/1.1 200 OK"
2026-03-06 23:38:41,857  INFO  HTTP Request: GET https://huggingface.co/api/datasets/ai4bharat/sangraha/tree/8b813c3f62d37b2fa174d68c31e8b35ae2fe85e8/verified%2Fmar?recursive=true&expand=false "HTTP/1.1 200 OK"
2026-03-06 23:38:42,259  INFO  HTTP Request: GET https://huggingface.co/api/datasets/ai4bharat/sangraha/tree/8b813c3f62d37b2fa174d68c31e8b35ae2fe85e8/verified%2Fmni?recursive=true&expand=false "HTTP/1.1 200 OK"
2026-03-06 23:38:42,670  INFO  HTTP Request: GET https://huggingface.co/api/datasets/ai4bharat/sangraha/tree/8b813c3f62d37b2fa174d68c31e8b35ae2fe85e8/verified%2Fnep?recursive=true&expand=false "HTTP/1.1 200 OK"
2026-03-06 23:38:42,978  INFO  HTTP Request: GET https://huggingface.co/api/datasets/ai4bharat/sangraha/tree/8b813c3f62d37b2fa174d68c31e8b35ae2fe85e8/verified%2Fori?recursive=true&expand=false "HTTP/1.1 200 OK"
2026-03-06 23:38:43,284  INFO  HTTP Request: GET https://huggingface.co/api/datasets/ai4bharat/sangraha/tree/8b813c3f62d37b2fa174d68c31e8b35ae2fe85e8/verified%2Fpan?recursive=true&expand=false "HTTP/1.1 200 OK"
2026-03-06 23:38:43,694  INFO  HTTP Request: GET https://huggingface.co/api/datasets/ai4bharat/sangraha/tree/8b813c3f62d37b2fa174d68c31e8b35ae2fe85e8/verified%2Fsan?recursive=true&expand=false "HTTP/1.1 200 OK"
2026-03-06 23:38:44,012  INFO  HTTP Request: GET https://huggingface.co/api/datasets/ai4bharat/sangraha/tree/8b813c3f62d37b2fa174d68c31e8b35ae2fe85e8/verified%2Fsat?recursive=true&expand=false "HTTP/1.1 200 OK"
2026-03-06 23:38:44,530  INFO  HTTP Request: GET https://huggingface.co/api/datasets/ai4bharat/sangraha/tree/8b813c3f62d37b2fa174d68c31e8b35ae2fe85e8/verified%2Fsnd?recursive=true&expand=false "HTTP/1.1 200 OK"
2026-03-06 23:38:44,822  INFO  HTTP Request: GET https://huggingface.co/api/datasets/ai4bharat/sangraha/tree/8b813c3f62d37b2fa174d68c31e8b35ae2fe85e8/verified%2Ftam?recursive=true&expand=false "HTTP/1.1 200 OK"
2026-03-06 23:38:45,129  INFO  HTTP Request: GET https://huggingface.co/api/datasets/ai4bharat/sangraha/tree/8b813c3f62d37b2fa174d68c31e8b35ae2fe85e8/verified%2Ftel?recursive=true&expand=false "HTTP/1.1 200 OK"
2026-03-06 23:38:45,554  INFO  HTTP Request: GET https://huggingface.co/api/datasets/ai4bharat/sangraha/tree/8b813c3f62d37b2fa174d68c31e8b35ae2fe85e8/verified%2Furd?recursive=true&expand=false "HTTP/1.1 200 OK"
2026-03-06 23:38:45,845  INFO  HTTP Request: HEAD https://huggingface.co/datasets/ai4bharat/sangraha/resolve/8b813c3f62d37b2fa174d68c31e8b35ae2fe85e8/dataset_infos.json "HTTP/1.1 404 Not Found"
2026-03-06 23:40:00,037  INFO  === AI4Bharat Sangraha (verified Hindi) ===
2026-03-06 23:40:00,617  INFO  HTTP Request: HEAD https://huggingface.co/datasets/ai4bharat/sangraha/resolve/main/README.md "HTTP/1.1 307 Temporary Redirect"
2026-03-06 23:40:00,726  INFO  HTTP Request: HEAD https://huggingface.co/api/resolve-cache/datasets/ai4bharat/sangraha/8b813c3f62d37b2fa174d68c31e8b35ae2fe85e8/README.md "HTTP/1.1 200 OK"
2026-03-06 23:40:01,020  INFO  HTTP Request: HEAD https://huggingface.co/datasets/ai4bharat/sangraha/resolve/8b813c3f62d37b2fa174d68c31e8b35ae2fe85e8/sangraha.py "HTTP/1.1 404 Not Found"
2026-03-06 23:40:01,021  WARNING  Warning: You are sending unauthenticated requests to the HF Hub. Please set a HF_TOKEN to enable higher rate limits and faster downloads.
2026-03-06 23:40:02,045  INFO  HTTP Request: HEAD https://s3.amazonaws.com/datasets.huggingface.co/datasets/datasets/ai4bharat/sangraha/ai4bharat/sangraha.py "HTTP/1.1 404 Not Found"
2026-03-06 23:40:02,367  INFO  HTTP Request: GET https://huggingface.co/api/datasets/ai4bharat/sangraha/revision/8b813c3f62d37b2fa174d68c31e8b35ae2fe85e8 "HTTP/1.1 200 OK"
2026-03-06 23:40:02,661  INFO  HTTP Request: HEAD https://huggingface.co/datasets/ai4bharat/sangraha/resolve/8b813c3f62d37b2fa174d68c31e8b35ae2fe85e8/.huggingface.yaml "HTTP/1.1 404 Not Found"
2026-03-06 23:40:03,301  INFO  HTTP Request: GET https://datasets-server.huggingface.co/info?dataset=ai4bharat/sangraha "HTTP/1.1 200 OK"
2026-03-06 23:40:03,704  INFO  HTTP Request: GET https://huggingface.co/api/datasets/ai4bharat/sangraha/tree/8b813c3f62d37b2fa174d68c31e8b35ae2fe85e8/verified%2Fasm?recursive=true&expand=false "HTTP/1.1 200 OK"
2026-03-06 23:40:04,196  INFO  HTTP Request: GET https://huggingface.co/api/datasets/ai4bharat/sangraha/tree/8b813c3f62d37b2fa174d68c31e8b35ae2fe85e8/verified?recursive=false&expand=false "HTTP/1.1 200 OK"
2026-03-06 23:40:04,634  INFO  HTTP Request: GET https://huggingface.co/api/datasets/ai4bharat/sangraha/tree/8b813c3f62d37b2fa174d68c31e8b35ae2fe85e8/verified%2Fben?recursive=true&expand=false "HTTP/1.1 200 OK"
2026-03-06 23:40:05,221  INFO  HTTP Request: GET https://huggingface.co/api/datasets/ai4bharat/sangraha/tree/8b813c3f62d37b2fa174d68c31e8b35ae2fe85e8/verified%2Fbrx?recursive=true&expand=false "HTTP/1.1 200 OK"
2026-03-06 23:40:05,733  INFO  HTTP Request: GET https://huggingface.co/api/datasets/ai4bharat/sangraha/tree/8b813c3f62d37b2fa174d68c31e8b35ae2fe85e8/verified%2Fdoi?recursive=true&expand=false "HTTP/1.1 200 OK"
2026-03-06 23:40:06,245  INFO  HTTP Request: GET https://huggingface.co/api/datasets/ai4bharat/sangraha/tree/8b813c3f62d37b2fa174d68c31e8b35ae2fe85e8/verified%2Feng?recursive=true&expand=false "HTTP/1.1 200 OK"
2026-03-06 23:40:06,768  INFO  HTTP Request: GET https://huggingface.co/api/datasets/ai4bharat/sangraha/tree/8b813c3f62d37b2fa174d68c31e8b35ae2fe85e8/verified%2Fgom?recursive=true&expand=false "HTTP/1.1 200 OK"
2026-03-06 23:40:07,474  INFO  HTTP Request: GET https://huggingface.co/api/datasets/ai4bharat/sangraha/tree/8b813c3f62d37b2fa174d68c31e8b35ae2fe85e8/verified%2Fguj?recursive=true&expand=false "HTTP/1.1 200 OK"
2026-03-06 23:40:07,781  INFO  HTTP Request: GET https://huggingface.co/api/datasets/ai4bharat/sangraha/tree/8b813c3f62d37b2fa174d68c31e8b35ae2fe85e8/verified%2Fhin?recursive=true&expand=false "HTTP/1.1 200 OK"
2026-03-06 23:40:08,190  INFO  HTTP Request: GET https://huggingface.co/api/datasets/ai4bharat/sangraha/tree/8b813c3f62d37b2fa174d68c31e8b35ae2fe85e8/verified%2Fkan?recursive=true&expand=false "HTTP/1.1 200 OK"
2026-03-06 23:40:08,594  INFO  HTTP Request: GET https://huggingface.co/api/datasets/ai4bharat/sangraha/tree/8b813c3f62d37b2fa174d68c31e8b35ae2fe85e8/verified%2Fkas?recursive=true&expand=false "HTTP/1.1 200 OK"
2026-03-06 23:40:08,874  INFO  HTTP Request: GET https://huggingface.co/api/datasets/ai4bharat/sangraha/tree/8b813c3f62d37b2fa174d68c31e8b35ae2fe85e8/verified%2Fmai?recursive=true&expand=false "HTTP/1.1 200 OK"
2026-03-06 23:40:09,316  INFO  HTTP Request: GET https://huggingface.co/api/datasets/ai4bharat/sangraha/tree/8b813c3f62d37b2fa174d68c31e8b35ae2fe85e8/verified%2Fmal?recursive=true&expand=false "HTTP/1.1 200 OK"
2026-03-06 23:40:09,590  INFO  HTTP Request: GET https://huggingface.co/api/datasets/ai4bharat/sangraha/tree/8b813c3f62d37b2fa174d68c31e8b35ae2fe85e8/verified%2Fmar?recursive=true&expand=false "HTTP/1.1 200 OK"
2026-03-06 23:40:09,855  INFO  HTTP Request: GET https://huggingface.co/api/datasets/ai4bharat/sangraha/tree/8b813c3f62d37b2fa174d68c31e8b35ae2fe85e8/verified%2Fmni?recursive=true&expand=false "HTTP/1.1 200 OK"
2026-03-06 23:40:10,869  INFO  HTTP Request: GET https://huggingface.co/api/datasets/ai4bharat/sangraha/tree/8b813c3f62d37b2fa174d68c31e8b35ae2fe85e8/verified%2Fnep?recursive=true&expand=false "HTTP/1.1 200 OK"
2026-03-06 23:40:11,468  INFO  HTTP Request: GET https://huggingface.co/api/datasets/ai4bharat/sangraha/tree/8b813c3f62d37b2fa174d68c31e8b35ae2fe85e8/verified%2Fori?recursive=true&expand=false "HTTP/1.1 200 OK"
2026-03-06 23:40:11,830  INFO  HTTP Request: GET https://huggingface.co/api/datasets/ai4bharat/sangraha/tree/8b813c3f62d37b2fa174d68c31e8b35ae2fe85e8/verified%2Fpan?recursive=true&expand=false "HTTP/1.1 200 OK"
2026-03-06 23:40:12,184  INFO  HTTP Request: GET https://huggingface.co/api/datasets/ai4bharat/sangraha/tree/8b813c3f62d37b2fa174d68c31e8b35ae2fe85e8/verified%2Fsan?recursive=true&expand=false "HTTP/1.1 200 OK"
2026-03-06 23:40:12,609  INFO  HTTP Request: GET https://huggingface.co/api/datasets/ai4bharat/sangraha/tree/8b813c3f62d37b2fa174d68c31e8b35ae2fe85e8/verified%2Fsat?recursive=true&expand=false "HTTP/1.1 200 OK"
2026-03-06 23:40:12,902  INFO  HTTP Request: GET https://huggingface.co/api/datasets/ai4bharat/sangraha/tree/8b813c3f62d37b2fa174d68c31e8b35ae2fe85e8/verified%2Fsnd?recursive=true&expand=false "HTTP/1.1 200 OK"
2026-03-06 23:40:13,312  INFO  HTTP Request: GET https://huggingface.co/api/datasets/ai4bharat/sangraha/tree/8b813c3f62d37b2fa174d68c31e8b35ae2fe85e8/verified%2Ftam?recursive=true&expand=false "HTTP/1.1 200 OK"
2026-03-06 23:40:13,634  INFO  HTTP Request: GET https://huggingface.co/api/datasets/ai4bharat/sangraha/tree/8b813c3f62d37b2fa174d68c31e8b35ae2fe85e8/verified%2Ftel?recursive=true&expand=false "HTTP/1.1 200 OK"
2026-03-06 23:40:13,982  INFO  HTTP Request: GET https://huggingface.co/api/datasets/ai4bharat/sangraha/tree/8b813c3f62d37b2fa174d68c31e8b35ae2fe85e8/verified%2Furd?recursive=true&expand=false "HTTP/1.1 200 OK"
2026-03-06 23:40:14,366  INFO  HTTP Request: HEAD https://huggingface.co/datasets/ai4bharat/sangraha/resolve/8b813c3f62d37b2fa174d68c31e8b35ae2fe85e8/dataset_infos.json "HTTP/1.1 404 Not Found"
2026-03-06 23:40:14,970  INFO  HTTP Request: GET https://huggingface.co/datasets/ai4bharat/sangraha/resolve/8b813c3f62d37b2fa174d68c31e8b35ae2fe85e8/verified/hin/data-0.parquet "HTTP/1.1 302 Found"
2026-03-06 23:40:15,224  INFO  HTTP Request: GET https://cas-bridge.xethub.hf.co/xet-bridge-us/65e6fa0d9ad994f8e01ec7f5/3834ec75b8d6c638cc215dc07424460e20c61e39cf1ed3defb41533f44770c75?X-Amz-Algorithm=AWS4-HMAC-SHA256&X-Amz-Content-Sha256=UNSIGNED-PAYLOAD&X-Amz-Credential=cas%2F20260306%2Fus-east-1%2Fs3%2Faws4_request&X-Amz-Date=20260306T181014Z&X-Amz-Expires=3600&X-Amz-Signature=be610182b09ec1259ad31a6fff4995217b5ea4bcb5211b5a977ad5ce0dc62ea4&X-Amz-SignedHeaders=host&X-Xet-Cas-Uid=public&response-content-disposition=inline%3B+filename*%3DUTF-8%27%27data-0.parquet%3B+filename%3D%22data-0.parquet%22%3B&x-amz-checksum-mode=ENABLED&x-id=GetObject&Expires=1772824214&Policy=eyJTdGF0ZW1lbnQiOlt7IkNvbmRpdGlvbiI6eyJEYXRlTGVzc1RoYW4iOnsiQVdTOkVwb2NoVGltZSI6MTc3MjgyNDIxNH19LCJSZXNvdXJjZSI6Imh0dHBzOi8vY2FzLWJyaWRnZS54ZXRodWIuaGYuY28veGV0LWJyaWRnZS11cy82NWU2ZmEwZDlhZDk5NGY4ZTAxZWM3ZjUvMzgzNGVjNzViOGQ2YzYzOGNjMjE1ZGMwNzQyNDQ2MGUyMGM2MWUzOWNmMWVkM2RlZmI0MTUzM2Y0NDc3MGM3NSoifV19&Signature=N6FFt0lU-nOrlDXYCCci8%7Ejn00ZiF1XTTqoHgHCu204RFRMnj2SPdPTE5iXHPop9RcX0DG6yTD7sVi7Zmr2hA-Zzhi1%7E9SmjcLT6CtaNCGdfeGVIGI0wDBE-o1fkhY0HuxdRqKn-i5PEsdRXy2Scvr-plsY%7EajO%7EIS0aTbMI6DNEKq8Z9Pr3Ealf7EMQLs%7EjY6SzFRhP-3wghwG4hln%7EHll3MUO6H4I8JhFJt8gvY6BLAUluWTxV3%7ErmXoCgeSOVxtkTEKKcm5aHnSNv5sxpg2g3kP2Tf2BmH2cZrrlnE7HiPU%7EimnSzisguz7MMDuMDvSP5RbdzTI6jkKGZxa593A__&Key-Pair-Id=K2L8F4GPSG1IFC "HTTP/1.1 206 Partial Content"
2026-03-06 23:40:15,778  INFO  HTTP Request: GET https://huggingface.co/datasets/ai4bharat/sangraha/resolve/8b813c3f62d37b2fa174d68c31e8b35ae2fe85e8/verified/hin/data-0.parquet "HTTP/1.1 302 Found"
2026-03-06 23:40:15,825  INFO  HTTP Request: GET https://cas-bridge.xethub.hf.co/xet-bridge-us/65e6fa0d9ad994f8e01ec7f5/3834ec75b8d6c638cc215dc07424460e20c61e39cf1ed3defb41533f44770c75?X-Amz-Algorithm=AWS4-HMAC-SHA256&X-Amz-Content-Sha256=UNSIGNED-PAYLOAD&X-Amz-Credential=cas%2F20260306%2Fus-east-1%2Fs3%2Faws4_request&X-Amz-Date=20260306T181015Z&X-Amz-Expires=3600&X-Amz-Signature=306d5289ed9ed77502cbcb6c59fea974a7f7f098d197fed538d1341fd6aa0709&X-Amz-SignedHeaders=host&X-Xet-Cas-Uid=public&response-content-disposition=inline%3B+filename*%3DUTF-8%27%27data-0.parquet%3B+filename%3D%22data-0.parquet%22%3B&x-amz-checksum-mode=ENABLED&x-id=GetObject&Expires=1772824215&Policy=eyJTdGF0ZW1lbnQiOlt7IkNvbmRpdGlvbiI6eyJEYXRlTGVzc1RoYW4iOnsiQVdTOkVwb2NoVGltZSI6MTc3MjgyNDIxNX19LCJSZXNvdXJjZSI6Imh0dHBzOi8vY2FzLWJyaWRnZS54ZXRodWIuaGYuY28veGV0LWJyaWRnZS11cy82NWU2ZmEwZDlhZDk5NGY4ZTAxZWM3ZjUvMzgzNGVjNzViOGQ2YzYzOGNjMjE1ZGMwNzQyNDQ2MGUyMGM2MWUzOWNmMWVkM2RlZmI0MTUzM2Y0NDc3MGM3NSoifV19&Signature=UtMQgTL1o%7EUN6wGUnwA6wlpEcZ4YTJZdQevwtBQxAs1nOv7vm85PO%7E4orGI2ttGjCSV2Ac-HD4x2dF1sstKnkpETiwH1IEleLdMsImUJlo9jIvHZsJeOlG1L9zuRXs9hIjf8NQzBjTsfX2ZT-HivZRCoY-wYBLSUfykLhZ-xpkExfwEB0zOYc%7EH1-FLRgzYLqVr2wJ5THIiqvVIESvLX6Eh6LSXWp-u%7EAKbXFHfEyhG%7EcV8K3LMuf5Uafq29OyHe3XW9CO9l%7EmLUy5fmVEuG-Xdr7W7MLLAHWc2NRlm7eW3dvJMAhkAP2VfFE49hwn-hObcYJQrPhmAND9PqDBS%7E4w__&Key-Pair-Id=K2L8F4GPSG1IFC "HTTP/1.1 206 Partial Content"
2026-03-06 23:40:21,709  INFO  HTTP Request: GET https://huggingface.co/datasets/ai4bharat/sangraha/resolve/8b813c3f62d37b2fa174d68c31e8b35ae2fe85e8/verified/hin/data-0.parquet "HTTP/1.1 302 Found"
2026-03-06 23:40:21,764  INFO  HTTP Request: GET https://cas-bridge.xethub.hf.co/xet-bridge-us/65e6fa0d9ad994f8e01ec7f5/3834ec75b8d6c638cc215dc07424460e20c61e39cf1ed3defb41533f44770c75?X-Amz-Algorithm=AWS4-HMAC-SHA256&X-Amz-Content-Sha256=UNSIGNED-PAYLOAD&X-Amz-Credential=cas%2F20260306%2Fus-east-1%2Fs3%2Faws4_request&X-Amz-Date=20260306T181021Z&X-Amz-Expires=3600&X-Amz-Signature=3524bb726d144f1041ca061c701e9c6ff56795ada7635c36ff1e810b70276367&X-Amz-SignedHeaders=host&X-Xet-Cas-Uid=public&response-content-disposition=inline%3B+filename*%3DUTF-8%27%27data-0.parquet%3B+filename%3D%22data-0.parquet%22%3B&x-amz-checksum-mode=ENABLED&x-id=GetObject&Expires=1772824221&Policy=eyJTdGF0ZW1lbnQiOlt7IkNvbmRpdGlvbiI6eyJEYXRlTGVzc1RoYW4iOnsiQVdTOkVwb2NoVGltZSI6MTc3MjgyNDIyMX19LCJSZXNvdXJjZSI6Imh0dHBzOi8vY2FzLWJyaWRnZS54ZXRodWIuaGYuY28veGV0LWJyaWRnZS11cy82NWU2ZmEwZDlhZDk5NGY4ZTAxZWM3ZjUvMzgzNGVjNzViOGQ2YzYzOGNjMjE1ZGMwNzQyNDQ2MGUyMGM2MWUzOWNmMWVkM2RlZmI0MTUzM2Y0NDc3MGM3NSoifV19&Signature=bShc3FDzYnpPIIbgDWuQ8Fw%7Eew9i2pQ1Ha%7Edm4DXp1Zhnt2GK5wzg9ihNAULJ9YMza01v3uSc2-hCoWuEaG90z6IDolwrDosKdaF86W2xDqNcUfDyErBsOdeNen5XiSoBCo7q5bA-CK1iSA4jykT25KkSc0mr7gtVUM75YghhAPMgTmR7uk5qQOklmVVIVy8ZJDQaJ2x55Rw4qpnzUdeifFbQFvKxIt5vJi5aEFpMiBH%7ELkzzXv9hNk3BsvxIbhtgr5kWINLT4VXGicGtH3mCTf05lZxzbFXFV8cqKFMxi2waMTMOv82NjiK-o3X9ikY5KVy-Kiy-CsKHL4GhdAsGA__&Key-Pair-Id=K2L8F4GPSG1IFC "HTTP/1.1 206 Partial Content"
2026-03-06 23:43:15,791  INFO    → 15000 records appended to data/raw/sangraha_hi.jsonl
2026-03-06 23:43:15,791  INFO  Sangraha done: 15000 kept, 21395 skipped

2026-03-06 23:43:15,795  INFO  All sources collected. Run filter_and_dedup.py next.
2026-03-06 23:44:32,772  INFO  === mC4 Hindi ===
2026-03-06 23:44:33,318  INFO  HTTP Request: HEAD https://huggingface.co/datasets/mc4/resolve/main/README.md "HTTP/1.1 307 Temporary Redirect"
2026-03-06 23:44:33,724  INFO  HTTP Request: HEAD https://huggingface.co/datasets/legacy-datasets/mc4/resolve/main/README.md "HTTP/1.1 307 Temporary Redirect"
2026-03-06 23:44:33,781  INFO  HTTP Request: HEAD https://huggingface.co/api/resolve-cache/datasets/legacy-datasets/mc4/581c47a3fea21f0f65f10f616396305702c5de4f/README.md "HTTP/1.1 200 OK"
2026-03-06 23:44:33,852  INFO  HTTP Request: GET https://huggingface.co/api/resolve-cache/datasets/legacy-datasets/mc4/581c47a3fea21f0f65f10f616396305702c5de4f/README.md "HTTP/1.1 200 OK"
2026-03-06 23:44:34,339  INFO  HTTP Request: HEAD https://huggingface.co/datasets/mc4/resolve/581c47a3fea21f0f65f10f616396305702c5de4f/mc4.py "HTTP/1.1 307 Temporary Redirect"
2026-03-06 23:44:34,972  INFO  HTTP Request: HEAD https://huggingface.co/datasets/legacy-datasets/mc4/resolve/581c47a3fea21f0f65f10f616396305702c5de4f/mc4.py "HTTP/1.1 307 Temporary Redirect"
2026-03-06 23:44:35,010  INFO  HTTP Request: HEAD https://huggingface.co/api/resolve-cache/datasets/legacy-datasets/mc4/581c47a3fea21f0f65f10f616396305702c5de4f/mc4.py "HTTP/1.1 200 OK"
2026-03-06 23:44:35,054  INFO  HTTP Request: GET https://huggingface.co/api/resolve-cache/datasets/legacy-datasets/mc4/581c47a3fea21f0f65f10f616396305702c5de4f/mc4.py "HTTP/1.1 200 OK"
2026-03-06 23:45:25,034  INFO  === CulturaX Hindi (replaces mC4) ===
2026-03-06 23:45:25,878  INFO  HTTP Request: HEAD https://huggingface.co/datasets/uonlp/CulturaX/resolve/main/README.md "HTTP/1.1 200 OK"
2026-03-06 23:45:25,878  WARNING  Warning: You are sending unauthenticated requests to the HF Hub. Please set a HF_TOKEN to enable higher rate limits and faster downloads.
2026-03-06 23:45:26,412  INFO  HTTP Request: GET https://huggingface.co/datasets/uonlp/CulturaX/resolve/main/README.md "HTTP/1.1 200 OK"
2026-03-06 23:45:26,786  INFO  HTTP Request: HEAD https://huggingface.co/datasets/uonlp/CulturaX/resolve/6a8734bc69fefcbb7735f4f9250f43e4cd7a442e/CulturaX.py "HTTP/1.1 401 Unauthorized"
2026-03-07 00:39:57,297  INFO  === Sangraha Unverified Hindi (web-crawled) ===
2026-03-07 00:39:57,833  INFO  HTTP Request: HEAD https://huggingface.co/datasets/ai4bharat/sangraha/resolve/main/README.md "HTTP/1.1 307 Temporary Redirect"
2026-03-07 00:39:57,902  INFO  HTTP Request: HEAD https://huggingface.co/api/resolve-cache/datasets/ai4bharat/sangraha/8b813c3f62d37b2fa174d68c31e8b35ae2fe85e8/README.md "HTTP/1.1 200 OK"
2026-03-07 00:39:58,445  INFO  HTTP Request: HEAD https://huggingface.co/datasets/ai4bharat/sangraha/resolve/8b813c3f62d37b2fa174d68c31e8b35ae2fe85e8/sangraha.py "HTTP/1.1 404 Not Found"
2026-03-07 00:39:58,445  WARNING  Warning: You are sending unauthenticated requests to the HF Hub. Please set a HF_TOKEN to enable higher rate limits and faster downloads.
2026-03-07 00:40:00,191  INFO  HTTP Request: HEAD https://s3.amazonaws.com/datasets.huggingface.co/datasets/datasets/ai4bharat/sangraha/ai4bharat/sangraha.py "HTTP/1.1 404 Not Found"
2026-03-07 00:40:00,597  INFO  HTTP Request: GET https://huggingface.co/api/datasets/ai4bharat/sangraha/revision/8b813c3f62d37b2fa174d68c31e8b35ae2fe85e8 "HTTP/1.1 200 OK"
2026-03-07 00:40:00,938  INFO  HTTP Request: HEAD https://huggingface.co/datasets/ai4bharat/sangraha/resolve/8b813c3f62d37b2fa174d68c31e8b35ae2fe85e8/.huggingface.yaml "HTTP/1.1 404 Not Found"
2026-03-07 00:40:04,792  INFO  HTTP Request: GET https://datasets-server.huggingface.co/info?dataset=ai4bharat/sangraha "HTTP/1.1 200 OK"
2026-03-07 00:40:05,173  INFO  HTTP Request: GET https://huggingface.co/api/datasets/ai4bharat/sangraha/tree/8b813c3f62d37b2fa174d68c31e8b35ae2fe85e8/verified%2Fasm?recursive=true&expand=false "HTTP/1.1 200 OK"
2026-03-07 00:40:05,510  INFO  HTTP Request: GET https://huggingface.co/api/datasets/ai4bharat/sangraha/tree/8b813c3f62d37b2fa174d68c31e8b35ae2fe85e8/verified?recursive=false&expand=false "HTTP/1.1 200 OK"
2026-03-07 00:40:05,927  INFO  HTTP Request: GET https://huggingface.co/api/datasets/ai4bharat/sangraha/tree/8b813c3f62d37b2fa174d68c31e8b35ae2fe85e8/verified%2Fben?recursive=true&expand=false "HTTP/1.1 200 OK"
2026-03-07 00:40:06,250  INFO  HTTP Request: GET https://huggingface.co/api/datasets/ai4bharat/sangraha/tree/8b813c3f62d37b2fa174d68c31e8b35ae2fe85e8/verified%2Fbrx?recursive=true&expand=false "HTTP/1.1 200 OK"
2026-03-07 00:40:06,539  INFO  HTTP Request: GET https://huggingface.co/api/datasets/ai4bharat/sangraha/tree/8b813c3f62d37b2fa174d68c31e8b35ae2fe85e8/verified%2Fdoi?recursive=true&expand=false "HTTP/1.1 200 OK"
2026-03-07 00:40:06,830  INFO  HTTP Request: GET https://huggingface.co/api/datasets/ai4bharat/sangraha/tree/8b813c3f62d37b2fa174d68c31e8b35ae2fe85e8/verified%2Feng?recursive=true&expand=false "HTTP/1.1 200 OK"
2026-03-07 00:40:07,147  INFO  HTTP Request: GET https://huggingface.co/api/datasets/ai4bharat/sangraha/tree/8b813c3f62d37b2fa174d68c31e8b35ae2fe85e8/verified%2Fgom?recursive=true&expand=false "HTTP/1.1 200 OK"
2026-03-07 00:40:07,544  INFO  HTTP Request: GET https://huggingface.co/api/datasets/ai4bharat/sangraha/tree/8b813c3f62d37b2fa174d68c31e8b35ae2fe85e8/verified%2Fguj?recursive=true&expand=false "HTTP/1.1 200 OK"
2026-03-07 00:40:07,867  INFO  HTTP Request: GET https://huggingface.co/api/datasets/ai4bharat/sangraha/tree/8b813c3f62d37b2fa174d68c31e8b35ae2fe85e8/verified%2Fhin?recursive=true&expand=false "HTTP/1.1 200 OK"
2026-03-07 00:40:08,382  INFO  HTTP Request: GET https://huggingface.co/api/datasets/ai4bharat/sangraha/tree/8b813c3f62d37b2fa174d68c31e8b35ae2fe85e8/verified%2Fkan?recursive=true&expand=false "HTTP/1.1 200 OK"
2026-03-07 00:40:08,685  INFO  HTTP Request: GET https://huggingface.co/api/datasets/ai4bharat/sangraha/tree/8b813c3f62d37b2fa174d68c31e8b35ae2fe85e8/verified%2Fkas?recursive=true&expand=false "HTTP/1.1 200 OK"
2026-03-07 00:40:09,005  INFO  HTTP Request: GET https://huggingface.co/api/datasets/ai4bharat/sangraha/tree/8b813c3f62d37b2fa174d68c31e8b35ae2fe85e8/verified%2Fmai?recursive=true&expand=false "HTTP/1.1 200 OK"
2026-03-07 00:40:09,406  INFO  HTTP Request: GET https://huggingface.co/api/datasets/ai4bharat/sangraha/tree/8b813c3f62d37b2fa174d68c31e8b35ae2fe85e8/verified%2Fmal?recursive=true&expand=false "HTTP/1.1 200 OK"
2026-03-07 00:40:10,015  INFO  HTTP Request: GET https://huggingface.co/api/datasets/ai4bharat/sangraha/tree/8b813c3f62d37b2fa174d68c31e8b35ae2fe85e8/verified%2Fmar?recursive=true&expand=false "HTTP/1.1 200 OK"
2026-03-07 00:40:10,446  INFO  HTTP Request: GET https://huggingface.co/api/datasets/ai4bharat/sangraha/tree/8b813c3f62d37b2fa174d68c31e8b35ae2fe85e8/verified%2Fmni?recursive=true&expand=false "HTTP/1.1 200 OK"
2026-03-07 00:40:10,936  INFO  HTTP Request: GET https://huggingface.co/api/datasets/ai4bharat/sangraha/tree/8b813c3f62d37b2fa174d68c31e8b35ae2fe85e8/verified%2Fnep?recursive=true&expand=false "HTTP/1.1 200 OK"
2026-03-07 00:40:11,551  INFO  HTTP Request: GET https://huggingface.co/api/datasets/ai4bharat/sangraha/tree/8b813c3f62d37b2fa174d68c31e8b35ae2fe85e8/verified%2Fori?recursive=true&expand=false "HTTP/1.1 200 OK"
2026-03-07 00:40:11,859  INFO  HTTP Request: GET https://huggingface.co/api/datasets/ai4bharat/sangraha/tree/8b813c3f62d37b2fa174d68c31e8b35ae2fe85e8/verified%2Fpan?recursive=true&expand=false "HTTP/1.1 200 OK"
2026-03-07 00:40:12,166  INFO  HTTP Request: GET https://huggingface.co/api/datasets/ai4bharat/sangraha/tree/8b813c3f62d37b2fa174d68c31e8b35ae2fe85e8/verified%2Fsan?recursive=true&expand=false "HTTP/1.1 200 OK"
2026-03-07 00:40:12,463  INFO  HTTP Request: GET https://huggingface.co/api/datasets/ai4bharat/sangraha/tree/8b813c3f62d37b2fa174d68c31e8b35ae2fe85e8/verified%2Fsat?recursive=true&expand=false "HTTP/1.1 200 OK"
2026-03-07 00:40:12,754  INFO  HTTP Request: GET https://huggingface.co/api/datasets/ai4bharat/sangraha/tree/8b813c3f62d37b2fa174d68c31e8b35ae2fe85e8/verified%2Fsnd?recursive=true&expand=false "HTTP/1.1 200 OK"
2026-03-07 00:40:13,190  INFO  HTTP Request: GET https://huggingface.co/api/datasets/ai4bharat/sangraha/tree/8b813c3f62d37b2fa174d68c31e8b35ae2fe85e8/verified%2Ftam?recursive=true&expand=false "HTTP/1.1 200 OK"
2026-03-07 00:40:13,804  INFO  HTTP Request: GET https://huggingface.co/api/datasets/ai4bharat/sangraha/tree/8b813c3f62d37b2fa174d68c31e8b35ae2fe85e8/verified%2Ftel?recursive=true&expand=false "HTTP/1.1 200 OK"
2026-03-07 00:40:14,110  INFO  HTTP Request: GET https://huggingface.co/api/datasets/ai4bharat/sangraha/tree/8b813c3f62d37b2fa174d68c31e8b35ae2fe85e8/verified%2Furd?recursive=true&expand=false "HTTP/1.1 200 OK"
2026-03-07 00:40:14,521  INFO  HTTP Request: HEAD https://huggingface.co/datasets/ai4bharat/sangraha/resolve/8b813c3f62d37b2fa174d68c31e8b35ae2fe85e8/dataset_infos.json "HTTP/1.1 404 Not Found"
2026-03-07 00:40:15,134  INFO  HTTP Request: GET https://huggingface.co/api/datasets/ai4bharat/sangraha/tree/8b813c3f62d37b2fa174d68c31e8b35ae2fe85e8/unverified%2Fasm?recursive=true&expand=false "HTTP/1.1 200 OK"
2026-03-07 00:40:15,750  INFO  HTTP Request: GET https://huggingface.co/api/datasets/ai4bharat/sangraha/tree/8b813c3f62d37b2fa174d68c31e8b35ae2fe85e8/unverified?recursive=false&expand=false "HTTP/1.1 200 OK"
2026-03-07 00:40:16,158  INFO  HTTP Request: GET https://huggingface.co/api/datasets/ai4bharat/sangraha/tree/8b813c3f62d37b2fa174d68c31e8b35ae2fe85e8/unverified%2Fben?recursive=true&expand=false "HTTP/1.1 200 OK"
2026-03-07 00:40:16,670  INFO  HTTP Request: GET https://huggingface.co/api/datasets/ai4bharat/sangraha/tree/8b813c3f62d37b2fa174d68c31e8b35ae2fe85e8/unverified%2Fguj?recursive=true&expand=false "HTTP/1.1 200 OK"
2026-03-07 00:40:17,086  INFO  HTTP Request: GET https://huggingface.co/api/datasets/ai4bharat/sangraha/tree/8b813c3f62d37b2fa174d68c31e8b35ae2fe85e8/unverified%2Fhin?recursive=true&expand=false "HTTP/1.1 200 OK"
2026-03-07 00:40:17,593  INFO  HTTP Request: GET https://huggingface.co/api/datasets/ai4bharat/sangraha/tree/8b813c3f62d37b2fa174d68c31e8b35ae2fe85e8/unverified%2Fkan?recursive=true&expand=false "HTTP/1.1 200 OK"
2026-03-07 00:40:18,105  INFO  HTTP Request: GET https://huggingface.co/api/datasets/ai4bharat/sangraha/tree/8b813c3f62d37b2fa174d68c31e8b35ae2fe85e8/unverified%2Fmal?recursive=true&expand=false "HTTP/1.1 200 OK"
2026-03-07 00:40:18,514  INFO  HTTP Request: GET https://huggingface.co/api/datasets/ai4bharat/sangraha/tree/8b813c3f62d37b2fa174d68c31e8b35ae2fe85e8/unverified%2Fmar?recursive=true&expand=false "HTTP/1.1 200 OK"
2026-03-07 00:40:18,924  INFO  HTTP Request: GET https://huggingface.co/api/datasets/ai4bharat/sangraha/tree/8b813c3f62d37b2fa174d68c31e8b35ae2fe85e8/unverified%2Fnep?recursive=true&expand=false "HTTP/1.1 200 OK"
2026-03-07 00:40:19,334  INFO  HTTP Request: GET https://huggingface.co/api/datasets/ai4bharat/sangraha/tree/8b813c3f62d37b2fa174d68c31e8b35ae2fe85e8/unverified%2Fori?recursive=true&expand=false "HTTP/1.1 200 OK"
2026-03-07 00:40:19,845  INFO  HTTP Request: GET https://huggingface.co/api/datasets/ai4bharat/sangraha/tree/8b813c3f62d37b2fa174d68c31e8b35ae2fe85e8/unverified%2Fpan?recursive=true&expand=false "HTTP/1.1 200 OK"
2026-03-07 00:40:20,870  INFO  HTTP Request: GET https://huggingface.co/api/datasets/ai4bharat/sangraha/tree/8b813c3f62d37b2fa174d68c31e8b35ae2fe85e8/unverified%2Fsan?recursive=true&expand=false "HTTP/1.1 200 OK"
2026-03-07 00:40:21,483  INFO  HTTP Request: GET https://huggingface.co/api/datasets/ai4bharat/sangraha/tree/8b813c3f62d37b2fa174d68c31e8b35ae2fe85e8/unverified%2Ftam?recursive=true&expand=false "HTTP/1.1 200 OK"
2026-03-07 00:40:21,894  INFO  HTTP Request: GET https://huggingface.co/api/datasets/ai4bharat/sangraha/tree/8b813c3f62d37b2fa174d68c31e8b35ae2fe85e8/unverified%2Ftel?recursive=true&expand=false "HTTP/1.1 200 OK"
2026-03-07 00:40:22,405  INFO  HTTP Request: GET https://huggingface.co/api/datasets/ai4bharat/sangraha/tree/8b813c3f62d37b2fa174d68c31e8b35ae2fe85e8/unverified%2Furd?recursive=true&expand=false "HTTP/1.1 200 OK"
2026-03-07 00:40:22,814  INFO  HTTP Request: GET https://huggingface.co/datasets/ai4bharat/sangraha/resolve/8b813c3f62d37b2fa174d68c31e8b35ae2fe85e8/unverified/hin/data-0.parquet "HTTP/1.1 302 Found"
2026-03-07 00:40:29,778  INFO  HTTP Request: GET https://cas-bridge.xethub.hf.co/xet-bridge-us/65e6fa0d9ad994f8e01ec7f5/ce038c106e8859bfc6b02d00ec5618dd84616adf9cdf5d4794f24802eb75b515?X-Amz-Algorithm=AWS4-HMAC-SHA256&X-Amz-Content-Sha256=UNSIGNED-PAYLOAD&X-Amz-Credential=cas%2F20260306%2Fus-east-1%2Fs3%2Faws4_request&X-Amz-Date=20260306T191022Z&X-Amz-Expires=3600&X-Amz-Signature=067bb2723d24889fb8a0d5daeeb159b586a658b260735bed0290801713af679c&X-Amz-SignedHeaders=host&X-Xet-Cas-Uid=public&response-content-disposition=inline%3B+filename*%3DUTF-8%27%27data-0.parquet%3B+filename%3D%22data-0.parquet%22%3B&x-amz-checksum-mode=ENABLED&x-id=GetObject&Expires=1772827822&Policy=eyJTdGF0ZW1lbnQiOlt7IkNvbmRpdGlvbiI6eyJEYXRlTGVzc1RoYW4iOnsiQVdTOkVwb2NoVGltZSI6MTc3MjgyNzgyMn19LCJSZXNvdXJjZSI6Imh0dHBzOi8vY2FzLWJyaWRnZS54ZXRodWIuaGYuY28veGV0LWJyaWRnZS11cy82NWU2ZmEwZDlhZDk5NGY4ZTAxZWM3ZjUvY2UwMzhjMTA2ZTg4NTliZmM2YjAyZDAwZWM1NjE4ZGQ4NDYxNmFkZjljZGY1ZDQ3OTRmMjQ4MDJlYjc1YjUxNSoifV19&Signature=F298FeVaMFa3qox0GXPjNzV%7EVKUump6J1oXEkspj4ArMxnDDM1HQfBlU84rBWE8U9-6RAoHyyPeTAxp4Ero18eRrIyqfIFYdHGS94hAWflDCOuYtvE5bjP3hZxZT8APttHK86ZndUkYEzXuUAyn-qHqSeYLI23scQgugc47jdECa00DJbKetzzBC2pzFTUuuSAm59PidKJCh2G2T2DEnWqagPFDYrDF9W%7EvjBwYB1wQCcjolNNkU-Q5lVVdkf4W48TbGF67CTHUSdRJSKUsPNGeto6CZn72pV6MUeWCaWnOVpshYPhmLx59Xl9V9paHaaKOnOX9jWbvb7flNZZqrVQ__&Key-Pair-Id=K2L8F4GPSG1IFC "HTTP/1.1 206 Partial Content"
2026-03-07 00:40:30,398  INFO  HTTP Request: GET https://huggingface.co/datasets/ai4bharat/sangraha/resolve/8b813c3f62d37b2fa174d68c31e8b35ae2fe85e8/unverified/hin/data-0.parquet "HTTP/1.1 302 Found"
2026-03-07 00:40:31,027  INFO  HTTP Request: GET https://cas-bridge.xethub.hf.co/xet-bridge-us/65e6fa0d9ad994f8e01ec7f5/ce038c106e8859bfc6b02d00ec5618dd84616adf9cdf5d4794f24802eb75b515?X-Amz-Algorithm=AWS4-HMAC-SHA256&X-Amz-Content-Sha256=UNSIGNED-PAYLOAD&X-Amz-Credential=cas%2F20260306%2Fus-east-1%2Fs3%2Faws4_request&X-Amz-Date=20260306T191029Z&X-Amz-Expires=3600&X-Amz-Signature=4c95c1917203d3a328c675f77447ebe1c61ebc76c03f9529ea6e5ec916045ff3&X-Amz-SignedHeaders=host&X-Xet-Cas-Uid=public&response-content-disposition=inline%3B+filename*%3DUTF-8%27%27data-0.parquet%3B+filename%3D%22data-0.parquet%22%3B&x-amz-checksum-mode=ENABLED&x-id=GetObject&Expires=1772827829&Policy=eyJTdGF0ZW1lbnQiOlt7IkNvbmRpdGlvbiI6eyJEYXRlTGVzc1RoYW4iOnsiQVdTOkVwb2NoVGltZSI6MTc3MjgyNzgyOX19LCJSZXNvdXJjZSI6Imh0dHBzOi8vY2FzLWJyaWRnZS54ZXRodWIuaGYuY28veGV0LWJyaWRnZS11cy82NWU2ZmEwZDlhZDk5NGY4ZTAxZWM3ZjUvY2UwMzhjMTA2ZTg4NTliZmM2YjAyZDAwZWM1NjE4ZGQ4NDYxNmFkZjljZGY1ZDQ3OTRmMjQ4MDJlYjc1YjUxNSoifV19&Signature=ITPbvLXDH5UrbQOBDDbn9R56S7SXynywmvaYN1JzKMkviA7JHY7RbuEyBcXd55Am8vCyRKspuSfIfeTe6lRlt-PtgHdkc1PJUnJzWg1ZLMIzt3lPyRN51dLMFP5M5vTrXJhf0TUwO0U05H8qNmUXbLeaMSkI5RepbeNKXhGvh4pL5lxJmet1-MEExPs8qc3ghRi%7E4Sugiy6NxM9i2xlYe88gMZv2R0NJsLMQ1-rteP53n4aGzqyjr-AZLgRvEuW%7EQTWTp2%7ED0M7FDmt7HtRmFrxz6KcyV3qMclX%7EkyWcdRng2ZwzgLvPwc7eTHPZzmwhjNqtkcu6yp3vZ-N9SD8HQw__&Key-Pair-Id=K2L8F4GPSG1IFC "HTTP/1.1 206 Partial Content"
2026-03-07 00:40:38,070  INFO  HTTP Request: GET https://huggingface.co/datasets/ai4bharat/sangraha/resolve/8b813c3f62d37b2fa174d68c31e8b35ae2fe85e8/unverified/hin/data-0.parquet "HTTP/1.1 302 Found"
2026-03-07 00:40:38,686  INFO  HTTP Request: GET https://cas-bridge.xethub.hf.co/xet-bridge-us/65e6fa0d9ad994f8e01ec7f5/ce038c106e8859bfc6b02d00ec5618dd84616adf9cdf5d4794f24802eb75b515?X-Amz-Algorithm=AWS4-HMAC-SHA256&X-Amz-Content-Sha256=UNSIGNED-PAYLOAD&X-Amz-Credential=cas%2F20260306%2Fus-east-1%2Fs3%2Faws4_request&X-Amz-Date=20260306T191037Z&X-Amz-Expires=3600&X-Amz-Signature=8d19f80c36ef5b68f15d8221a8885fdaf8cc8564b8b4c212459303960e2510e7&X-Amz-SignedHeaders=host&X-Xet-Cas-Uid=public&response-content-disposition=inline%3B+filename*%3DUTF-8%27%27data-0.parquet%3B+filename%3D%22data-0.parquet%22%3B&x-amz-checksum-mode=ENABLED&x-id=GetObject&Expires=1772827837&Policy=eyJTdGF0ZW1lbnQiOlt7IkNvbmRpdGlvbiI6eyJEYXRlTGVzc1RoYW4iOnsiQVdTOkVwb2NoVGltZSI6MTc3MjgyNzgzN319LCJSZXNvdXJjZSI6Imh0dHBzOi8vY2FzLWJyaWRnZS54ZXRodWIuaGYuY28veGV0LWJyaWRnZS11cy82NWU2ZmEwZDlhZDk5NGY4ZTAxZWM3ZjUvY2UwMzhjMTA2ZTg4NTliZmM2YjAyZDAwZWM1NjE4ZGQ4NDYxNmFkZjljZGY1ZDQ3OTRmMjQ4MDJlYjc1YjUxNSoifV19&Signature=RvypZ0cQy68uXN%7E9hMJluluC7EZORQ0J0DYhsFQiCRrIlg0bMLW-M4u1Y6ueBAXqbeOVHEHlodXsS-7LPs%7EP2rjUYbmZkQjLj9W7OrFjLGvsOovqwT4MveAMYRA8ZbHTfgI6Iys0O9cC-x-zBDwEOxgVzw0j-%7Ehp1sxWK-55cjHGIJUVL%7E2tiYzVHd7Dyddd7NJtJZHxYON58lws1qML2ciE6jKqEJbUBaAbZouYiY38TceKY-ar8hHo5D%7ECYr9b4UkoyZiCzIip82gNqgkJaPSAj0-hAydfUlt7dep5-zKV3zw2nKZ624Dh3ggpyi0hN4XtS19Qapwl5HrpamL-cw__&Key-Pair-Id=K2L8F4GPSG1IFC "HTTP/1.1 206 Partial Content"
2026-03-07 00:41:42,832  INFO    → 15000 records appended to data/raw/mc4_hi.jsonl
2026-03-07 00:41:42,832  INFO  Sangraha-unverified done: 15000 kept, 17058 skipped

2026-03-07 00:41:42,835  INFO  All sources collected. Run filter_and_dedup.py next.
2026-03-07 00:41:59,192  INFO  === Vikaspedia Hindi Health Scraper ===
2026-03-07 00:42:06,475  INFO    → 0 records appended to data/raw/vikaspedia_hi.jsonl
2026-03-07 00:42:06,475  INFO  Vikaspedia done: 0 text chunks from 8 pages

2026-03-07 00:42:06,475  INFO  All sources collected. Run filter_and_dedup.py next.
2026-03-07 00:42:23,665  INFO  === CC-100 Hindi ===
2026-03-07 00:42:24,179  INFO  HTTP Request: HEAD https://huggingface.co/datasets/cc100/resolve/main/README.md "HTTP/1.1 307 Temporary Redirect"
2026-03-07 00:42:24,476  INFO  HTTP Request: HEAD https://huggingface.co/datasets/statmt/cc100/resolve/main/README.md "HTTP/1.1 307 Temporary Redirect"
2026-03-07 00:42:24,550  INFO  HTTP Request: HEAD https://huggingface.co/api/resolve-cache/datasets/statmt/cc100/8c658c983d32eab9170d77d416252cfaa0c23e96/README.md "HTTP/1.1 200 OK"
2026-03-07 00:42:24,625  INFO  HTTP Request: GET https://huggingface.co/api/resolve-cache/datasets/statmt/cc100/8c658c983d32eab9170d77d416252cfaa0c23e96/README.md "HTTP/1.1 200 OK"
2026-03-07 00:42:24,973  INFO  HTTP Request: HEAD https://huggingface.co/datasets/cc100/resolve/8c658c983d32eab9170d77d416252cfaa0c23e96/cc100.py "HTTP/1.1 307 Temporary Redirect"
2026-03-07 00:42:25,299  INFO  HTTP Request: HEAD https://huggingface.co/datasets/statmt/cc100/resolve/8c658c983d32eab9170d77d416252cfaa0c23e96/cc100.py "HTTP/1.1 307 Temporary Redirect"
2026-03-07 00:42:25,370  INFO  HTTP Request: HEAD https://huggingface.co/api/resolve-cache/datasets/statmt/cc100/8c658c983d32eab9170d77d416252cfaa0c23e96/cc100.py "HTTP/1.1 200 OK"
2026-03-07 00:42:25,446  INFO  HTTP Request: GET https://huggingface.co/api/resolve-cache/datasets/statmt/cc100/8c658c983d32eab9170d77d416252cfaa0c23e96/cc100.py "HTTP/1.1 200 OK"
2026-03-07 00:43:34,643  INFO  === Sangraha Synthetic Hindi ===
2026-03-07 00:43:35,125  INFO  HTTP Request: HEAD https://huggingface.co/datasets/ai4bharat/sangraha/resolve/main/README.md "HTTP/1.1 307 Temporary Redirect"
2026-03-07 00:43:35,126  WARNING  Warning: You are sending unauthenticated requests to the HF Hub. Please set a HF_TOKEN to enable higher rate limits and faster downloads.
2026-03-07 00:43:35,192  INFO  HTTP Request: HEAD https://huggingface.co/api/resolve-cache/datasets/ai4bharat/sangraha/8b813c3f62d37b2fa174d68c31e8b35ae2fe85e8/README.md "HTTP/1.1 200 OK"
2026-03-07 00:43:35,547  INFO  HTTP Request: HEAD https://huggingface.co/datasets/ai4bharat/sangraha/resolve/8b813c3f62d37b2fa174d68c31e8b35ae2fe85e8/sangraha.py "HTTP/1.1 404 Not Found"
2026-03-07 00:43:36,754  INFO  HTTP Request: HEAD https://s3.amazonaws.com/datasets.huggingface.co/datasets/datasets/ai4bharat/sangraha/ai4bharat/sangraha.py "HTTP/1.1 404 Not Found"
2026-03-07 00:43:37,164  INFO  HTTP Request: GET https://huggingface.co/api/datasets/ai4bharat/sangraha/revision/8b813c3f62d37b2fa174d68c31e8b35ae2fe85e8 "HTTP/1.1 200 OK"
2026-03-07 00:43:37,472  INFO  HTTP Request: HEAD https://huggingface.co/datasets/ai4bharat/sangraha/resolve/8b813c3f62d37b2fa174d68c31e8b35ae2fe85e8/.huggingface.yaml "HTTP/1.1 404 Not Found"
2026-03-07 00:43:39,520  INFO  HTTP Request: GET https://datasets-server.huggingface.co/info?dataset=ai4bharat/sangraha "HTTP/1.1 200 OK"
2026-03-07 00:43:39,826  INFO  HTTP Request: GET https://huggingface.co/api/datasets/ai4bharat/sangraha/tree/8b813c3f62d37b2fa174d68c31e8b35ae2fe85e8/verified%2Fasm?recursive=true&expand=false "HTTP/1.1 200 OK"
2026-03-07 00:43:40,242  INFO  HTTP Request: GET https://huggingface.co/api/datasets/ai4bharat/sangraha/tree/8b813c3f62d37b2fa174d68c31e8b35ae2fe85e8/verified?recursive=false&expand=false "HTTP/1.1 200 OK"
2026-03-07 00:43:40,579  INFO  HTTP Request: GET https://huggingface.co/api/datasets/ai4bharat/sangraha/tree/8b813c3f62d37b2fa174d68c31e8b35ae2fe85e8/verified%2Fben?recursive=true&expand=false "HTTP/1.1 200 OK"
2026-03-07 00:43:40,888  INFO  HTTP Request: GET https://huggingface.co/api/datasets/ai4bharat/sangraha/tree/8b813c3f62d37b2fa174d68c31e8b35ae2fe85e8/verified%2Fbrx?recursive=true&expand=false "HTTP/1.1 200 OK"
2026-03-07 00:43:41,206  INFO  HTTP Request: GET https://huggingface.co/api/datasets/ai4bharat/sangraha/tree/8b813c3f62d37b2fa174d68c31e8b35ae2fe85e8/verified%2Fdoi?recursive=true&expand=false "HTTP/1.1 200 OK"
2026-03-07 00:43:41,523  INFO  HTTP Request: GET https://huggingface.co/api/datasets/ai4bharat/sangraha/tree/8b813c3f62d37b2fa174d68c31e8b35ae2fe85e8/verified%2Feng?recursive=true&expand=false "HTTP/1.1 200 OK"
2026-03-07 00:43:42,180  INFO  HTTP Request: GET https://huggingface.co/api/datasets/ai4bharat/sangraha/tree/8b813c3f62d37b2fa174d68c31e8b35ae2fe85e8/verified%2Fgom?recursive=true&expand=false "HTTP/1.1 200 OK"
2026-03-07 00:43:42,488  INFO  HTTP Request: GET https://huggingface.co/api/datasets/ai4bharat/sangraha/tree/8b813c3f62d37b2fa174d68c31e8b35ae2fe85e8/verified%2Fguj?recursive=true&expand=false "HTTP/1.1 200 OK"
2026-03-07 00:43:42,944  INFO  HTTP Request: GET https://huggingface.co/api/datasets/ai4bharat/sangraha/tree/8b813c3f62d37b2fa174d68c31e8b35ae2fe85e8/verified%2Fhin?recursive=true&expand=false "HTTP/1.1 200 OK"
2026-03-07 00:43:43,628  INFO  HTTP Request: GET https://huggingface.co/api/datasets/ai4bharat/sangraha/tree/8b813c3f62d37b2fa174d68c31e8b35ae2fe85e8/verified%2Fkan?recursive=true&expand=false "HTTP/1.1 200 OK"
2026-03-07 00:43:43,998  INFO  HTTP Request: GET https://huggingface.co/api/datasets/ai4bharat/sangraha/tree/8b813c3f62d37b2fa174d68c31e8b35ae2fe85e8/verified%2Fkas?recursive=true&expand=false "HTTP/1.1 200 OK"
2026-03-07 00:43:44,288  INFO  HTTP Request: GET https://huggingface.co/api/datasets/ai4bharat/sangraha/tree/8b813c3f62d37b2fa174d68c31e8b35ae2fe85e8/verified%2Fmai?recursive=true&expand=false "HTTP/1.1 200 OK"
2026-03-07 00:43:44,588  INFO  HTTP Request: GET https://huggingface.co/api/datasets/ai4bharat/sangraha/tree/8b813c3f62d37b2fa174d68c31e8b35ae2fe85e8/verified%2Fmal?recursive=true&expand=false "HTTP/1.1 200 OK"
2026-03-07 00:43:44,889  INFO  HTTP Request: GET https://huggingface.co/api/datasets/ai4bharat/sangraha/tree/8b813c3f62d37b2fa174d68c31e8b35ae2fe85e8/verified%2Fmar?recursive=true&expand=false "HTTP/1.1 200 OK"
2026-03-07 00:43:45,355  INFO  HTTP Request: GET https://huggingface.co/api/datasets/ai4bharat/sangraha/tree/8b813c3f62d37b2fa174d68c31e8b35ae2fe85e8/verified%2Fmni?recursive=true&expand=false "HTTP/1.1 200 OK"
2026-03-07 00:43:45,976  INFO  HTTP Request: GET https://huggingface.co/api/datasets/ai4bharat/sangraha/tree/8b813c3f62d37b2fa174d68c31e8b35ae2fe85e8/verified%2Fnep?recursive=true&expand=false "HTTP/1.1 200 OK"
2026-03-07 00:43:46,276  INFO  HTTP Request: GET https://huggingface.co/api/datasets/ai4bharat/sangraha/tree/8b813c3f62d37b2fa174d68c31e8b35ae2fe85e8/verified%2Fori?recursive=true&expand=false "HTTP/1.1 200 OK"
2026-03-07 00:43:46,686  INFO  HTTP Request: GET https://huggingface.co/api/datasets/ai4bharat/sangraha/tree/8b813c3f62d37b2fa174d68c31e8b35ae2fe85e8/verified%2Fpan?recursive=true&expand=false "HTTP/1.1 200 OK"
2026-03-07 00:43:47,300  INFO  HTTP Request: GET https://huggingface.co/api/datasets/ai4bharat/sangraha/tree/8b813c3f62d37b2fa174d68c31e8b35ae2fe85e8/verified%2Fsan?recursive=true&expand=false "HTTP/1.1 200 OK"
2026-03-07 00:43:47,607  INFO  HTTP Request: GET https://huggingface.co/api/datasets/ai4bharat/sangraha/tree/8b813c3f62d37b2fa174d68c31e8b35ae2fe85e8/verified%2Fsat?recursive=true&expand=false "HTTP/1.1 200 OK"
2026-03-07 00:43:48,222  INFO  HTTP Request: GET https://huggingface.co/api/datasets/ai4bharat/sangraha/tree/8b813c3f62d37b2fa174d68c31e8b35ae2fe85e8/verified%2Fsnd?recursive=true&expand=false "HTTP/1.1 200 OK"
2026-03-07 00:43:48,631  INFO  HTTP Request: GET https://huggingface.co/api/datasets/ai4bharat/sangraha/tree/8b813c3f62d37b2fa174d68c31e8b35ae2fe85e8/verified%2Ftam?recursive=true&expand=false "HTTP/1.1 200 OK"
2026-03-07 00:43:48,977  INFO  HTTP Request: GET https://huggingface.co/api/datasets/ai4bharat/sangraha/tree/8b813c3f62d37b2fa174d68c31e8b35ae2fe85e8/verified%2Ftel?recursive=true&expand=false "HTTP/1.1 200 OK"
2026-03-07 00:43:49,451  INFO  HTTP Request: GET https://huggingface.co/api/datasets/ai4bharat/sangraha/tree/8b813c3f62d37b2fa174d68c31e8b35ae2fe85e8/verified%2Furd?recursive=true&expand=false "HTTP/1.1 200 OK"
2026-03-07 00:43:49,860  INFO  HTTP Request: HEAD https://huggingface.co/datasets/ai4bharat/sangraha/resolve/8b813c3f62d37b2fa174d68c31e8b35ae2fe85e8/dataset_infos.json "HTTP/1.1 404 Not Found"
2026-03-07 00:43:50,197  INFO  HTTP Request: GET https://huggingface.co/api/datasets/ai4bharat/sangraha/tree/8b813c3f62d37b2fa174d68c31e8b35ae2fe85e8/synthetic%2Fasm_Beng?recursive=true&expand=false "HTTP/1.1 200 OK"
2026-03-07 00:43:50,577  INFO  HTTP Request: GET https://huggingface.co/api/datasets/ai4bharat/sangraha/tree/8b813c3f62d37b2fa174d68c31e8b35ae2fe85e8/synthetic?recursive=false&expand=false "HTTP/1.1 200 OK"
2026-03-07 00:43:51,310  INFO  HTTP Request: GET https://huggingface.co/api/datasets/ai4bharat/sangraha/tree/8b813c3f62d37b2fa174d68c31e8b35ae2fe85e8/synthetic%2Fasm_Latn?recursive=true&expand=false "HTTP/1.1 200 OK"
2026-03-07 00:43:51,806  INFO  HTTP Request: GET https://huggingface.co/api/datasets/ai4bharat/sangraha/tree/8b813c3f62d37b2fa174d68c31e8b35ae2fe85e8/synthetic%2Fben_Beng?recursive=true&expand=false "HTTP/1.1 200 OK"
2026-03-07 00:43:52,177  INFO  HTTP Request: GET https://huggingface.co/api/datasets/ai4bharat/sangraha/tree/8b813c3f62d37b2fa174d68c31e8b35ae2fe85e8/synthetic%2Fben_Latn?recursive=true&expand=false "HTTP/1.1 200 OK"
2026-03-07 00:43:52,528  INFO  HTTP Request: GET https://huggingface.co/api/datasets/ai4bharat/sangraha/tree/8b813c3f62d37b2fa174d68c31e8b35ae2fe85e8/synthetic%2Fguj_Gujr?recursive=true&expand=false "HTTP/1.1 200 OK"
2026-03-07 00:43:53,041  INFO  HTTP Request: GET https://huggingface.co/api/datasets/ai4bharat/sangraha/tree/8b813c3f62d37b2fa174d68c31e8b35ae2fe85e8/synthetic%2Fguj_Latn?recursive=true&expand=false "HTTP/1.1 200 OK"
2026-03-07 00:43:53,876  INFO  HTTP Request: GET https://huggingface.co/api/datasets/ai4bharat/sangraha/tree/8b813c3f62d37b2fa174d68c31e8b35ae2fe85e8/synthetic%2Fhin_Deva?recursive=true&expand=false "HTTP/1.1 200 OK"
2026-03-07 00:43:54,189  INFO  HTTP Request: GET https://huggingface.co/api/datasets/ai4bharat/sangraha/tree/8b813c3f62d37b2fa174d68c31e8b35ae2fe85e8/synthetic%2Fhin_Latn?recursive=true&expand=false "HTTP/1.1 200 OK"
2026-03-07 00:43:54,673  INFO  HTTP Request: GET https://huggingface.co/api/datasets/ai4bharat/sangraha/tree/8b813c3f62d37b2fa174d68c31e8b35ae2fe85e8/synthetic%2Fkan_Knda?recursive=true&expand=false "HTTP/1.1 200 OK"
2026-03-07 00:43:55,492  INFO  HTTP Request: GET https://huggingface.co/api/datasets/ai4bharat/sangraha/tree/8b813c3f62d37b2fa174d68c31e8b35ae2fe85e8/synthetic%2Fkan_Latn?recursive=true&expand=false "HTTP/1.1 200 OK"
2026-03-07 00:43:55,902  INFO  HTTP Request: GET https://huggingface.co/api/datasets/ai4bharat/sangraha/tree/8b813c3f62d37b2fa174d68c31e8b35ae2fe85e8/synthetic%2Fmal_Mlym?recursive=true&expand=false "HTTP/1.1 200 OK"
2026-03-07 00:43:56,414  INFO  HTTP Request: GET https://huggingface.co/api/datasets/ai4bharat/sangraha/tree/8b813c3f62d37b2fa174d68c31e8b35ae2fe85e8/synthetic%2Fmal_Latn?recursive=true&expand=false "HTTP/1.1 200 OK"
2026-03-07 00:43:57,035  INFO  HTTP Request: GET https://huggingface.co/api/datasets/ai4bharat/sangraha/tree/8b813c3f62d37b2fa174d68c31e8b35ae2fe85e8/synthetic%2Fmar_Deva?recursive=true&expand=false "HTTP/1.1 200 OK"
2026-03-07 00:43:57,540  INFO  HTTP Request: GET https://huggingface.co/api/datasets/ai4bharat/sangraha/tree/8b813c3f62d37b2fa174d68c31e8b35ae2fe85e8/synthetic%2Fmar_Latn?recursive=true&expand=false "HTTP/1.1 200 OK"
2026-03-07 00:43:58,154  INFO  HTTP Request: GET https://huggingface.co/api/datasets/ai4bharat/sangraha/tree/8b813c3f62d37b2fa174d68c31e8b35ae2fe85e8/synthetic%2Fnpi_Deva?recursive=true&expand=false "HTTP/1.1 200 OK"
2026-03-07 00:43:58,871  INFO  HTTP Request: GET https://huggingface.co/api/datasets/ai4bharat/sangraha/tree/8b813c3f62d37b2fa174d68c31e8b35ae2fe85e8/synthetic%2Fnpi_Latn?recursive=true&expand=false "HTTP/1.1 200 OK"
2026-03-07 00:43:59,502  INFO  HTTP Request: GET https://huggingface.co/api/datasets/ai4bharat/sangraha/tree/8b813c3f62d37b2fa174d68c31e8b35ae2fe85e8/synthetic%2Fory_Orya?recursive=true&expand=false "HTTP/1.1 200 OK"
2026-03-07 00:43:59,870  INFO  HTTP Request: GET https://huggingface.co/api/datasets/ai4bharat/sangraha/tree/8b813c3f62d37b2fa174d68c31e8b35ae2fe85e8/synthetic%2Fory_Latn?recursive=true&expand=false "HTTP/1.1 200 OK"
2026-03-07 00:44:00,305  INFO  HTTP Request: GET https://huggingface.co/api/datasets/ai4bharat/sangraha/tree/8b813c3f62d37b2fa174d68c31e8b35ae2fe85e8/synthetic%2Fpan_Guru?recursive=true&expand=false "HTTP/1.1 200 OK"
2026-03-07 00:44:00,829  INFO  HTTP Request: GET https://huggingface.co/api/datasets/ai4bharat/sangraha/tree/8b813c3f62d37b2fa174d68c31e8b35ae2fe85e8/synthetic%2Fpan_Latn?recursive=true&expand=false "HTTP/1.1 200 OK"
2026-03-07 00:44:01,534  INFO  HTTP Request: GET https://huggingface.co/api/datasets/ai4bharat/sangraha/tree/8b813c3f62d37b2fa174d68c31e8b35ae2fe85e8/synthetic%2Fsan_Deva?recursive=true&expand=false "HTTP/1.1 200 OK"
2026-03-07 00:44:01,942  INFO  HTTP Request: GET https://huggingface.co/api/datasets/ai4bharat/sangraha/tree/8b813c3f62d37b2fa174d68c31e8b35ae2fe85e8/synthetic%2Fsan_Latn?recursive=true&expand=false "HTTP/1.1 200 OK"
2026-03-07 00:44:02,422  INFO  HTTP Request: GET https://huggingface.co/api/datasets/ai4bharat/sangraha/tree/8b813c3f62d37b2fa174d68c31e8b35ae2fe85e8/synthetic%2Ftam_Taml?recursive=true&expand=false "HTTP/1.1 200 OK"
2026-03-07 00:44:02,780  INFO  HTTP Request: GET https://huggingface.co/api/datasets/ai4bharat/sangraha/tree/8b813c3f62d37b2fa174d68c31e8b35ae2fe85e8/synthetic%2Ftam_Latn?recursive=true&expand=false "HTTP/1.1 200 OK"
2026-03-07 00:44:03,275  INFO  HTTP Request: GET https://huggingface.co/api/datasets/ai4bharat/sangraha/tree/8b813c3f62d37b2fa174d68c31e8b35ae2fe85e8/synthetic%2Ftel_Telu?recursive=true&expand=false "HTTP/1.1 200 OK"
2026-03-07 00:44:04,094  INFO  HTTP Request: GET https://huggingface.co/api/datasets/ai4bharat/sangraha/tree/8b813c3f62d37b2fa174d68c31e8b35ae2fe85e8/synthetic%2Ftel_Latn?recursive=true&expand=false "HTTP/1.1 200 OK"
2026-03-07 00:44:04,568  INFO  HTTP Request: GET https://huggingface.co/api/datasets/ai4bharat/sangraha/tree/8b813c3f62d37b2fa174d68c31e8b35ae2fe85e8/synthetic%2Furd_Arab?recursive=true&expand=false "HTTP/1.1 200 OK"
2026-03-07 00:44:05,117  INFO  HTTP Request: GET https://huggingface.co/api/datasets/ai4bharat/sangraha/tree/8b813c3f62d37b2fa174d68c31e8b35ae2fe85e8/synthetic%2Furd_Latn?recursive=true&expand=false "HTTP/1.1 200 OK"
2026-03-07 00:44:44,882  INFO  === Sangraha Synthetic Hindi ===
2026-03-07 00:44:45,424  INFO  HTTP Request: HEAD https://huggingface.co/datasets/ai4bharat/sangraha/resolve/main/README.md "HTTP/1.1 307 Temporary Redirect"
2026-03-07 00:44:45,490  INFO  HTTP Request: HEAD https://huggingface.co/api/resolve-cache/datasets/ai4bharat/sangraha/8b813c3f62d37b2fa174d68c31e8b35ae2fe85e8/README.md "HTTP/1.1 200 OK"
2026-03-07 00:44:45,871  INFO  HTTP Request: HEAD https://huggingface.co/datasets/ai4bharat/sangraha/resolve/8b813c3f62d37b2fa174d68c31e8b35ae2fe85e8/sangraha.py "HTTP/1.1 404 Not Found"
2026-03-07 00:44:45,872  WARNING  Warning: You are sending unauthenticated requests to the HF Hub. Please set a HF_TOKEN to enable higher rate limits and faster downloads.
2026-03-07 00:44:47,101  INFO  HTTP Request: HEAD https://s3.amazonaws.com/datasets.huggingface.co/datasets/datasets/ai4bharat/sangraha/ai4bharat/sangraha.py "HTTP/1.1 404 Not Found"
2026-03-07 00:44:47,510  INFO  HTTP Request: GET https://huggingface.co/api/datasets/ai4bharat/sangraha/revision/8b813c3f62d37b2fa174d68c31e8b35ae2fe85e8 "HTTP/1.1 200 OK"
2026-03-07 00:44:48,110  INFO  HTTP Request: HEAD https://huggingface.co/datasets/ai4bharat/sangraha/resolve/8b813c3f62d37b2fa174d68c31e8b35ae2fe85e8/.huggingface.yaml "HTTP/1.1 404 Not Found"
2026-03-07 00:44:48,525  INFO  HTTP Request: GET https://datasets-server.huggingface.co/info?dataset=ai4bharat/sangraha "HTTP/1.1 200 OK"
2026-03-07 00:44:48,827  INFO  HTTP Request: GET https://huggingface.co/api/datasets/ai4bharat/sangraha/tree/8b813c3f62d37b2fa174d68c31e8b35ae2fe85e8/verified%2Fasm?recursive=true&expand=false "HTTP/1.1 200 OK"
2026-03-07 00:44:49,256  INFO  HTTP Request: GET https://huggingface.co/api/datasets/ai4bharat/sangraha/tree/8b813c3f62d37b2fa174d68c31e8b35ae2fe85e8/verified?recursive=false&expand=false "HTTP/1.1 200 OK"
2026-03-07 00:44:49,647  INFO  HTTP Request: GET https://huggingface.co/api/datasets/ai4bharat/sangraha/tree/8b813c3f62d37b2fa174d68c31e8b35ae2fe85e8/verified%2Fben?recursive=true&expand=false "HTTP/1.1 200 OK"
2026-03-07 00:44:50,070  INFO  HTTP Request: GET https://huggingface.co/api/datasets/ai4bharat/sangraha/tree/8b813c3f62d37b2fa174d68c31e8b35ae2fe85e8/verified%2Fbrx?recursive=true&expand=false "HTTP/1.1 200 OK"
2026-03-07 00:44:50,888  INFO  HTTP Request: GET https://huggingface.co/api/datasets/ai4bharat/sangraha/tree/8b813c3f62d37b2fa174d68c31e8b35ae2fe85e8/verified%2Fdoi?recursive=true&expand=false "HTTP/1.1 200 OK"
2026-03-07 00:44:51,298  INFO  HTTP Request: GET https://huggingface.co/api/datasets/ai4bharat/sangraha/tree/8b813c3f62d37b2fa174d68c31e8b35ae2fe85e8/verified%2Feng?recursive=true&expand=false "HTTP/1.1 200 OK"
2026-03-07 00:44:51,708  INFO  HTTP Request: GET https://huggingface.co/api/datasets/ai4bharat/sangraha/tree/8b813c3f62d37b2fa174d68c31e8b35ae2fe85e8/verified%2Fgom?recursive=true&expand=false "HTTP/1.1 200 OK"
2026-03-07 00:44:52,158  INFO  HTTP Request: GET https://huggingface.co/api/datasets/ai4bharat/sangraha/tree/8b813c3f62d37b2fa174d68c31e8b35ae2fe85e8/verified%2Fguj?recursive=true&expand=false "HTTP/1.1 200 OK"
2026-03-07 00:44:52,544  INFO  HTTP Request: GET https://huggingface.co/api/datasets/ai4bharat/sangraha/tree/8b813c3f62d37b2fa174d68c31e8b35ae2fe85e8/verified%2Fhin?recursive=true&expand=false "HTTP/1.1 200 OK"
2026-03-07 00:44:53,147  INFO  HTTP Request: GET https://huggingface.co/api/datasets/ai4bharat/sangraha/tree/8b813c3f62d37b2fa174d68c31e8b35ae2fe85e8/verified%2Fkan?recursive=true&expand=false "HTTP/1.1 200 OK"
2026-03-07 00:44:53,551  INFO  HTTP Request: GET https://huggingface.co/api/datasets/ai4bharat/sangraha/tree/8b813c3f62d37b2fa174d68c31e8b35ae2fe85e8/verified%2Fkas?recursive=true&expand=false "HTTP/1.1 200 OK"
2026-03-07 00:44:54,165  INFO  HTTP Request: GET https://huggingface.co/api/datasets/ai4bharat/sangraha/tree/8b813c3f62d37b2fa174d68c31e8b35ae2fe85e8/verified%2Fmai?recursive=true&expand=false "HTTP/1.1 200 OK"
2026-03-07 00:44:54,889  INFO  HTTP Request: GET https://huggingface.co/api/datasets/ai4bharat/sangraha/tree/8b813c3f62d37b2fa174d68c31e8b35ae2fe85e8/verified%2Fmal?recursive=true&expand=false "HTTP/1.1 200 OK"
2026-03-07 00:44:55,293  INFO  HTTP Request: GET https://huggingface.co/api/datasets/ai4bharat/sangraha/tree/8b813c3f62d37b2fa174d68c31e8b35ae2fe85e8/verified%2Fmar?recursive=true&expand=false "HTTP/1.1 200 OK"
2026-03-07 00:44:55,804  INFO  HTTP Request: GET https://huggingface.co/api/datasets/ai4bharat/sangraha/tree/8b813c3f62d37b2fa174d68c31e8b35ae2fe85e8/verified%2Fmni?recursive=true&expand=false "HTTP/1.1 200 OK"
2026-03-07 00:44:56,213  INFO  HTTP Request: GET https://huggingface.co/api/datasets/ai4bharat/sangraha/tree/8b813c3f62d37b2fa174d68c31e8b35ae2fe85e8/verified%2Fnep?recursive=true&expand=false "HTTP/1.1 200 OK"
2026-03-07 00:44:56,636  INFO  HTTP Request: GET https://huggingface.co/api/datasets/ai4bharat/sangraha/tree/8b813c3f62d37b2fa174d68c31e8b35ae2fe85e8/verified%2Fori?recursive=true&expand=false "HTTP/1.1 200 OK"
2026-03-07 00:44:57,033  INFO  HTTP Request: GET https://huggingface.co/api/datasets/ai4bharat/sangraha/tree/8b813c3f62d37b2fa174d68c31e8b35ae2fe85e8/verified%2Fpan?recursive=true&expand=false "HTTP/1.1 200 OK"
2026-03-07 00:44:57,649  INFO  HTTP Request: GET https://huggingface.co/api/datasets/ai4bharat/sangraha/tree/8b813c3f62d37b2fa174d68c31e8b35ae2fe85e8/verified%2Fsan?recursive=true&expand=false "HTTP/1.1 200 OK"
2026-03-07 00:44:57,941  INFO  HTTP Request: GET https://huggingface.co/api/datasets/ai4bharat/sangraha/tree/8b813c3f62d37b2fa174d68c31e8b35ae2fe85e8/verified%2Fsat?recursive=true&expand=false "HTTP/1.1 200 OK"
2026-03-07 00:44:58,238  INFO  HTTP Request: GET https://huggingface.co/api/datasets/ai4bharat/sangraha/tree/8b813c3f62d37b2fa174d68c31e8b35ae2fe85e8/verified%2Fsnd?recursive=true&expand=false "HTTP/1.1 200 OK"
2026-03-07 00:44:58,568  INFO  HTTP Request: GET https://huggingface.co/api/datasets/ai4bharat/sangraha/tree/8b813c3f62d37b2fa174d68c31e8b35ae2fe85e8/verified%2Ftam?recursive=true&expand=false "HTTP/1.1 200 OK"
2026-03-07 00:44:58,978  INFO  HTTP Request: GET https://huggingface.co/api/datasets/ai4bharat/sangraha/tree/8b813c3f62d37b2fa174d68c31e8b35ae2fe85e8/verified%2Ftel?recursive=true&expand=false "HTTP/1.1 200 OK"
2026-03-07 00:44:59,899  INFO  HTTP Request: GET https://huggingface.co/api/datasets/ai4bharat/sangraha/tree/8b813c3f62d37b2fa174d68c31e8b35ae2fe85e8/verified%2Furd?recursive=true&expand=false "HTTP/1.1 200 OK"
2026-03-07 00:45:00,211  INFO  HTTP Request: HEAD https://huggingface.co/datasets/ai4bharat/sangraha/resolve/8b813c3f62d37b2fa174d68c31e8b35ae2fe85e8/dataset_infos.json "HTTP/1.1 404 Not Found"
2026-03-07 00:45:00,616  INFO  HTTP Request: GET https://huggingface.co/api/datasets/ai4bharat/sangraha/tree/8b813c3f62d37b2fa174d68c31e8b35ae2fe85e8/synthetic%2Fasm_Beng?recursive=true&expand=false "HTTP/1.1 200 OK"
2026-03-07 00:45:01,128  INFO  HTTP Request: GET https://huggingface.co/api/datasets/ai4bharat/sangraha/tree/8b813c3f62d37b2fa174d68c31e8b35ae2fe85e8/synthetic?recursive=false&expand=false "HTTP/1.1 200 OK"
2026-03-07 00:45:01,640  INFO  HTTP Request: GET https://huggingface.co/api/datasets/ai4bharat/sangraha/tree/8b813c3f62d37b2fa174d68c31e8b35ae2fe85e8/synthetic%2Fasm_Latn?recursive=true&expand=false "HTTP/1.1 200 OK"
2026-03-07 00:45:02,050  INFO  HTTP Request: GET https://huggingface.co/api/datasets/ai4bharat/sangraha/tree/8b813c3f62d37b2fa174d68c31e8b35ae2fe85e8/synthetic%2Fben_Beng?recursive=true&expand=false "HTTP/1.1 200 OK"
2026-03-07 00:45:02,453  INFO  HTTP Request: GET https://huggingface.co/api/datasets/ai4bharat/sangraha/tree/8b813c3f62d37b2fa174d68c31e8b35ae2fe85e8/synthetic%2Fben_Latn?recursive=true&expand=false "HTTP/1.1 200 OK"
2026-03-07 00:45:03,176  INFO  HTTP Request: GET https://huggingface.co/api/datasets/ai4bharat/sangraha/tree/8b813c3f62d37b2fa174d68c31e8b35ae2fe85e8/synthetic%2Fguj_Gujr?recursive=true&expand=false "HTTP/1.1 200 OK"
2026-03-07 00:45:04,098  INFO  HTTP Request: GET https://huggingface.co/api/datasets/ai4bharat/sangraha/tree/8b813c3f62d37b2fa174d68c31e8b35ae2fe85e8/synthetic%2Fguj_Latn?recursive=true&expand=false "HTTP/1.1 200 OK"
2026-03-07 00:45:04,506  INFO  HTTP Request: GET https://huggingface.co/api/datasets/ai4bharat/sangraha/tree/8b813c3f62d37b2fa174d68c31e8b35ae2fe85e8/synthetic%2Fhin_Deva?recursive=true&expand=false "HTTP/1.1 200 OK"
2026-03-07 00:45:04,814  INFO  HTTP Request: GET https://huggingface.co/api/datasets/ai4bharat/sangraha/tree/8b813c3f62d37b2fa174d68c31e8b35ae2fe85e8/synthetic%2Fhin_Latn?recursive=true&expand=false "HTTP/1.1 200 OK"
2026-03-07 00:45:05,435  INFO  HTTP Request: GET https://huggingface.co/api/datasets/ai4bharat/sangraha/tree/8b813c3f62d37b2fa174d68c31e8b35ae2fe85e8/synthetic%2Fkan_Knda?recursive=true&expand=false "HTTP/1.1 200 OK"
2026-03-07 00:45:05,761  INFO  HTTP Request: GET https://huggingface.co/api/datasets/ai4bharat/sangraha/tree/8b813c3f62d37b2fa174d68c31e8b35ae2fe85e8/synthetic%2Fkan_Latn?recursive=true&expand=false "HTTP/1.1 200 OK"
2026-03-07 00:45:06,146  INFO  HTTP Request: GET https://huggingface.co/api/datasets/ai4bharat/sangraha/tree/8b813c3f62d37b2fa174d68c31e8b35ae2fe85e8/synthetic%2Fmal_Mlym?recursive=true&expand=false "HTTP/1.1 200 OK"
2026-03-07 00:45:06,555  INFO  HTTP Request: GET https://huggingface.co/api/datasets/ai4bharat/sangraha/tree/8b813c3f62d37b2fa174d68c31e8b35ae2fe85e8/synthetic%2Fmal_Latn?recursive=true&expand=false "HTTP/1.1 200 OK"
2026-03-07 00:45:06,965  INFO  HTTP Request: GET https://huggingface.co/api/datasets/ai4bharat/sangraha/tree/8b813c3f62d37b2fa174d68c31e8b35ae2fe85e8/synthetic%2Fmar_Deva?recursive=true&expand=false "HTTP/1.1 200 OK"
2026-03-07 00:45:07,276  INFO  HTTP Request: GET https://huggingface.co/api/datasets/ai4bharat/sangraha/tree/8b813c3f62d37b2fa174d68c31e8b35ae2fe85e8/synthetic%2Fmar_Latn?recursive=true&expand=false "HTTP/1.1 200 OK"
2026-03-07 00:45:07,886  INFO  HTTP Request: GET https://huggingface.co/api/datasets/ai4bharat/sangraha/tree/8b813c3f62d37b2fa174d68c31e8b35ae2fe85e8/synthetic%2Fnpi_Deva?recursive=true&expand=false "HTTP/1.1 200 OK"
2026-03-07 00:45:08,296  INFO  HTTP Request: GET https://huggingface.co/api/datasets/ai4bharat/sangraha/tree/8b813c3f62d37b2fa174d68c31e8b35ae2fe85e8/synthetic%2Fnpi_Latn?recursive=true&expand=false "HTTP/1.1 200 OK"
2026-03-07 00:45:08,809  INFO  HTTP Request: GET https://huggingface.co/api/datasets/ai4bharat/sangraha/tree/8b813c3f62d37b2fa174d68c31e8b35ae2fe85e8/synthetic%2Fory_Orya?recursive=true&expand=false "HTTP/1.1 200 OK"
2026-03-07 00:45:09,321  INFO  HTTP Request: GET https://huggingface.co/api/datasets/ai4bharat/sangraha/tree/8b813c3f62d37b2fa174d68c31e8b35ae2fe85e8/synthetic%2Fory_Latn?recursive=true&expand=false "HTTP/1.1 200 OK"
2026-03-07 00:45:09,832  INFO  HTTP Request: GET https://huggingface.co/api/datasets/ai4bharat/sangraha/tree/8b813c3f62d37b2fa174d68c31e8b35ae2fe85e8/synthetic%2Fpan_Guru?recursive=true&expand=false "HTTP/1.1 200 OK"
2026-03-07 00:45:10,651  INFO  HTTP Request: GET https://huggingface.co/api/datasets/ai4bharat/sangraha/tree/8b813c3f62d37b2fa174d68c31e8b35ae2fe85e8/synthetic%2Fpan_Latn?recursive=true&expand=false "HTTP/1.1 200 OK"
2026-03-07 00:45:11,062  INFO  HTTP Request: GET https://huggingface.co/api/datasets/ai4bharat/sangraha/tree/8b813c3f62d37b2fa174d68c31e8b35ae2fe85e8/synthetic%2Fsan_Deva?recursive=true&expand=false "HTTP/1.1 200 OK"
2026-03-07 00:45:11,687  INFO  HTTP Request: GET https://huggingface.co/api/datasets/ai4bharat/sangraha/tree/8b813c3f62d37b2fa174d68c31e8b35ae2fe85e8/synthetic%2Fsan_Latn?recursive=true&expand=false "HTTP/1.1 200 OK"
2026-03-07 00:45:12,356  INFO  HTTP Request: GET https://huggingface.co/api/datasets/ai4bharat/sangraha/tree/8b813c3f62d37b2fa174d68c31e8b35ae2fe85e8/synthetic%2Ftam_Taml?recursive=true&expand=false "HTTP/1.1 200 OK"
2026-03-07 00:45:12,684  INFO  HTTP Request: GET https://huggingface.co/api/datasets/ai4bharat/sangraha/tree/8b813c3f62d37b2fa174d68c31e8b35ae2fe85e8/synthetic%2Ftam_Latn?recursive=true&expand=false "HTTP/1.1 200 OK"
2026-03-07 00:45:13,108  INFO  HTTP Request: GET https://huggingface.co/api/datasets/ai4bharat/sangraha/tree/8b813c3f62d37b2fa174d68c31e8b35ae2fe85e8/synthetic%2Ftel_Telu?recursive=true&expand=false "HTTP/1.1 200 OK"
2026-03-07 00:45:13,723  INFO  HTTP Request: GET https://huggingface.co/api/datasets/ai4bharat/sangraha/tree/8b813c3f62d37b2fa174d68c31e8b35ae2fe85e8/synthetic%2Ftel_Latn?recursive=true&expand=false "HTTP/1.1 200 OK"
2026-03-07 00:45:14,015  INFO  HTTP Request: GET https://huggingface.co/api/datasets/ai4bharat/sangraha/tree/8b813c3f62d37b2fa174d68c31e8b35ae2fe85e8/synthetic%2Furd_Arab?recursive=true&expand=false "HTTP/1.1 200 OK"
2026-03-07 00:45:14,319  INFO  HTTP Request: GET https://huggingface.co/api/datasets/ai4bharat/sangraha/tree/8b813c3f62d37b2fa174d68c31e8b35ae2fe85e8/synthetic%2Furd_Latn?recursive=true&expand=false "HTTP/1.1 200 OK"
2026-03-07 00:45:14,688  INFO  HTTP Request: GET https://huggingface.co/datasets/ai4bharat/sangraha/resolve/8b813c3f62d37b2fa174d68c31e8b35ae2fe85e8/synthetic/hin_Deva/wiki_hin_Deva_0000_of_0063.parquet "HTTP/1.1 302 Found"
2026-03-07 00:45:14,984  INFO  HTTP Request: GET https://cas-bridge.xethub.hf.co/xet-bridge-us/65e6fa0d9ad994f8e01ec7f5/9b875e8b8dc311b3b6eb4b33d1169d5db0bc67314b5cdc5d1028a703dc4627f3?X-Amz-Algorithm=AWS4-HMAC-SHA256&X-Amz-Content-Sha256=UNSIGNED-PAYLOAD&X-Amz-Credential=cas%2F20260306%2Fus-east-1%2Fs3%2Faws4_request&X-Amz-Date=20260306T191514Z&X-Amz-Expires=3600&X-Amz-Signature=0009296cc74cdeb22da5ef3ac24511912cc7944ec2caca65ab6ff71fecffcad3&X-Amz-SignedHeaders=host&X-Xet-Cas-Uid=public&response-content-disposition=inline%3B+filename*%3DUTF-8%27%27wiki_hin_Deva_0000_of_0063.parquet%3B+filename%3D%22wiki_hin_Deva_0000_of_0063.parquet%22%3B&x-amz-checksum-mode=ENABLED&x-id=GetObject&Expires=1772828114&Policy=eyJTdGF0ZW1lbnQiOlt7IkNvbmRpdGlvbiI6eyJEYXRlTGVzc1RoYW4iOnsiQVdTOkVwb2NoVGltZSI6MTc3MjgyODExNH19LCJSZXNvdXJjZSI6Imh0dHBzOi8vY2FzLWJyaWRnZS54ZXRodWIuaGYuY28veGV0LWJyaWRnZS11cy82NWU2ZmEwZDlhZDk5NGY4ZTAxZWM3ZjUvOWI4NzVlOGI4ZGMzMTFiM2I2ZWI0YjMzZDExNjlkNWRiMGJjNjczMTRiNWNkYzVkMTAyOGE3MDNkYzQ2MjdmMyoifV19&Signature=f7ezCAFUtf64g40Ary69qOMOUSXQMvSgThF1ABfpYOFQhShmFgYL1CMyDE-455zJ8VqDbGoUi%7EQ7iu0Tt1bf9Ci6Pb68h9w8G5Iu%7E6ADn5kLEJQL4c9Pf-Y-wsjf18w1MW9xTtqdwxQPwGlhLYihf45csZ7v6cTwHtSqkXX4ho%7Ed77lzDcEUtcjbynj3egfi0mQWVh9DS%7EuFIadTWqDQj8X9MseRtV9PSWae5A808zaCudR-14KmSzLJEPDRTEhwYTK-9%7ECkZfWztZrvXcT3dr3hHdImFCMUzjNo4PTE1OmP3G8R7zjCRO6uovThNnbVH5-q825YODccFxaDHLONTQ__&Key-Pair-Id=K2L8F4GPSG1IFC "HTTP/1.1 206 Partial Content"
2026-03-07 00:45:15,416  INFO  HTTP Request: GET https://huggingface.co/datasets/ai4bharat/sangraha/resolve/8b813c3f62d37b2fa174d68c31e8b35ae2fe85e8/synthetic/hin_Deva/wiki_hin_Deva_0000_of_0063.parquet "HTTP/1.1 302 Found"
2026-03-07 00:45:15,493  INFO  HTTP Request: GET https://cas-bridge.xethub.hf.co/xet-bridge-us/65e6fa0d9ad994f8e01ec7f5/9b875e8b8dc311b3b6eb4b33d1169d5db0bc67314b5cdc5d1028a703dc4627f3?X-Amz-Algorithm=AWS4-HMAC-SHA256&X-Amz-Content-Sha256=UNSIGNED-PAYLOAD&X-Amz-Credential=cas%2F20260306%2Fus-east-1%2Fs3%2Faws4_request&X-Amz-Date=20260306T191514Z&X-Amz-Expires=3600&X-Amz-Signature=0009296cc74cdeb22da5ef3ac24511912cc7944ec2caca65ab6ff71fecffcad3&X-Amz-SignedHeaders=host&X-Xet-Cas-Uid=public&response-content-disposition=inline%3B+filename*%3DUTF-8%27%27wiki_hin_Deva_0000_of_0063.parquet%3B+filename%3D%22wiki_hin_Deva_0000_of_0063.parquet%22%3B&x-amz-checksum-mode=ENABLED&x-id=GetObject&Expires=1772828114&Policy=eyJTdGF0ZW1lbnQiOlt7IkNvbmRpdGlvbiI6eyJEYXRlTGVzc1RoYW4iOnsiQVdTOkVwb2NoVGltZSI6MTc3MjgyODExNH19LCJSZXNvdXJjZSI6Imh0dHBzOi8vY2FzLWJyaWRnZS54ZXRodWIuaGYuY28veGV0LWJyaWRnZS11cy82NWU2ZmEwZDlhZDk5NGY4ZTAxZWM3ZjUvOWI4NzVlOGI4ZGMzMTFiM2I2ZWI0YjMzZDExNjlkNWRiMGJjNjczMTRiNWNkYzVkMTAyOGE3MDNkYzQ2MjdmMyoifV19&Signature=f7ezCAFUtf64g40Ary69qOMOUSXQMvSgThF1ABfpYOFQhShmFgYL1CMyDE-455zJ8VqDbGoUi%7EQ7iu0Tt1bf9Ci6Pb68h9w8G5Iu%7E6ADn5kLEJQL4c9Pf-Y-wsjf18w1MW9xTtqdwxQPwGlhLYihf45csZ7v6cTwHtSqkXX4ho%7Ed77lzDcEUtcjbynj3egfi0mQWVh9DS%7EuFIadTWqDQj8X9MseRtV9PSWae5A808zaCudR-14KmSzLJEPDRTEhwYTK-9%7ECkZfWztZrvXcT3dr3hHdImFCMUzjNo4PTE1OmP3G8R7zjCRO6uovThNnbVH5-q825YODccFxaDHLONTQ__&Key-Pair-Id=K2L8F4GPSG1IFC "HTTP/1.1 206 Partial Content"
2026-03-07 00:45:16,078  INFO  HTTP Request: GET https://huggingface.co/datasets/ai4bharat/sangraha/resolve/8b813c3f62d37b2fa174d68c31e8b35ae2fe85e8/synthetic/hin_Deva/wiki_hin_Deva_0000_of_0063.parquet "HTTP/1.1 302 Found"
2026-03-07 00:45:16,175  INFO  HTTP Request: GET https://cas-bridge.xethub.hf.co/xet-bridge-us/65e6fa0d9ad994f8e01ec7f5/9b875e8b8dc311b3b6eb4b33d1169d5db0bc67314b5cdc5d1028a703dc4627f3?X-Amz-Algorithm=AWS4-HMAC-SHA256&X-Amz-Content-Sha256=UNSIGNED-PAYLOAD&X-Amz-Credential=cas%2F20260306%2Fus-east-1%2Fs3%2Faws4_request&X-Amz-Date=20260306T191515Z&X-Amz-Expires=3600&X-Amz-Signature=7bc482d392cc378af89fdc314de64114873ce29c0b44d4e332948532db88fbfd&X-Amz-SignedHeaders=host&X-Xet-Cas-Uid=public&response-content-disposition=inline%3B+filename*%3DUTF-8%27%27wiki_hin_Deva_0000_of_0063.parquet%3B+filename%3D%22wiki_hin_Deva_0000_of_0063.parquet%22%3B&x-amz-checksum-mode=ENABLED&x-id=GetObject&Expires=1772828115&Policy=eyJTdGF0ZW1lbnQiOlt7IkNvbmRpdGlvbiI6eyJEYXRlTGVzc1RoYW4iOnsiQVdTOkVwb2NoVGltZSI6MTc3MjgyODExNX19LCJSZXNvdXJjZSI6Imh0dHBzOi8vY2FzLWJyaWRnZS54ZXRodWIuaGYuY28veGV0LWJyaWRnZS11cy82NWU2ZmEwZDlhZDk5NGY4ZTAxZWM3ZjUvOWI4NzVlOGI4ZGMzMTFiM2I2ZWI0YjMzZDExNjlkNWRiMGJjNjczMTRiNWNkYzVkMTAyOGE3MDNkYzQ2MjdmMyoifV19&Signature=HWyqniqGjO7a3kwDfwYz%7E7KSXN-iLkbrIpQT8kc9I4R3Z2-6VB6NJwJ9Xz64qxoc0ePeROZMpgVbLQ3yFMbfcZXrtszNAkt8WtZjJQYlGQ1BSe2WZsana6wv7vqNJMc0UzJzN5ixQ9WYirYeoDLHhBCp-iuyRVwQA%7E5o5S4%7El6toWNbAA9EUzjblJyYGAFv%7EKxWElDEXjNB0-S4t7PAhu5IjMFvT6a7DpZ57llLGwD8Vzw9-8XleVKtuQjSMO33cxzzrrdZuZwyMyTbBarPvI7NxdIUbpsBOMKTo5LqZtPFo2BjsgtTGehul8EpdYRFV5e1mHqtYBWWmhYQx2e0vxg__&Key-Pair-Id=K2L8F4GPSG1IFC "HTTP/1.1 206 Partial Content"
2026-03-07 00:45:21,117  INFO  HTTP Request: GET https://huggingface.co/datasets/ai4bharat/sangraha/resolve/8b813c3f62d37b2fa174d68c31e8b35ae2fe85e8/synthetic/hin_Deva/wiki_hin_Deva_0000_of_0063.parquet "HTTP/1.1 302 Found"
2026-03-07 00:45:21,360  INFO  HTTP Request: GET https://cas-bridge.xethub.hf.co/xet-bridge-us/65e6fa0d9ad994f8e01ec7f5/9b875e8b8dc311b3b6eb4b33d1169d5db0bc67314b5cdc5d1028a703dc4627f3?X-Amz-Algorithm=AWS4-HMAC-SHA256&X-Amz-Content-Sha256=UNSIGNED-PAYLOAD&X-Amz-Credential=cas%2F20260306%2Fus-east-1%2Fs3%2Faws4_request&X-Amz-Date=20260306T191520Z&X-Amz-Expires=3600&X-Amz-Signature=c1f936769c13b9bafa86ca2acc80cda3e6fa40fc9c776920cee90d874f6020bd&X-Amz-SignedHeaders=host&X-Xet-Cas-Uid=public&response-content-disposition=inline%3B+filename*%3DUTF-8%27%27wiki_hin_Deva_0000_of_0063.parquet%3B+filename%3D%22wiki_hin_Deva_0000_of_0063.parquet%22%3B&x-amz-checksum-mode=ENABLED&x-id=GetObject&Expires=1772828120&Policy=eyJTdGF0ZW1lbnQiOlt7IkNvbmRpdGlvbiI6eyJEYXRlTGVzc1RoYW4iOnsiQVdTOkVwb2NoVGltZSI6MTc3MjgyODEyMH19LCJSZXNvdXJjZSI6Imh0dHBzOi8vY2FzLWJyaWRnZS54ZXRodWIuaGYuY28veGV0LWJyaWRnZS11cy82NWU2ZmEwZDlhZDk5NGY4ZTAxZWM3ZjUvOWI4NzVlOGI4ZGMzMTFiM2I2ZWI0YjMzZDExNjlkNWRiMGJjNjczMTRiNWNkYzVkMTAyOGE3MDNkYzQ2MjdmMyoifV19&Signature=h9Ph0Icp18SJ0sKP7HaKwlLfR8-h6UtWJ1kbSe1vdy035aneurLZkmwpqIjjlHrteBb9NRH%7E%7EHoR38W%7EWMUxGv44J83xKqcZg6eckOOoIBdoC8-MG0HfbLs6Zj0ukT42X8NBKBrODMvnSWdqtG1zukEZ29WELpvUk-GJkb2PFMEFfrytaFFsYjNGVblQtLZoPIeoPV84NkU23Sb9xoQhU99SOh3hIf1AFnV9C071WNZGhV90ocOfokv0YXdXNlp7bpwM46vWGkyqJaviWVm8t%7EbazW6Lit1B8ToFPnK50hlJBpGO8eYFK5LYLQpSTSbZeMs8YnjUGggiBFHj53bpHQ__&Key-Pair-Id=K2L8F4GPSG1IFC "HTTP/1.1 206 Partial Content"
2026-03-07 00:45:27,058  INFO  HTTP Request: GET https://huggingface.co/datasets/ai4bharat/sangraha/resolve/8b813c3f62d37b2fa174d68c31e8b35ae2fe85e8/synthetic/hin_Deva/wiki_hin_Deva_0000_of_0063.parquet "HTTP/1.1 302 Found"
2026-03-07 00:45:27,213  INFO  HTTP Request: GET https://cas-bridge.xethub.hf.co/xet-bridge-us/65e6fa0d9ad994f8e01ec7f5/9b875e8b8dc311b3b6eb4b33d1169d5db0bc67314b5cdc5d1028a703dc4627f3?X-Amz-Algorithm=AWS4-HMAC-SHA256&X-Amz-Content-Sha256=UNSIGNED-PAYLOAD&X-Amz-Credential=cas%2F20260306%2Fus-east-1%2Fs3%2Faws4_request&X-Amz-Date=20260306T191526Z&X-Amz-Expires=3600&X-Amz-Signature=3275f7ad02eadac47bf489ae278eb9d3c4e8909a0398b1d22c0eff3007de9e71&X-Amz-SignedHeaders=host&X-Xet-Cas-Uid=public&response-content-disposition=inline%3B+filename*%3DUTF-8%27%27wiki_hin_Deva_0000_of_0063.parquet%3B+filename%3D%22wiki_hin_Deva_0000_of_0063.parquet%22%3B&x-amz-checksum-mode=ENABLED&x-id=GetObject&Expires=1772828126&Policy=eyJTdGF0ZW1lbnQiOlt7IkNvbmRpdGlvbiI6eyJEYXRlTGVzc1RoYW4iOnsiQVdTOkVwb2NoVGltZSI6MTc3MjgyODEyNn19LCJSZXNvdXJjZSI6Imh0dHBzOi8vY2FzLWJyaWRnZS54ZXRodWIuaGYuY28veGV0LWJyaWRnZS11cy82NWU2ZmEwZDlhZDk5NGY4ZTAxZWM3ZjUvOWI4NzVlOGI4ZGMzMTFiM2I2ZWI0YjMzZDExNjlkNWRiMGJjNjczMTRiNWNkYzVkMTAyOGE3MDNkYzQ2MjdmMyoifV19&Signature=LKzRryhe3PxLIpd4Xa0V%7EryQ6WwWcLnQDG-fbWnCa-i9jp4rDeBF33vpLlcxlDf4lB6ZLZpMUiVMs9qqWCKPmwIqCKeAheaTm2wCZLugO5nPlCOSqVPc%7EwGGdd50b616morV3rtcOIB1joqDXnJ2%7ElJ8vq8jjsHqxyBqUVzaugFQ-VuXl91ejbm8u-73RaakfSgyTodfhZm6sEYZAFjNd8JevAI2Vi2knlS-9xl301tIWRGAQoyUCm5K6R4-OGCnp0-zENXfmBVj3PLulGvidmYxFX8YCC36Ll0igsVUPw5adYbFPxiP8LTLYSfKjISNMkGj0QRjhZC%7En8fR6zA7qg__&Key-Pair-Id=K2L8F4GPSG1IFC "HTTP/1.1 206 Partial Content"
2026-03-07 00:45:32,794  INFO  HTTP Request: GET https://huggingface.co/datasets/ai4bharat/sangraha/resolve/8b813c3f62d37b2fa174d68c31e8b35ae2fe85e8/synthetic/hin_Deva/wiki_hin_Deva_0000_of_0063.parquet "HTTP/1.1 302 Found"
2026-03-07 00:45:33,089  INFO  HTTP Request: GET https://cas-bridge.xethub.hf.co/xet-bridge-us/65e6fa0d9ad994f8e01ec7f5/9b875e8b8dc311b3b6eb4b33d1169d5db0bc67314b5cdc5d1028a703dc4627f3?X-Amz-Algorithm=AWS4-HMAC-SHA256&X-Amz-Content-Sha256=UNSIGNED-PAYLOAD&X-Amz-Credential=cas%2F20260306%2Fus-east-1%2Fs3%2Faws4_request&X-Amz-Date=20260306T191532Z&X-Amz-Expires=3600&X-Amz-Signature=a0634a2975785c3fcaa31cd58f05e2bb4f69c26b5f5dde51797e972122ecd30f&X-Amz-SignedHeaders=host&X-Xet-Cas-Uid=public&response-content-disposition=inline%3B+filename*%3DUTF-8%27%27wiki_hin_Deva_0000_of_0063.parquet%3B+filename%3D%22wiki_hin_Deva_0000_of_0063.parquet%22%3B&x-amz-checksum-mode=ENABLED&x-id=GetObject&Expires=1772828132&Policy=eyJTdGF0ZW1lbnQiOlt7IkNvbmRpdGlvbiI6eyJEYXRlTGVzc1RoYW4iOnsiQVdTOkVwb2NoVGltZSI6MTc3MjgyODEzMn19LCJSZXNvdXJjZSI6Imh0dHBzOi8vY2FzLWJyaWRnZS54ZXRodWIuaGYuY28veGV0LWJyaWRnZS11cy82NWU2ZmEwZDlhZDk5NGY4ZTAxZWM3ZjUvOWI4NzVlOGI4ZGMzMTFiM2I2ZWI0YjMzZDExNjlkNWRiMGJjNjczMTRiNWNkYzVkMTAyOGE3MDNkYzQ2MjdmMyoifV19&Signature=l62FLPXpMhXQwNJWZ4KE3hxRbKC8i38WmNNwo83pOUWk0ZOQWTScb15syvdqjnKdASJaVOrXo0yvmczxZOrooeeI1UTmKPd9zhYr7Jrgk3qDN24SLQka1zXVjsHAk8RYjqEOcIud8uoPWjg3rD4Xr6mldsg86T2QWOZkU2IIpv4O9UQDrAU8lco07YgjDm7L7Z8ya0DqW2Y4Fu7cn8Ab4bVn0WamwKLu47J4vxBmJr9gQgvBpX1AiTusuoKKi82n75VAz2khouJfKqxvSZDf8LSE%7EOy4sX8jSA9wfWBFzvz6DToxawBjedh-mvxn1F64FtF%7EvgoucF2u9Ih0HSwPPA__&Key-Pair-Id=K2L8F4GPSG1IFC "HTTP/1.1 206 Partial Content"
2026-03-07 00:45:38,615  INFO  HTTP Request: GET https://huggingface.co/datasets/ai4bharat/sangraha/resolve/8b813c3f62d37b2fa174d68c31e8b35ae2fe85e8/synthetic/hin_Deva/wiki_hin_Deva_0000_of_0063.parquet "HTTP/1.1 302 Found"
2026-03-07 00:45:39,128  INFO  HTTP Request: GET https://cas-bridge.xethub.hf.co/xet-bridge-us/65e6fa0d9ad994f8e01ec7f5/9b875e8b8dc311b3b6eb4b33d1169d5db0bc67314b5cdc5d1028a703dc4627f3?X-Amz-Algorithm=AWS4-HMAC-SHA256&X-Amz-Content-Sha256=UNSIGNED-PAYLOAD&X-Amz-Credential=cas%2F20260306%2Fus-east-1%2Fs3%2Faws4_request&X-Amz-Date=20260306T191514Z&X-Amz-Expires=3600&X-Amz-Signature=0009296cc74cdeb22da5ef3ac24511912cc7944ec2caca65ab6ff71fecffcad3&X-Amz-SignedHeaders=host&X-Xet-Cas-Uid=public&response-content-disposition=inline%3B+filename*%3DUTF-8%27%27wiki_hin_Deva_0000_of_0063.parquet%3B+filename%3D%22wiki_hin_Deva_0000_of_0063.parquet%22%3B&x-amz-checksum-mode=ENABLED&x-id=GetObject&Expires=1772828114&Policy=eyJTdGF0ZW1lbnQiOlt7IkNvbmRpdGlvbiI6eyJEYXRlTGVzc1RoYW4iOnsiQVdTOkVwb2NoVGltZSI6MTc3MjgyODExNH19LCJSZXNvdXJjZSI6Imh0dHBzOi8vY2FzLWJyaWRnZS54ZXRodWIuaGYuY28veGV0LWJyaWRnZS11cy82NWU2ZmEwZDlhZDk5NGY4ZTAxZWM3ZjUvOWI4NzVlOGI4ZGMzMTFiM2I2ZWI0YjMzZDExNjlkNWRiMGJjNjczMTRiNWNkYzVkMTAyOGE3MDNkYzQ2MjdmMyoifV19&Signature=f7ezCAFUtf64g40Ary69qOMOUSXQMvSgThF1ABfpYOFQhShmFgYL1CMyDE-455zJ8VqDbGoUi%7EQ7iu0Tt1bf9Ci6Pb68h9w8G5Iu%7E6ADn5kLEJQL4c9Pf-Y-wsjf18w1MW9xTtqdwxQPwGlhLYihf45csZ7v6cTwHtSqkXX4ho%7Ed77lzDcEUtcjbynj3egfi0mQWVh9DS%7EuFIadTWqDQj8X9MseRtV9PSWae5A808zaCudR-14KmSzLJEPDRTEhwYTK-9%7ECkZfWztZrvXcT3dr3hHdImFCMUzjNo4PTE1OmP3G8R7zjCRO6uovThNnbVH5-q825YODccFxaDHLONTQ__&Key-Pair-Id=K2L8F4GPSG1IFC "HTTP/1.1 206 Partial Content"
2026-03-07 00:45:44,432  INFO    → 15000 records appended to data/raw/cc100_hi.jsonl
2026-03-07 00:45:44,432  INFO  Sangraha-synthetic done: 15000 kept, 20234 skipped

2026-03-07 00:45:44,435  INFO  All sources collected. Run filter_and_dedup.py next.
2026-03-07 00:48:53,879  INFO  === Varta Hindi News Corpus (replaces Vikaspedia) ===
2026-03-07 00:48:54,534  INFO  HTTP Request: HEAD https://huggingface.co/datasets/rahular/varta/resolve/main/README.md "HTTP/1.1 307 Temporary Redirect"
2026-03-07 00:48:54,913  INFO  HTTP Request: HEAD https://huggingface.co/api/resolve-cache/datasets/rahular/varta/7151493e445ff102ccc720f515ae5a6c7f72fb46/README.md "HTTP/1.1 200 OK"
2026-03-07 00:48:55,414  INFO  HTTP Request: GET https://huggingface.co/api/resolve-cache/datasets/rahular/varta/7151493e445ff102ccc720f515ae5a6c7f72fb46/README.md "HTTP/1.1 200 OK"
2026-03-07 00:48:55,715  INFO  HTTP Request: HEAD https://huggingface.co/datasets/rahular/varta/resolve/7151493e445ff102ccc720f515ae5a6c7f72fb46/varta.py "HTTP/1.1 404 Not Found"
2026-03-07 00:48:55,716  WARNING  Warning: You are sending unauthenticated requests to the HF Hub. Please set a HF_TOKEN to enable higher rate limits and faster downloads.
2026-03-07 00:48:56,888  INFO  HTTP Request: HEAD https://s3.amazonaws.com/datasets.huggingface.co/datasets/datasets/rahular/varta/rahular/varta.py "HTTP/1.1 404 Not Found"
2026-03-07 00:48:57,191  INFO  HTTP Request: GET https://huggingface.co/api/datasets/rahular/varta/revision/7151493e445ff102ccc720f515ae5a6c7f72fb46 "HTTP/1.1 200 OK"
2026-03-07 00:48:57,484  INFO  HTTP Request: HEAD https://huggingface.co/datasets/rahular/varta/resolve/7151493e445ff102ccc720f515ae5a6c7f72fb46/.huggingface.yaml "HTTP/1.1 404 Not Found"
2026-03-07 00:49:01,714  INFO  HTTP Request: GET https://datasets-server.huggingface.co/info?dataset=rahular/varta "HTTP/1.1 200 OK"
2026-03-07 00:49:02,287  INFO  HTTP Request: GET https://huggingface.co/api/datasets/rahular/varta/tree/7151493e445ff102ccc720f515ae5a6c7f72fb46/data?recursive=true&expand=false "HTTP/1.1 404 Not Found"
2026-03-07 00:49:02,998  INFO  HTTP Request: GET https://huggingface.co/api/datasets/rahular/varta/tree/7151493e445ff102ccc720f515ae5a6c7f72fb46?recursive=false&expand=false "HTTP/1.1 200 OK"
2026-03-07 00:49:03,318  INFO  HTTP Request: GET https://huggingface.co/api/datasets/rahular/varta/tree/7151493e445ff102ccc720f515ae5a6c7f72fb46?recursive=true&expand=false "HTTP/1.1 200 OK"
2026-03-07 00:49:03,912  INFO  HTTP Request: HEAD https://huggingface.co/datasets/rahular/varta/resolve/7151493e445ff102ccc720f515ae5a6c7f72fb46/dataset_infos.json "HTTP/1.1 404 Not Found"
2026-03-07 00:49:04,829  INFO  HTTP Request: GET https://huggingface.co/datasets/rahular/varta/resolve/7151493e445ff102ccc720f515ae5a6c7f72fb46/train/train_as_shard_01.json "HTTP/1.1 302 Found"
2026-03-07 00:49:05,857  INFO  HTTP Request: GET https://cas-bridge.xethub.hf.co/xet-bridge-us/6531fa1ca6b8a20222174564/df21bbb03fbb09861f7719899a8f4cb9cda5ed9a0dd474f7ac4dad99314a2282?X-Amz-Algorithm=AWS4-HMAC-SHA256&X-Amz-Content-Sha256=UNSIGNED-PAYLOAD&X-Amz-Credential=cas%2F20260306%2Fus-east-1%2Fs3%2Faws4_request&X-Amz-Date=20260306T191904Z&X-Amz-Expires=3600&X-Amz-Signature=3537a8bc900b8c5f91e3893745b8e412b0fc6508e5ffb625858c58920d92a711&X-Amz-SignedHeaders=host&X-Xet-Cas-Uid=public&response-content-disposition=inline%3B+filename*%3DUTF-8%27%27train_as_shard_01.json%3B+filename%3D%22train_as_shard_01.json%22%3B&response-content-type=application%2Fjson&x-amz-checksum-mode=ENABLED&x-id=GetObject&Expires=1772828344&Policy=eyJTdGF0ZW1lbnQiOlt7IkNvbmRpdGlvbiI6eyJEYXRlTGVzc1RoYW4iOnsiQVdTOkVwb2NoVGltZSI6MTc3MjgyODM0NH19LCJSZXNvdXJjZSI6Imh0dHBzOi8vY2FzLWJyaWRnZS54ZXRodWIuaGYuY28veGV0LWJyaWRnZS11cy82NTMxZmExY2E2YjhhMjAyMjIxNzQ1NjQvZGYyMWJiYjAzZmJiMDk4NjFmNzcxOTg5OWE4ZjRjYjljZGE1ZWQ5YTBkZDQ3NGY3YWM0ZGFkOTkzMTRhMjI4MioifV19&Signature=PQzPse1SnFm6PqcR7PpZbREInPo0XoRwrJ6SYsDhxCJvxBzU-03kR%7Eh6uF3wrI9T4QhnvkrfALFXU3JN16tsPlhZgHGUBgWbgWxN4bF6Qqz5SG4g9LvP728ntJo-a1jYvHmvlHD470RlpAnI4wee%7EyWdBMoLBMVvF4wSUPerW%7Eby65kfl4O0utoy4K-ohzvtAV5mYXMuwwnP924ZKEu8O5mLrpoPnAeNIQPLx29svhinpMS0%7E3xQTSGuTmCwreXqsiXojtK6H5OmS67a8jb-Q-yylwxkLiDWW9l0f1mifmNS93%7EyyfB4m6DLLmIrQDxcFTJK5uVsoVQtK6NBQiV4Lg__&Key-Pair-Id=K2L8F4GPSG1IFC "HTTP/1.1 206 Partial Content"
2026-03-07 00:49:13,511  INFO  HTTP Request: GET https://huggingface.co/datasets/rahular/varta/resolve/7151493e445ff102ccc720f515ae5a6c7f72fb46/train/train_as_shard_01.json "HTTP/1.1 302 Found"
2026-03-07 00:49:13,949  INFO  HTTP Request: GET https://cas-bridge.xethub.hf.co/xet-bridge-us/6531fa1ca6b8a20222174564/df21bbb03fbb09861f7719899a8f4cb9cda5ed9a0dd474f7ac4dad99314a2282?X-Amz-Algorithm=AWS4-HMAC-SHA256&X-Amz-Content-Sha256=UNSIGNED-PAYLOAD&X-Amz-Credential=cas%2F20260306%2Fus-east-1%2Fs3%2Faws4_request&X-Amz-Date=20260306T191913Z&X-Amz-Expires=3600&X-Amz-Signature=2f0b5651d9ff133986715af4e02314c4643ae17f036a19c584404ca76ce95277&X-Amz-SignedHeaders=host&X-Xet-Cas-Uid=public&response-content-disposition=inline%3B+filename*%3DUTF-8%27%27train_as_shard_01.json%3B+filename%3D%22train_as_shard_01.json%22%3B&response-content-type=application%2Fjson&x-amz-checksum-mode=ENABLED&x-id=GetObject&Expires=1772828353&Policy=eyJTdGF0ZW1lbnQiOlt7IkNvbmRpdGlvbiI6eyJEYXRlTGVzc1RoYW4iOnsiQVdTOkVwb2NoVGltZSI6MTc3MjgyODM1M319LCJSZXNvdXJjZSI6Imh0dHBzOi8vY2FzLWJyaWRnZS54ZXRodWIuaGYuY28veGV0LWJyaWRnZS11cy82NTMxZmExY2E2YjhhMjAyMjIxNzQ1NjQvZGYyMWJiYjAzZmJiMDk4NjFmNzcxOTg5OWE4ZjRjYjljZGE1ZWQ5YTBkZDQ3NGY3YWM0ZGFkOTkzMTRhMjI4MioifV19&Signature=OKGmp5WT5-5xz1zstQzYir7osESZWPx2PnA%7EzHnns7gt0aJF6YiI7eq6R-PP20ElEvgn%7ETSsU8VyQaqlU64ZEi1-Ym5NSyG8IlP7LRi7XH5EVdqceUq1m2TG2puoKnZbIN3e86VagYMN1POoXMh53mqAmLhjaM5lV9RIoE-yIbohjoo9ih2S3RT4xLrTcqV7-BoNXdRqt319dgjsD1zln8GdQJHZI225nJvLuHbjVguyjT4VrA%7E9sPGygTEFSfwyxXPwFWNvfpQgX7eVnvgARjWaQ4%7EzSi-cQWpIznwk1C5IaPJ6XlDNjCYJUQUI2jawCoXOaOgX6WUPeZ3AUzSEwA__&Key-Pair-Id=K2L8F4GPSG1IFC "HTTP/1.1 206 Partial Content"
2026-03-07 00:49:17,078  INFO  HTTP Request: GET https://huggingface.co/datasets/rahular/varta/resolve/7151493e445ff102ccc720f515ae5a6c7f72fb46/train/train_as_shard_01.json "HTTP/1.1 302 Found"
2026-03-07 00:49:17,692  INFO  HTTP Request: GET https://cas-bridge.xethub.hf.co/xet-bridge-us/6531fa1ca6b8a20222174564/df21bbb03fbb09861f7719899a8f4cb9cda5ed9a0dd474f7ac4dad99314a2282?X-Amz-Algorithm=AWS4-HMAC-SHA256&X-Amz-Content-Sha256=UNSIGNED-PAYLOAD&X-Amz-Credential=cas%2F20260306%2Fus-east-1%2Fs3%2Faws4_request&X-Amz-Date=20260306T191916Z&X-Amz-Expires=3600&X-Amz-Signature=46d678cd4e4028a422d4d641b39100823ec96bc7f316bae50f2f1f3f43556e85&X-Amz-SignedHeaders=host&X-Xet-Cas-Uid=public&response-content-disposition=inline%3B+filename*%3DUTF-8%27%27train_as_shard_01.json%3B+filename%3D%22train_as_shard_01.json%22%3B&response-content-type=application%2Fjson&x-amz-checksum-mode=ENABLED&x-id=GetObject&Expires=1772828356&Policy=eyJTdGF0ZW1lbnQiOlt7IkNvbmRpdGlvbiI6eyJEYXRlTGVzc1RoYW4iOnsiQVdTOkVwb2NoVGltZSI6MTc3MjgyODM1Nn19LCJSZXNvdXJjZSI6Imh0dHBzOi8vY2FzLWJyaWRnZS54ZXRodWIuaGYuY28veGV0LWJyaWRnZS11cy82NTMxZmExY2E2YjhhMjAyMjIxNzQ1NjQvZGYyMWJiYjAzZmJiMDk4NjFmNzcxOTg5OWE4ZjRjYjljZGE1ZWQ5YTBkZDQ3NGY3YWM0ZGFkOTkzMTRhMjI4MioifV19&Signature=lUpheikwxWenlGbZCiRb3SIi5HVwEqvk1vgy3bGE2rgw%7EROmUK7sV0xZ19KZdJ3dRlTT7GuMZA5iP5HevIbjImikFTzfTMTtZAgcsnmQfiw2nKYptaTtyhTwEn%7ECj3Bzvx43MeQ%7E%7EHzlTuUN55Z%7E5EnfCwx-LkjfR8JHV5g29BL7aau4CiY4IunoWJh3qzqnBsuPuElKuYnzQqawxgpdbcpBDKLsEGlg6czUl-h262kzO6p4GJ8pB%7E8ACmsA5-bKBNKJGdHOkJdgpdbfxtMZPVha5lIVyIqbn4zHnEnWLEBCHOsmIxTpvmR4-atMG--VM75HK0VQQZjxWATWkZ1sGg__&Key-Pair-Id=K2L8F4GPSG1IFC "HTTP/1.1 206 Partial Content"
2026-03-07 00:49:21,109  INFO  HTTP Request: GET https://huggingface.co/datasets/rahular/varta/resolve/7151493e445ff102ccc720f515ae5a6c7f72fb46/train/train_as_shard_01.json "HTTP/1.1 302 Found"
2026-03-07 00:49:21,665  INFO  HTTP Request: GET https://cas-bridge.xethub.hf.co/xet-bridge-us/6531fa1ca6b8a20222174564/df21bbb03fbb09861f7719899a8f4cb9cda5ed9a0dd474f7ac4dad99314a2282?X-Amz-Algorithm=AWS4-HMAC-SHA256&X-Amz-Content-Sha256=UNSIGNED-PAYLOAD&X-Amz-Credential=cas%2F20260306%2Fus-east-1%2Fs3%2Faws4_request&X-Amz-Date=20260306T191920Z&X-Amz-Expires=3600&X-Amz-Signature=eb466c389c60423246ebe9fc9ce52fb06c1b2a616db7292cddff1e6d7c2bb171&X-Amz-SignedHeaders=host&X-Xet-Cas-Uid=public&response-content-disposition=inline%3B+filename*%3DUTF-8%27%27train_as_shard_01.json%3B+filename%3D%22train_as_shard_01.json%22%3B&response-content-type=application%2Fjson&x-amz-checksum-mode=ENABLED&x-id=GetObject&Expires=1772828360&Policy=eyJTdGF0ZW1lbnQiOlt7IkNvbmRpdGlvbiI6eyJEYXRlTGVzc1RoYW4iOnsiQVdTOkVwb2NoVGltZSI6MTc3MjgyODM2MH19LCJSZXNvdXJjZSI6Imh0dHBzOi8vY2FzLWJyaWRnZS54ZXRodWIuaGYuY28veGV0LWJyaWRnZS11cy82NTMxZmExY2E2YjhhMjAyMjIxNzQ1NjQvZGYyMWJiYjAzZmJiMDk4NjFmNzcxOTg5OWE4ZjRjYjljZGE1ZWQ5YTBkZDQ3NGY3YWM0ZGFkOTkzMTRhMjI4MioifV19&Signature=MoIcI22Mwz4tQTn%7EcZoGbfKTtKHZM3yayrh18T3J91RF1iJFsPpLjPKlExoQW9T05knG-XqQWx%7ECUR%7E3ymiRztsSFCXKTsk1vrDOG5xDCn5qgHEzhKlQCA0ZZ20NxaTntJg7zqGaOmBRBtq75o5BZIzTMl4k6Khludwp5cVrVojaY102KztBWBAY6%7ER5wYT56bRTFdX2qoOSAqy63EWXmGsz%7EHaTMWeDC5KsPUdDzj6tjmtYX3mNM5V53Mm6jzaEfSgArAPSV01%7Eda01HuH5JkjFHLda2yuVrUvv1XWCLR%7E6sgx6VfkP-ShGYH9E6qIVn%7Eo96ARf9NIGooKyO%7EaYRg__&Key-Pair-Id=K2L8F4GPSG1IFC "HTTP/1.1 206 Partial Content"
2026-03-07 00:49:25,271  INFO  HTTP Request: GET https://huggingface.co/datasets/rahular/varta/resolve/7151493e445ff102ccc720f515ae5a6c7f72fb46/train/train_as_shard_01.json "HTTP/1.1 302 Found"
2026-03-07 00:49:25,681  INFO  HTTP Request: GET https://cas-bridge.xethub.hf.co/xet-bridge-us/6531fa1ca6b8a20222174564/df21bbb03fbb09861f7719899a8f4cb9cda5ed9a0dd474f7ac4dad99314a2282?X-Amz-Algorithm=AWS4-HMAC-SHA256&X-Amz-Content-Sha256=UNSIGNED-PAYLOAD&X-Amz-Credential=cas%2F20260306%2Fus-east-1%2Fs3%2Faws4_request&X-Amz-Date=20260306T191920Z&X-Amz-Expires=3600&X-Amz-Signature=eb466c389c60423246ebe9fc9ce52fb06c1b2a616db7292cddff1e6d7c2bb171&X-Amz-SignedHeaders=host&X-Xet-Cas-Uid=public&response-content-disposition=inline%3B+filename*%3DUTF-8%27%27train_as_shard_01.json%3B+filename%3D%22train_as_shard_01.json%22%3B&response-content-type=application%2Fjson&x-amz-checksum-mode=ENABLED&x-id=GetObject&Expires=1772828360&Policy=eyJTdGF0ZW1lbnQiOlt7IkNvbmRpdGlvbiI6eyJEYXRlTGVzc1RoYW4iOnsiQVdTOkVwb2NoVGltZSI6MTc3MjgyODM2MH19LCJSZXNvdXJjZSI6Imh0dHBzOi8vY2FzLWJyaWRnZS54ZXRodWIuaGYuY28veGV0LWJyaWRnZS11cy82NTMxZmExY2E2YjhhMjAyMjIxNzQ1NjQvZGYyMWJiYjAzZmJiMDk4NjFmNzcxOTg5OWE4ZjRjYjljZGE1ZWQ5YTBkZDQ3NGY3YWM0ZGFkOTkzMTRhMjI4MioifV19&Signature=MoIcI22Mwz4tQTn%7EcZoGbfKTtKHZM3yayrh18T3J91RF1iJFsPpLjPKlExoQW9T05knG-XqQWx%7ECUR%7E3ymiRztsSFCXKTsk1vrDOG5xDCn5qgHEzhKlQCA0ZZ20NxaTntJg7zqGaOmBRBtq75o5BZIzTMl4k6Khludwp5cVrVojaY102KztBWBAY6%7ER5wYT56bRTFdX2qoOSAqy63EWXmGsz%7EHaTMWeDC5KsPUdDzj6tjmtYX3mNM5V53Mm6jzaEfSgArAPSV01%7Eda01HuH5JkjFHLda2yuVrUvv1XWCLR%7E6sgx6VfkP-ShGYH9E6qIVn%7Eo96ARf9NIGooKyO%7EaYRg__&Key-Pair-Id=K2L8F4GPSG1IFC "HTTP/1.1 206 Partial Content"
2026-03-07 00:49:28,732  INFO  HTTP Request: GET https://huggingface.co/datasets/rahular/varta/resolve/7151493e445ff102ccc720f515ae5a6c7f72fb46/train/train_as_shard_01.json "HTTP/1.1 302 Found"
2026-03-07 00:49:29,371  INFO  HTTP Request: GET https://cas-bridge.xethub.hf.co/xet-bridge-us/6531fa1ca6b8a20222174564/df21bbb03fbb09861f7719899a8f4cb9cda5ed9a0dd474f7ac4dad99314a2282?X-Amz-Algorithm=AWS4-HMAC-SHA256&X-Amz-Content-Sha256=UNSIGNED-PAYLOAD&X-Amz-Credential=cas%2F20260306%2Fus-east-1%2Fs3%2Faws4_request&X-Amz-Date=20260306T191928Z&X-Amz-Expires=3600&X-Amz-Signature=98d3eeaa5fb1631a79d4df5da14385565e642dee45a2d5fea6ef902893c8c6ee&X-Amz-SignedHeaders=host&X-Xet-Cas-Uid=public&response-content-disposition=inline%3B+filename*%3DUTF-8%27%27train_as_shard_01.json%3B+filename%3D%22train_as_shard_01.json%22%3B&response-content-type=application%2Fjson&x-amz-checksum-mode=ENABLED&x-id=GetObject&Expires=1772828368&Policy=eyJTdGF0ZW1lbnQiOlt7IkNvbmRpdGlvbiI6eyJEYXRlTGVzc1RoYW4iOnsiQVdTOkVwb2NoVGltZSI6MTc3MjgyODM2OH19LCJSZXNvdXJjZSI6Imh0dHBzOi8vY2FzLWJyaWRnZS54ZXRodWIuaGYuY28veGV0LWJyaWRnZS11cy82NTMxZmExY2E2YjhhMjAyMjIxNzQ1NjQvZGYyMWJiYjAzZmJiMDk4NjFmNzcxOTg5OWE4ZjRjYjljZGE1ZWQ5YTBkZDQ3NGY3YWM0ZGFkOTkzMTRhMjI4MioifV19&Signature=AnB%7E0dtBrRTKStXSCNdff1h3bXp4lO4ZT9qIR97TVGFaKVFqyiKuVsrrx5E300NVyvh1HPO6apIF6WWsgjTA1zEsNAhHPCeqxwYzVzlsJc2CCaFw1f3fTP68enZ5VKQIuI9c2wrRU5zJuKLn5BX0af92f3OU5k46ad%7EhoThY5ZpzLgqhiLPCNSglx0WziGtv2-nxIU-zB3pGMhp-NeX0etUD9vy0KL0FY9jllL-gXQR8C-ibtVJJOoV9OxofWNWyHuYH0pWXm1qKuhgdjXBvYYvZGVFUWxkF-XPq9jb3jRcbhhY3tctu4lZfxa81BpZ241de3mX-sl4Esxd7W22dtw__&Key-Pair-Id=K2L8F4GPSG1IFC "HTTP/1.1 206 Partial Content"
2026-03-07 00:49:32,241  INFO  HTTP Request: GET https://huggingface.co/datasets/rahular/varta/resolve/7151493e445ff102ccc720f515ae5a6c7f72fb46/train/train_as_shard_01.json "HTTP/1.1 302 Found"
2026-03-07 00:49:33,061  INFO  HTTP Request: GET https://cas-bridge.xethub.hf.co/xet-bridge-us/6531fa1ca6b8a20222174564/df21bbb03fbb09861f7719899a8f4cb9cda5ed9a0dd474f7ac4dad99314a2282?X-Amz-Algorithm=AWS4-HMAC-SHA256&X-Amz-Content-Sha256=UNSIGNED-PAYLOAD&X-Amz-Credential=cas%2F20260306%2Fus-east-1%2Fs3%2Faws4_request&X-Amz-Date=20260306T191932Z&X-Amz-Expires=3600&X-Amz-Signature=3ac90890570ea2a4b98397ae2e18691d2660e0776952c1975a04222eb6e23a44&X-Amz-SignedHeaders=host&X-Xet-Cas-Uid=public&response-content-disposition=inline%3B+filename*%3DUTF-8%27%27train_as_shard_01.json%3B+filename%3D%22train_as_shard_01.json%22%3B&response-content-type=application%2Fjson&x-amz-checksum-mode=ENABLED&x-id=GetObject&Expires=1772828372&Policy=eyJTdGF0ZW1lbnQiOlt7IkNvbmRpdGlvbiI6eyJEYXRlTGVzc1RoYW4iOnsiQVdTOkVwb2NoVGltZSI6MTc3MjgyODM3Mn19LCJSZXNvdXJjZSI6Imh0dHBzOi8vY2FzLWJyaWRnZS54ZXRodWIuaGYuY28veGV0LWJyaWRnZS11cy82NTMxZmExY2E2YjhhMjAyMjIxNzQ1NjQvZGYyMWJiYjAzZmJiMDk4NjFmNzcxOTg5OWE4ZjRjYjljZGE1ZWQ5YTBkZDQ3NGY3YWM0ZGFkOTkzMTRhMjI4MioifV19&Signature=CK7h1SJBFFWl%7EmNUzZwbep5w82DqRiDYyU7ygjXvkS2pusfhWx0ErYsMQjSqjQprdUGGp-LIWZogCnJF%7EKE3jgYyMVoJtyCPEolEBTUp8KpXjZYQ9wyx97X2ofY5GNnzWs%7E3wGGaM5sS9aw1RKM9GWpcCXIAh3YvRGJ3HlZrDlP3IH74vgVIt9i0NP9CivHn5XBQn424qWbamA1w6No-jC2QOCkdtuLjEGfUs6IYccE0IShMnc7qKLPHT0fW9PBF8mYNJnMRznWD-iKRo7jNRgR3%7Ey3SKLhlX6YNBnlGGIzEKEm1PNU7BqUYWsLvi8E0agIYQIXuA5%7Ec49r4tGJFeA__&Key-Pair-Id=K2L8F4GPSG1IFC "HTTP/1.1 206 Partial Content"
2026-03-07 00:49:35,929  INFO  HTTP Request: GET https://huggingface.co/datasets/rahular/varta/resolve/7151493e445ff102ccc720f515ae5a6c7f72fb46/train/train_as_shard_01.json "HTTP/1.1 302 Found"
2026-03-07 00:49:36,359  INFO  HTTP Request: GET https://cas-bridge.xethub.hf.co/xet-bridge-us/6531fa1ca6b8a20222174564/df21bbb03fbb09861f7719899a8f4cb9cda5ed9a0dd474f7ac4dad99314a2282?X-Amz-Algorithm=AWS4-HMAC-SHA256&X-Amz-Content-Sha256=UNSIGNED-PAYLOAD&X-Amz-Credential=cas%2F20260306%2Fus-east-1%2Fs3%2Faws4_request&X-Amz-Date=20260306T191935Z&X-Amz-Expires=3600&X-Amz-Signature=f6af35969fdcb09bf1bfedf6df9400a981d361c337203cad89f2cbd0f8d1fdd8&X-Amz-SignedHeaders=host&X-Xet-Cas-Uid=public&response-content-disposition=inline%3B+filename*%3DUTF-8%27%27train_as_shard_01.json%3B+filename%3D%22train_as_shard_01.json%22%3B&response-content-type=application%2Fjson&x-amz-checksum-mode=ENABLED&x-id=GetObject&Expires=1772828375&Policy=eyJTdGF0ZW1lbnQiOlt7IkNvbmRpdGlvbiI6eyJEYXRlTGVzc1RoYW4iOnsiQVdTOkVwb2NoVGltZSI6MTc3MjgyODM3NX19LCJSZXNvdXJjZSI6Imh0dHBzOi8vY2FzLWJyaWRnZS54ZXRodWIuaGYuY28veGV0LWJyaWRnZS11cy82NTMxZmExY2E2YjhhMjAyMjIxNzQ1NjQvZGYyMWJiYjAzZmJiMDk4NjFmNzcxOTg5OWE4ZjRjYjljZGE1ZWQ5YTBkZDQ3NGY3YWM0ZGFkOTkzMTRhMjI4MioifV19&Signature=uCJqYm9-ABSe2RBd%7Ey6e8NC2CrT0wAf0x2376yzoXCPiViPtG-bsQaM2tp-cKXqcoyxG9ch7%7EPMveWsIEYvv2gX7cwNrx91iumecQnYIVwYutvPgux8yJlddnwAXO0nw0m3VDLWbTy1evNgY5D02TUSZzimW1pBr2b2m8BXfsAxk1ixGZi8Tq5uZkiMBJhLha9DZClRTo9PKlVhv6BWruRlGRCPodT62Bqqb2zymTzZNgT5B9f-97q2cxBPsUsPrNPs8YhfYLrIAtR%7EGfSbeUH79YFQ-FrG-aRfuQ%7EKTsN3LyF6In4u7JLQ6Th8VI%7EFjDhHAMOhvJAA848K%7E8t%7ExHQ__&Key-Pair-Id=K2L8F4GPSG1IFC "HTTP/1.1 206 Partial Content"
2026-03-07 00:49:39,416  INFO  HTTP Request: GET https://huggingface.co/datasets/rahular/varta/resolve/7151493e445ff102ccc720f515ae5a6c7f72fb46/train/train_as_shard_01.json "HTTP/1.1 302 Found"
2026-03-07 00:49:39,866  INFO  HTTP Request: GET https://cas-bridge.xethub.hf.co/xet-bridge-us/6531fa1ca6b8a20222174564/df21bbb03fbb09861f7719899a8f4cb9cda5ed9a0dd474f7ac4dad99314a2282?X-Amz-Algorithm=AWS4-HMAC-SHA256&X-Amz-Content-Sha256=UNSIGNED-PAYLOAD&X-Amz-Credential=cas%2F20260306%2Fus-east-1%2Fs3%2Faws4_request&X-Amz-Date=20260306T191939Z&X-Amz-Expires=3600&X-Amz-Signature=31e9871306158026a7497cb1de3bb99f74e502def0b162498e5eff3d966f71cd&X-Amz-SignedHeaders=host&X-Xet-Cas-Uid=public&response-content-disposition=inline%3B+filename*%3DUTF-8%27%27train_as_shard_01.json%3B+filename%3D%22train_as_shard_01.json%22%3B&response-content-type=application%2Fjson&x-amz-checksum-mode=ENABLED&x-id=GetObject&Expires=1772828379&Policy=eyJTdGF0ZW1lbnQiOlt7IkNvbmRpdGlvbiI6eyJEYXRlTGVzc1RoYW4iOnsiQVdTOkVwb2NoVGltZSI6MTc3MjgyODM3OX19LCJSZXNvdXJjZSI6Imh0dHBzOi8vY2FzLWJyaWRnZS54ZXRodWIuaGYuY28veGV0LWJyaWRnZS11cy82NTMxZmExY2E2YjhhMjAyMjIxNzQ1NjQvZGYyMWJiYjAzZmJiMDk4NjFmNzcxOTg5OWE4ZjRjYjljZGE1ZWQ5YTBkZDQ3NGY3YWM0ZGFkOTkzMTRhMjI4MioifV19&Signature=Pz73IM11w%7ExT9tvh2WVYfatKcARNGXKMsnvLEBADdjdj4ie%7E7kkjB-VUsTxO39j5P6oh%7E4cE%7Espi6oQeHgARXs6uOYEjGX3fo8cG9det528iU652cZd6rWxC4ZfktmJMkuPyqY5BEuQVo1o%7EdajsB9evJMge-o2Pc9d3bRgr5SElNnqJvgrBqm2gLyZRX0JSPEB5sxvLbtoJs0AtCgbL7yn040tmWG%7E3kFQois3gqWYg5oYG8js70UTZYkK01mdwUpJQvor%7EgvJJxe1VXVknlhy4i8BKpHOOQIYSTwTkhtfPL9K11O7cEjDqWkvaBjqrumBHUB1wqNQc%7Ey284nTfuw__&Key-Pair-Id=K2L8F4GPSG1IFC "HTTP/1.1 206 Partial Content"
2026-03-07 00:49:43,001  INFO  HTTP Request: GET https://huggingface.co/datasets/rahular/varta/resolve/7151493e445ff102ccc720f515ae5a6c7f72fb46/train/train_as_shard_01.json "HTTP/1.1 302 Found"
2026-03-07 00:49:43,755  INFO  HTTP Request: GET https://cas-bridge.xethub.hf.co/xet-bridge-us/6531fa1ca6b8a20222174564/df21bbb03fbb09861f7719899a8f4cb9cda5ed9a0dd474f7ac4dad99314a2282?X-Amz-Algorithm=AWS4-HMAC-SHA256&X-Amz-Content-Sha256=UNSIGNED-PAYLOAD&X-Amz-Credential=cas%2F20260306%2Fus-east-1%2Fs3%2Faws4_request&X-Amz-Date=20260306T191942Z&X-Amz-Expires=3600&X-Amz-Signature=9752da8d10e4ddfc481cd70f7bc4472c27e4cf1dba629ee8377e2a62e4420eea&X-Amz-SignedHeaders=host&X-Xet-Cas-Uid=public&response-content-disposition=inline%3B+filename*%3DUTF-8%27%27train_as_shard_01.json%3B+filename%3D%22train_as_shard_01.json%22%3B&response-content-type=application%2Fjson&x-amz-checksum-mode=ENABLED&x-id=GetObject&Expires=1772828382&Policy=eyJTdGF0ZW1lbnQiOlt7IkNvbmRpdGlvbiI6eyJEYXRlTGVzc1RoYW4iOnsiQVdTOkVwb2NoVGltZSI6MTc3MjgyODM4Mn19LCJSZXNvdXJjZSI6Imh0dHBzOi8vY2FzLWJyaWRnZS54ZXRodWIuaGYuY28veGV0LWJyaWRnZS11cy82NTMxZmExY2E2YjhhMjAyMjIxNzQ1NjQvZGYyMWJiYjAzZmJiMDk4NjFmNzcxOTg5OWE4ZjRjYjljZGE1ZWQ5YTBkZDQ3NGY3YWM0ZGFkOTkzMTRhMjI4MioifV19&Signature=fjlkRDdeOD4AkzTWIFZUlcBBg%7Ef3X4zmt6-lTcNqC-1sJQvbGK2a7df2CNMVaE6odB2lXo2JiIyn9LCoDL5BCTXXc28jil2hxmSTIwA%7EluFFVGd4KY1EAyIOfjzLXrS9ck1C5aLRrG8j9Lg4oGTk0MaySqOzm%7EGGYOydywfeKdd%7EFDpNkJDDNVDfEGGIkRdDyembiiDBEzc1nfzagef%7E1pT8NG4j3Bn7d0egr7SNpQ%7EfMsovc64R-tkXJ9MtN7U1%7ENfMJySi4%7EydZS1ZGKXZ4EwNVw-vaXDVtZeMOQ0b7VAU0yviuoAw2VJOuR1O1TODzNII1YchWTgcGJG763T3lA__&Key-Pair-Id=K2L8F4GPSG1IFC "HTTP/1.1 206 Partial Content"
2026-03-07 00:49:46,889  INFO  HTTP Request: GET https://huggingface.co/datasets/rahular/varta/resolve/7151493e445ff102ccc720f515ae5a6c7f72fb46/train/train_as_shard_01.json "HTTP/1.1 302 Found"
2026-03-07 00:49:47,303  INFO  HTTP Request: GET https://cas-bridge.xethub.hf.co/xet-bridge-us/6531fa1ca6b8a20222174564/df21bbb03fbb09861f7719899a8f4cb9cda5ed9a0dd474f7ac4dad99314a2282?X-Amz-Algorithm=AWS4-HMAC-SHA256&X-Amz-Content-Sha256=UNSIGNED-PAYLOAD&X-Amz-Credential=cas%2F20260306%2Fus-east-1%2Fs3%2Faws4_request&X-Amz-Date=20260306T191946Z&X-Amz-Expires=3600&X-Amz-Signature=e8d627fcf6df58b76eadd0ee7e94cf76c5bc7081538c811b9dcef586530ac477&X-Amz-SignedHeaders=host&X-Xet-Cas-Uid=public&response-content-disposition=inline%3B+filename*%3DUTF-8%27%27train_as_shard_01.json%3B+filename%3D%22train_as_shard_01.json%22%3B&response-content-type=application%2Fjson&x-amz-checksum-mode=ENABLED&x-id=GetObject&Expires=1772828386&Policy=eyJTdGF0ZW1lbnQiOlt7IkNvbmRpdGlvbiI6eyJEYXRlTGVzc1RoYW4iOnsiQVdTOkVwb2NoVGltZSI6MTc3MjgyODM4Nn19LCJSZXNvdXJjZSI6Imh0dHBzOi8vY2FzLWJyaWRnZS54ZXRodWIuaGYuY28veGV0LWJyaWRnZS11cy82NTMxZmExY2E2YjhhMjAyMjIxNzQ1NjQvZGYyMWJiYjAzZmJiMDk4NjFmNzcxOTg5OWE4ZjRjYjljZGE1ZWQ5YTBkZDQ3NGY3YWM0ZGFkOTkzMTRhMjI4MioifV19&Signature=QbswSXdwgNixAaA4Xf5Iv0OG7nRzawYV6NnicXAEF9gxl%7Ep-HF4ETNGFW-VYM%7E796dO2va1rmVnpi9eutiQANohYoh6TPVMIX%7EWM-Y5GLZgY7pa-diik6j7I0NCJR2CK-Bmp5lIzclyFardyD-iWTH0ZEOMglIwk6H-aJNTTJc7Gs7YJrWx6dSdR%7EqHPZqw07eC4WsLkBNISa8%7EFjh7U-qhpC1UFcWTfUKy86g2PqdC4lvcKY00NFro5ueXdkQ7ljlSvtMy-USgFq7XZmMNtowowR364W8GCOZdeiktH4LVWxIVSukSXAR0PBircjqaOkd5y1k5emeDow7aM282ecQ__&Key-Pair-Id=K2L8F4GPSG1IFC "HTTP/1.1 206 Partial Content"
2026-03-07 00:49:50,063  INFO  HTTP Request: GET https://huggingface.co/datasets/rahular/varta/resolve/7151493e445ff102ccc720f515ae5a6c7f72fb46/train/train_as_shard_01.json "HTTP/1.1 302 Found"
2026-03-07 00:49:50,579  INFO  HTTP Request: GET https://cas-bridge.xethub.hf.co/xet-bridge-us/6531fa1ca6b8a20222174564/df21bbb03fbb09861f7719899a8f4cb9cda5ed9a0dd474f7ac4dad99314a2282?X-Amz-Algorithm=AWS4-HMAC-SHA256&X-Amz-Content-Sha256=UNSIGNED-PAYLOAD&X-Amz-Credential=cas%2F20260306%2Fus-east-1%2Fs3%2Faws4_request&X-Amz-Date=20260306T191920Z&X-Amz-Expires=3600&X-Amz-Signature=eb466c389c60423246ebe9fc9ce52fb06c1b2a616db7292cddff1e6d7c2bb171&X-Amz-SignedHeaders=host&X-Xet-Cas-Uid=public&response-content-disposition=inline%3B+filename*%3DUTF-8%27%27train_as_shard_01.json%3B+filename%3D%22train_as_shard_01.json%22%3B&response-content-type=application%2Fjson&x-amz-checksum-mode=ENABLED&x-id=GetObject&Expires=1772828360&Policy=eyJTdGF0ZW1lbnQiOlt7IkNvbmRpdGlvbiI6eyJEYXRlTGVzc1RoYW4iOnsiQVdTOkVwb2NoVGltZSI6MTc3MjgyODM2MH19LCJSZXNvdXJjZSI6Imh0dHBzOi8vY2FzLWJyaWRnZS54ZXRodWIuaGYuY28veGV0LWJyaWRnZS11cy82NTMxZmExY2E2YjhhMjAyMjIxNzQ1NjQvZGYyMWJiYjAzZmJiMDk4NjFmNzcxOTg5OWE4ZjRjYjljZGE1ZWQ5YTBkZDQ3NGY3YWM0ZGFkOTkzMTRhMjI4MioifV19&Signature=MoIcI22Mwz4tQTn%7EcZoGbfKTtKHZM3yayrh18T3J91RF1iJFsPpLjPKlExoQW9T05knG-XqQWx%7ECUR%7E3ymiRztsSFCXKTsk1vrDOG5xDCn5qgHEzhKlQCA0ZZ20NxaTntJg7zqGaOmBRBtq75o5BZIzTMl4k6Khludwp5cVrVojaY102KztBWBAY6%7ER5wYT56bRTFdX2qoOSAqy63EWXmGsz%7EHaTMWeDC5KsPUdDzj6tjmtYX3mNM5V53Mm6jzaEfSgArAPSV01%7Eda01HuH5JkjFHLda2yuVrUvv1XWCLR%7E6sgx6VfkP-ShGYH9E6qIVn%7Eo96ARf9NIGooKyO%7EaYRg__&Key-Pair-Id=K2L8F4GPSG1IFC "HTTP/1.1 206 Partial Content"
2026-03-07 00:49:53,237  INFO  HTTP Request: GET https://huggingface.co/datasets/rahular/varta/resolve/7151493e445ff102ccc720f515ae5a6c7f72fb46/train/train_as_shard_01.json "HTTP/1.1 302 Found"
2026-03-07 00:49:53,977  INFO  HTTP Request: GET https://cas-bridge.xethub.hf.co/xet-bridge-us/6531fa1ca6b8a20222174564/df21bbb03fbb09861f7719899a8f4cb9cda5ed9a0dd474f7ac4dad99314a2282?X-Amz-Algorithm=AWS4-HMAC-SHA256&X-Amz-Content-Sha256=UNSIGNED-PAYLOAD&X-Amz-Credential=cas%2F20260306%2Fus-east-1%2Fs3%2Faws4_request&X-Amz-Date=20260306T191916Z&X-Amz-Expires=3600&X-Amz-Signature=46d678cd4e4028a422d4d641b39100823ec96bc7f316bae50f2f1f3f43556e85&X-Amz-SignedHeaders=host&X-Xet-Cas-Uid=public&response-content-disposition=inline%3B+filename*%3DUTF-8%27%27train_as_shard_01.json%3B+filename%3D%22train_as_shard_01.json%22%3B&response-content-type=application%2Fjson&x-amz-checksum-mode=ENABLED&x-id=GetObject&Expires=1772828356&Policy=eyJTdGF0ZW1lbnQiOlt7IkNvbmRpdGlvbiI6eyJEYXRlTGVzc1RoYW4iOnsiQVdTOkVwb2NoVGltZSI6MTc3MjgyODM1Nn19LCJSZXNvdXJjZSI6Imh0dHBzOi8vY2FzLWJyaWRnZS54ZXRodWIuaGYuY28veGV0LWJyaWRnZS11cy82NTMxZmExY2E2YjhhMjAyMjIxNzQ1NjQvZGYyMWJiYjAzZmJiMDk4NjFmNzcxOTg5OWE4ZjRjYjljZGE1ZWQ5YTBkZDQ3NGY3YWM0ZGFkOTkzMTRhMjI4MioifV19&Signature=lUpheikwxWenlGbZCiRb3SIi5HVwEqvk1vgy3bGE2rgw%7EROmUK7sV0xZ19KZdJ3dRlTT7GuMZA5iP5HevIbjImikFTzfTMTtZAgcsnmQfiw2nKYptaTtyhTwEn%7ECj3Bzvx43MeQ%7E%7EHzlTuUN55Z%7E5EnfCwx-LkjfR8JHV5g29BL7aau4CiY4IunoWJh3qzqnBsuPuElKuYnzQqawxgpdbcpBDKLsEGlg6czUl-h262kzO6p4GJ8pB%7E8ACmsA5-bKBNKJGdHOkJdgpdbfxtMZPVha5lIVyIqbn4zHnEnWLEBCHOsmIxTpvmR4-atMG--VM75HK0VQQZjxWATWkZ1sGg__&Key-Pair-Id=K2L8F4GPSG1IFC "HTTP/1.1 206 Partial Content"
2026-03-07 00:49:56,506  INFO  HTTP Request: GET https://huggingface.co/datasets/rahular/varta/resolve/7151493e445ff102ccc720f515ae5a6c7f72fb46/train/train_as_shard_01.json "HTTP/1.1 302 Found"
2026-03-07 00:49:57,026  INFO  HTTP Request: GET https://cas-bridge.xethub.hf.co/xet-bridge-us/6531fa1ca6b8a20222174564/df21bbb03fbb09861f7719899a8f4cb9cda5ed9a0dd474f7ac4dad99314a2282?X-Amz-Algorithm=AWS4-HMAC-SHA256&X-Amz-Content-Sha256=UNSIGNED-PAYLOAD&X-Amz-Credential=cas%2F20260306%2Fus-east-1%2Fs3%2Faws4_request&X-Amz-Date=20260306T191956Z&X-Amz-Expires=3600&X-Amz-Signature=cf312d4ecae6ad086cd2941cac869ede762e097357b85a4119ffd802ddb4b0d4&X-Amz-SignedHeaders=host&X-Xet-Cas-Uid=public&response-content-disposition=inline%3B+filename*%3DUTF-8%27%27train_as_shard_01.json%3B+filename%3D%22train_as_shard_01.json%22%3B&response-content-type=application%2Fjson&x-amz-checksum-mode=ENABLED&x-id=GetObject&Expires=1772828396&Policy=eyJTdGF0ZW1lbnQiOlt7IkNvbmRpdGlvbiI6eyJEYXRlTGVzc1RoYW4iOnsiQVdTOkVwb2NoVGltZSI6MTc3MjgyODM5Nn19LCJSZXNvdXJjZSI6Imh0dHBzOi8vY2FzLWJyaWRnZS54ZXRodWIuaGYuY28veGV0LWJyaWRnZS11cy82NTMxZmExY2E2YjhhMjAyMjIxNzQ1NjQvZGYyMWJiYjAzZmJiMDk4NjFmNzcxOTg5OWE4ZjRjYjljZGE1ZWQ5YTBkZDQ3NGY3YWM0ZGFkOTkzMTRhMjI4MioifV19&Signature=EAe062InYUUutmpd7Ucc8iVGCDMD27HgyYK9u8%7EdX4QnXHgexXqcSkDKpqSca7xRmBy5Hh7XmqTUhBlSu-3%7Ex0g-fenEHK3aKLT7mlOnEN2XbaJ9EBxos-oktGsz8mOOi5ZIWO66bIPaR9bx3EJnFBO9Wbjty3qSZ%7E9-5HYf%7ElRusWIXN4QIgikAoXMkgReIPR07CX12G4GmQxaNp4phaH6OKnQNf98G0cwaLdpV9G1Bp8N1xXv-gOHiB47SZftT4SUFGfFdgLp0kQ6WO5NBguSxov9Oj0Ej0Yf-zloWFH1FxxM-6EpZWsJ6d3KVMf4sw2KDpNemcRgupi1LwF6Hzw__&Key-Pair-Id=K2L8F4GPSG1IFC "HTTP/1.1 206 Partial Content"
2026-03-07 00:50:01,019  INFO  HTTP Request: GET https://huggingface.co/datasets/rahular/varta/resolve/7151493e445ff102ccc720f515ae5a6c7f72fb46/train/train_as_shard_01.json "HTTP/1.1 302 Found"
2026-03-07 00:50:01,633  INFO  HTTP Request: GET https://cas-bridge.xethub.hf.co/xet-bridge-us/6531fa1ca6b8a20222174564/df21bbb03fbb09861f7719899a8f4cb9cda5ed9a0dd474f7ac4dad99314a2282?X-Amz-Algorithm=AWS4-HMAC-SHA256&X-Amz-Content-Sha256=UNSIGNED-PAYLOAD&X-Amz-Credential=cas%2F20260306%2Fus-east-1%2Fs3%2Faws4_request&X-Amz-Date=20260306T192000Z&X-Amz-Expires=3600&X-Amz-Signature=c028cc5eb4ebe8b64b669593689dcea79e3e6d232ce407f11581987f457df351&X-Amz-SignedHeaders=host&X-Xet-Cas-Uid=public&response-content-disposition=inline%3B+filename*%3DUTF-8%27%27train_as_shard_01.json%3B+filename%3D%22train_as_shard_01.json%22%3B&response-content-type=application%2Fjson&x-amz-checksum-mode=ENABLED&x-id=GetObject&Expires=1772828400&Policy=eyJTdGF0ZW1lbnQiOlt7IkNvbmRpdGlvbiI6eyJEYXRlTGVzc1RoYW4iOnsiQVdTOkVwb2NoVGltZSI6MTc3MjgyODQwMH19LCJSZXNvdXJjZSI6Imh0dHBzOi8vY2FzLWJyaWRnZS54ZXRodWIuaGYuY28veGV0LWJyaWRnZS11cy82NTMxZmExY2E2YjhhMjAyMjIxNzQ1NjQvZGYyMWJiYjAzZmJiMDk4NjFmNzcxOTg5OWE4ZjRjYjljZGE1ZWQ5YTBkZDQ3NGY3YWM0ZGFkOTkzMTRhMjI4MioifV19&Signature=VndBFxK-WxAdQ8JPky0DSkE9NZDK8qaytpp93kxDQo5KDFfieJtMQQ5LX%7EOIkxn1v0XVFIiARidpBGoO-qM3z2L70Icu0pNz1yksn2c%7E24nCOhAk1OjFlqTZrA%7EE-JM8e-GM2iSTE7p8vPKtKzuPWRcf4L8BEh7b2RrkarHjUaAVfvbjsBs%7EbCiwjPTx3d14h14OfWOXhBnNkdKHSt82JZJFj6wm8mXAFFVOHHIrUWezDGN-gpufqZ24Ls3hJB%7EGp3vYK%7EIXHB91tuIHjZvqpw0V22CFT6YWN4UAp2ThK8w9J-FInlykEpWussTL8QtAfcRM6OnJk0A7WQc2tBPQHA__&Key-Pair-Id=K2L8F4GPSG1IFC "HTTP/1.1 206 Partial Content"
2026-03-07 00:50:04,604  INFO  HTTP Request: GET https://huggingface.co/datasets/rahular/varta/resolve/7151493e445ff102ccc720f515ae5a6c7f72fb46/train/train_as_shard_01.json "HTTP/1.1 302 Found"
2026-03-07 00:50:05,230  INFO  HTTP Request: GET https://cas-bridge.xethub.hf.co/xet-bridge-us/6531fa1ca6b8a20222174564/df21bbb03fbb09861f7719899a8f4cb9cda5ed9a0dd474f7ac4dad99314a2282?X-Amz-Algorithm=AWS4-HMAC-SHA256&X-Amz-Content-Sha256=UNSIGNED-PAYLOAD&X-Amz-Credential=cas%2F20260306%2Fus-east-1%2Fs3%2Faws4_request&X-Amz-Date=20260306T192004Z&X-Amz-Expires=3600&X-Amz-Signature=3e04fbceea2435ae87f4f35fddb6a841569e861d82b1f8d7bc4381dadbae2e22&X-Amz-SignedHeaders=host&X-Xet-Cas-Uid=public&response-content-disposition=inline%3B+filename*%3DUTF-8%27%27train_as_shard_01.json%3B+filename%3D%22train_as_shard_01.json%22%3B&response-content-type=application%2Fjson&x-amz-checksum-mode=ENABLED&x-id=GetObject&Expires=1772828404&Policy=eyJTdGF0ZW1lbnQiOlt7IkNvbmRpdGlvbiI6eyJEYXRlTGVzc1RoYW4iOnsiQVdTOkVwb2NoVGltZSI6MTc3MjgyODQwNH19LCJSZXNvdXJjZSI6Imh0dHBzOi8vY2FzLWJyaWRnZS54ZXRodWIuaGYuY28veGV0LWJyaWRnZS11cy82NTMxZmExY2E2YjhhMjAyMjIxNzQ1NjQvZGYyMWJiYjAzZmJiMDk4NjFmNzcxOTg5OWE4ZjRjYjljZGE1ZWQ5YTBkZDQ3NGY3YWM0ZGFkOTkzMTRhMjI4MioifV19&Signature=S6cQgwJackc4fCltwZo2oMmcESUsQkVqZhKhB49GPiWkPOLhYnv4l5UhZP-QZXER7778tQbledlVBYBiCF4-UQiPMVd9yvdXHthA5LPtXfBPvqnlaS9HZYQ5QTqjLeLto9k2GuQfZqeHnC-8FzBK0nMTwweytCoRMtSsR4Ku8TYaX3vU21w928RQKPH88QwagbmDMzRC7kxEB75pR-pDrjsaWfmYAOqHN3BeqgW5eh4M8qc-kh6jhFWwM83EfFJQcHlc6Q76f4gDFj3Fab5PhMUJKOKd6mo7Xdc22OT9kzSjmxOmJKcVxwoEIzwXI8v6zFbCx0X9VDnD9W-Id7dUDA__&Key-Pair-Id=K2L8F4GPSG1IFC "HTTP/1.1 206 Partial Content"
2026-03-07 00:50:08,910  INFO  HTTP Request: GET https://huggingface.co/datasets/rahular/varta/resolve/7151493e445ff102ccc720f515ae5a6c7f72fb46/train/train_as_shard_01.json "HTTP/1.1 302 Found"
2026-03-07 00:50:09,285  INFO  HTTP Request: GET https://cas-bridge.xethub.hf.co/xet-bridge-us/6531fa1ca6b8a20222174564/df21bbb03fbb09861f7719899a8f4cb9cda5ed9a0dd474f7ac4dad99314a2282?X-Amz-Algorithm=AWS4-HMAC-SHA256&X-Amz-Content-Sha256=UNSIGNED-PAYLOAD&X-Amz-Credential=cas%2F20260306%2Fus-east-1%2Fs3%2Faws4_request&X-Amz-Date=20260306T192008Z&X-Amz-Expires=3600&X-Amz-Signature=bbf947007206dec53aeb12093c366a35af6f71958a7fa7de4512ef6f97ad4c8e&X-Amz-SignedHeaders=host&X-Xet-Cas-Uid=public&response-content-disposition=inline%3B+filename*%3DUTF-8%27%27train_as_shard_01.json%3B+filename%3D%22train_as_shard_01.json%22%3B&response-content-type=application%2Fjson&x-amz-checksum-mode=ENABLED&x-id=GetObject&Expires=1772828408&Policy=eyJTdGF0ZW1lbnQiOlt7IkNvbmRpdGlvbiI6eyJEYXRlTGVzc1RoYW4iOnsiQVdTOkVwb2NoVGltZSI6MTc3MjgyODQwOH19LCJSZXNvdXJjZSI6Imh0dHBzOi8vY2FzLWJyaWRnZS54ZXRodWIuaGYuY28veGV0LWJyaWRnZS11cy82NTMxZmExY2E2YjhhMjAyMjIxNzQ1NjQvZGYyMWJiYjAzZmJiMDk4NjFmNzcxOTg5OWE4ZjRjYjljZGE1ZWQ5YTBkZDQ3NGY3YWM0ZGFkOTkzMTRhMjI4MioifV19&Signature=Z6bE3Dv0vC6OkkvUe3ZNJTFtC8Mf-rS3ipxsd2ZnAzpPvK3J4FQNUlnd0LXGfs-UsYFCgN1-Ezo4g1XiZpsJYRFXLlzKyjSgxnnb8T8SHCh0e1tIr7g0DuW1XWpZKwiipqyd7azRTjgvxUvRWIZyGhCs%7Emr1KHBCcsKsvNSzxpfJtJhQcICJiKwj%7Ehri9ApRks3J6fk%7EvxBMDRfPwavjgBTBgToSrM-wJXkyI%7E4huE2vMaRCNTZSfmQt3NUeVne1SPcV0kXGcMqFEJpoJtR8GPfUFiMbeBKnxIX0j8nsroXNUrYD5JAiSqB5lwIoyDB1bLDqjo5wFCL77w-YW78TuQ__&Key-Pair-Id=K2L8F4GPSG1IFC "HTTP/1.1 206 Partial Content"
2026-03-07 00:50:12,691  INFO  HTTP Request: GET https://huggingface.co/datasets/rahular/varta/resolve/7151493e445ff102ccc720f515ae5a6c7f72fb46/train/train_as_shard_01.json "HTTP/1.1 302 Found"
2026-03-07 00:50:13,202  INFO  HTTP Request: GET https://cas-bridge.xethub.hf.co/xet-bridge-us/6531fa1ca6b8a20222174564/df21bbb03fbb09861f7719899a8f4cb9cda5ed9a0dd474f7ac4dad99314a2282?X-Amz-Algorithm=AWS4-HMAC-SHA256&X-Amz-Content-Sha256=UNSIGNED-PAYLOAD&X-Amz-Credential=cas%2F20260306%2Fus-east-1%2Fs3%2Faws4_request&X-Amz-Date=20260306T192012Z&X-Amz-Expires=3600&X-Amz-Signature=74b68f89d0287ef5413a3e0b6a39812a6949f39dc27e966492c8bf801e81b4a5&X-Amz-SignedHeaders=host&X-Xet-Cas-Uid=public&response-content-disposition=inline%3B+filename*%3DUTF-8%27%27train_as_shard_01.json%3B+filename%3D%22train_as_shard_01.json%22%3B&response-content-type=application%2Fjson&x-amz-checksum-mode=ENABLED&x-id=GetObject&Expires=1772828412&Policy=eyJTdGF0ZW1lbnQiOlt7IkNvbmRpdGlvbiI6eyJEYXRlTGVzc1RoYW4iOnsiQVdTOkVwb2NoVGltZSI6MTc3MjgyODQxMn19LCJSZXNvdXJjZSI6Imh0dHBzOi8vY2FzLWJyaWRnZS54ZXRodWIuaGYuY28veGV0LWJyaWRnZS11cy82NTMxZmExY2E2YjhhMjAyMjIxNzQ1NjQvZGYyMWJiYjAzZmJiMDk4NjFmNzcxOTg5OWE4ZjRjYjljZGE1ZWQ5YTBkZDQ3NGY3YWM0ZGFkOTkzMTRhMjI4MioifV19&Signature=CcQJG7hBJ6mk02tmlgSpscOgMkUD3mNyLvUXSPxXOEkVkryqf7XivFyTZZg6ZqZRphztw6TSFxzJ1Bh21UY2JeUnlVQksJ4RKekiNpkMmhiiPI-mXmoGdoUdlNvljQxIAHeOrI-BALf8BIWEBVhk9-eaoev8Ks1IQ4jbMNw%7EMWJ56YXxmgzdJjCaaj6QJx40Scr84htx8F5LgMSDPK2B4MDMpVn-rC8IFLdcP2V0tC8qVzAb-6IO6kLr9i8nT9RwkjW0-yfLPagh28HOEkCXy6CDpoYmY2GTSVwFf-KDGS6d9BC9MA1lKm0vnC%7EIBtCbS9SovfAIuLQl0JNb7uAYtQ__&Key-Pair-Id=K2L8F4GPSG1IFC "HTTP/1.1 206 Partial Content"
2026-03-07 00:50:16,890  INFO  HTTP Request: GET https://huggingface.co/datasets/rahular/varta/resolve/7151493e445ff102ccc720f515ae5a6c7f72fb46/train/train_as_shard_01.json "HTTP/1.1 302 Found"
2026-03-07 00:50:17,367  INFO  HTTP Request: GET https://cas-bridge.xethub.hf.co/xet-bridge-us/6531fa1ca6b8a20222174564/df21bbb03fbb09861f7719899a8f4cb9cda5ed9a0dd474f7ac4dad99314a2282?X-Amz-Algorithm=AWS4-HMAC-SHA256&X-Amz-Content-Sha256=UNSIGNED-PAYLOAD&X-Amz-Credential=cas%2F20260306%2Fus-east-1%2Fs3%2Faws4_request&X-Amz-Date=20260306T192016Z&X-Amz-Expires=3600&X-Amz-Signature=1ad9abaf05138b520e8a98223cc85876e3323a1f7cd46b04a6fc343f61d92fd9&X-Amz-SignedHeaders=host&X-Xet-Cas-Uid=public&response-content-disposition=inline%3B+filename*%3DUTF-8%27%27train_as_shard_01.json%3B+filename%3D%22train_as_shard_01.json%22%3B&response-content-type=application%2Fjson&x-amz-checksum-mode=ENABLED&x-id=GetObject&Expires=1772828416&Policy=eyJTdGF0ZW1lbnQiOlt7IkNvbmRpdGlvbiI6eyJEYXRlTGVzc1RoYW4iOnsiQVdTOkVwb2NoVGltZSI6MTc3MjgyODQxNn19LCJSZXNvdXJjZSI6Imh0dHBzOi8vY2FzLWJyaWRnZS54ZXRodWIuaGYuY28veGV0LWJyaWRnZS11cy82NTMxZmExY2E2YjhhMjAyMjIxNzQ1NjQvZGYyMWJiYjAzZmJiMDk4NjFmNzcxOTg5OWE4ZjRjYjljZGE1ZWQ5YTBkZDQ3NGY3YWM0ZGFkOTkzMTRhMjI4MioifV19&Signature=g4UBZQ%7EkFLD1SXICPwWLBS0MQnrSHzm4nRYkz40sEPE-qSkqUChyc2S5PFhogMS6PPVEpc3TulVkTIjTx81UuJs1izNeJs3pl%7EUKSwrb%7EJJthvjM2LVJcjFbcn3CH5C5zEXp2NXlTPU7f1WuOpNe8k7K5tqmITYECiILBu-kcCoJI68HjZuC1F5jR%7EYKDDjE3Z6hlr8SbjSuxdQOw0Hv24EGR5uOmQ-NNxh3cvbt6oxAbO7JdsG4ozQNIsa48Vf2NvNHQaiw5lUcpweDWY3hXad9Ze9HbH8Z91XDcOi6PGPAgwjtsyeHsg-cFHvRb2JfdetvReO0pk7rwTHkzEQN2Q__&Key-Pair-Id=K2L8F4GPSG1IFC "HTTP/1.1 206 Partial Content"
2026-03-07 00:50:20,574  INFO  HTTP Request: GET https://huggingface.co/datasets/rahular/varta/resolve/7151493e445ff102ccc720f515ae5a6c7f72fb46/train/train_as_shard_01.json "HTTP/1.1 302 Found"
2026-03-07 00:50:21,495  INFO  HTTP Request: GET https://cas-bridge.xethub.hf.co/xet-bridge-us/6531fa1ca6b8a20222174564/df21bbb03fbb09861f7719899a8f4cb9cda5ed9a0dd474f7ac4dad99314a2282?X-Amz-Algorithm=AWS4-HMAC-SHA256&X-Amz-Content-Sha256=UNSIGNED-PAYLOAD&X-Amz-Credential=cas%2F20260306%2Fus-east-1%2Fs3%2Faws4_request&X-Amz-Date=20260306T192020Z&X-Amz-Expires=3600&X-Amz-Signature=1a248853554fbce2999ad11e58b6be7e2156b9982049ceccc9dc2e1039cb0d7c&X-Amz-SignedHeaders=host&X-Xet-Cas-Uid=public&response-content-disposition=inline%3B+filename*%3DUTF-8%27%27train_as_shard_01.json%3B+filename%3D%22train_as_shard_01.json%22%3B&response-content-type=application%2Fjson&x-amz-checksum-mode=ENABLED&x-id=GetObject&Expires=1772828420&Policy=eyJTdGF0ZW1lbnQiOlt7IkNvbmRpdGlvbiI6eyJEYXRlTGVzc1RoYW4iOnsiQVdTOkVwb2NoVGltZSI6MTc3MjgyODQyMH19LCJSZXNvdXJjZSI6Imh0dHBzOi8vY2FzLWJyaWRnZS54ZXRodWIuaGYuY28veGV0LWJyaWRnZS11cy82NTMxZmExY2E2YjhhMjAyMjIxNzQ1NjQvZGYyMWJiYjAzZmJiMDk4NjFmNzcxOTg5OWE4ZjRjYjljZGE1ZWQ5YTBkZDQ3NGY3YWM0ZGFkOTkzMTRhMjI4MioifV19&Signature=DNMMjeYmiXcLveNAT%7Eu7-oQw6Xv9WT7VT6IYfpgbYnpOq98LtEeqqGSEzgX-piWvbai4DJPjRzWbOC0eL%7EbvKCBvLqvOvjl8vpDy9FGQymuuRNqC-iKuqHfkSotMv1V-FR%7E7GZjZgjRtXnrPjZJQaADqFzOgaXAvEFPJvT9RQjVGEpzq%7EOaC-MoR28yHPIhUxyORzXiG2jcDDA26DMg2a7Pndl-uPnBPBKwWd9LDt89swmRf%7EIcVYqbZFr9yjIEyifzSaKAo3XXurHyM6vTMLdVW4k-qNv7A-X2OSxR9t2Kl4T60nYJBkEmwlfEK%7Ew%7EEKD3MV0OPWEI5gi0196vB3w__&Key-Pair-Id=K2L8F4GPSG1IFC "HTTP/1.1 206 Partial Content"
2026-03-07 00:50:25,014  INFO  HTTP Request: GET https://huggingface.co/datasets/rahular/varta/resolve/7151493e445ff102ccc720f515ae5a6c7f72fb46/train/train_as_shard_01.json "HTTP/1.1 302 Found"
2026-03-07 00:50:25,692  INFO  HTTP Request: GET https://cas-bridge.xethub.hf.co/xet-bridge-us/6531fa1ca6b8a20222174564/df21bbb03fbb09861f7719899a8f4cb9cda5ed9a0dd474f7ac4dad99314a2282?X-Amz-Algorithm=AWS4-HMAC-SHA256&X-Amz-Content-Sha256=UNSIGNED-PAYLOAD&X-Amz-Credential=cas%2F20260306%2Fus-east-1%2Fs3%2Faws4_request&X-Amz-Date=20260306T192024Z&X-Amz-Expires=3600&X-Amz-Signature=069fc65efc3971b8db29bf873e96c824693fc97365fe1a412c2d559f5be357f1&X-Amz-SignedHeaders=host&X-Xet-Cas-Uid=public&response-content-disposition=inline%3B+filename*%3DUTF-8%27%27train_as_shard_01.json%3B+filename%3D%22train_as_shard_01.json%22%3B&response-content-type=application%2Fjson&x-amz-checksum-mode=ENABLED&x-id=GetObject&Expires=1772828424&Policy=eyJTdGF0ZW1lbnQiOlt7IkNvbmRpdGlvbiI6eyJEYXRlTGVzc1RoYW4iOnsiQVdTOkVwb2NoVGltZSI6MTc3MjgyODQyNH19LCJSZXNvdXJjZSI6Imh0dHBzOi8vY2FzLWJyaWRnZS54ZXRodWIuaGYuY28veGV0LWJyaWRnZS11cy82NTMxZmExY2E2YjhhMjAyMjIxNzQ1NjQvZGYyMWJiYjAzZmJiMDk4NjFmNzcxOTg5OWE4ZjRjYjljZGE1ZWQ5YTBkZDQ3NGY3YWM0ZGFkOTkzMTRhMjI4MioifV19&Signature=mIbo2myFirXTL64YO9F111kI4wHrK1gaGU2UzBa9RwF025pebt2cSbDKjxFSKp-tPbSZRPfg0MuL64YRTMm51hJwipplI17WUdXQdUMPsc7MQ1em93hAezoFvg3JNHsGxX8jxrfRzu6Xs6UI0k%7EapMPmL%7EtV%7EGlKZm2RxcnrruUT7%7EWz1Ca-dNZud8-ygMIXB9e32vnX3%7EQeJjyiaYZEXlagWYojOL14aa-suEJKppANWsS-QrE4kbvM7BlmiMlxCZdt7C%7EeEr2EHhSJ6htZtA2TwlXYQ8RFWI2NdZffR8PyuHK%7EmzfBrklQ4QQI4FgmHgjM0FKE2MOl4FYoR%7EFvXA__&Key-Pair-Id=K2L8F4GPSG1IFC "HTTP/1.1 206 Partial Content"
2026-03-07 00:50:29,174  INFO  HTTP Request: GET https://huggingface.co/datasets/rahular/varta/resolve/7151493e445ff102ccc720f515ae5a6c7f72fb46/train/train_as_shard_01.json "HTTP/1.1 302 Found"
2026-03-07 00:50:29,901  INFO  HTTP Request: GET https://cas-bridge.xethub.hf.co/xet-bridge-us/6531fa1ca6b8a20222174564/df21bbb03fbb09861f7719899a8f4cb9cda5ed9a0dd474f7ac4dad99314a2282?X-Amz-Algorithm=AWS4-HMAC-SHA256&X-Amz-Content-Sha256=UNSIGNED-PAYLOAD&X-Amz-Credential=cas%2F20260306%2Fus-east-1%2Fs3%2Faws4_request&X-Amz-Date=20260306T192028Z&X-Amz-Expires=3600&X-Amz-Signature=2d45a9f550c410f379028d03ef078753e28d4def060811dcb32189839fbba1b0&X-Amz-SignedHeaders=host&X-Xet-Cas-Uid=public&response-content-disposition=inline%3B+filename*%3DUTF-8%27%27train_as_shard_01.json%3B+filename%3D%22train_as_shard_01.json%22%3B&response-content-type=application%2Fjson&x-amz-checksum-mode=ENABLED&x-id=GetObject&Expires=1772828428&Policy=eyJTdGF0ZW1lbnQiOlt7IkNvbmRpdGlvbiI6eyJEYXRlTGVzc1RoYW4iOnsiQVdTOkVwb2NoVGltZSI6MTc3MjgyODQyOH19LCJSZXNvdXJjZSI6Imh0dHBzOi8vY2FzLWJyaWRnZS54ZXRodWIuaGYuY28veGV0LWJyaWRnZS11cy82NTMxZmExY2E2YjhhMjAyMjIxNzQ1NjQvZGYyMWJiYjAzZmJiMDk4NjFmNzcxOTg5OWE4ZjRjYjljZGE1ZWQ5YTBkZDQ3NGY3YWM0ZGFkOTkzMTRhMjI4MioifV19&Signature=fjkthvn%7EMcisgoODjtelJauS2HtXwtO4wtlr0q5zPXlEIJ8EZgedG9evAuGMXfCiE74LEXn6UJJPrtdSuO%7Ey%7EWl8qWs-oP0WSjN6nJyE%7EgvFSQDsJ5V1MoBqTlgdXMu8vHhUFlrqWgTcsWpKHIF-yLwKpxC7IwxZjvzkWs4%7EjhlHfeU2Gmt3gyrcaSDVSDiifqg0aPk6Dvvka67NyTogynO6PajfHQrY%7EkdmFKNupx8B9xsRPaLenLrCmLYIcWyoFi-GYlcNc%7ElGN8fTC6VMNiwwWt7RdQ6%7EGL61FfHvxwsr-8sWfF%7E1UTSpuOeSysPaHmm0I7bvk2qLr0BX-HracA__&Key-Pair-Id=K2L8F4GPSG1IFC "HTTP/1.1 206 Partial Content"
2026-03-07 00:50:33,166  INFO  HTTP Request: GET https://huggingface.co/datasets/rahular/varta/resolve/7151493e445ff102ccc720f515ae5a6c7f72fb46/train/train_as_shard_01.json "HTTP/1.1 302 Found"
2026-03-07 00:50:33,678  INFO  HTTP Request: GET https://cas-bridge.xethub.hf.co/xet-bridge-us/6531fa1ca6b8a20222174564/df21bbb03fbb09861f7719899a8f4cb9cda5ed9a0dd474f7ac4dad99314a2282?X-Amz-Algorithm=AWS4-HMAC-SHA256&X-Amz-Content-Sha256=UNSIGNED-PAYLOAD&X-Amz-Credential=cas%2F20260306%2Fus-east-1%2Fs3%2Faws4_request&X-Amz-Date=20260306T192032Z&X-Amz-Expires=3600&X-Amz-Signature=55f3bc7f9ebeebd3ae2c11ac31436dabaa3a24cf42356ef72374c20a42451314&X-Amz-SignedHeaders=host&X-Xet-Cas-Uid=public&response-content-disposition=inline%3B+filename*%3DUTF-8%27%27train_as_shard_01.json%3B+filename%3D%22train_as_shard_01.json%22%3B&response-content-type=application%2Fjson&x-amz-checksum-mode=ENABLED&x-id=GetObject&Expires=1772828432&Policy=eyJTdGF0ZW1lbnQiOlt7IkNvbmRpdGlvbiI6eyJEYXRlTGVzc1RoYW4iOnsiQVdTOkVwb2NoVGltZSI6MTc3MjgyODQzMn19LCJSZXNvdXJjZSI6Imh0dHBzOi8vY2FzLWJyaWRnZS54ZXRodWIuaGYuY28veGV0LWJyaWRnZS11cy82NTMxZmExY2E2YjhhMjAyMjIxNzQ1NjQvZGYyMWJiYjAzZmJiMDk4NjFmNzcxOTg5OWE4ZjRjYjljZGE1ZWQ5YTBkZDQ3NGY3YWM0ZGFkOTkzMTRhMjI4MioifV19&Signature=N532BaD42hdX0hydEUM%7EVU2eFElWZf4PefE0GvqWwaq0e33YTpkOCqs1q7TSJ9NJuvxs9ggsRZO3nERI8Ph3zrjUl4FJiQFd3CnJcyPMm7Fs59qTZmggyjO7g4Vb0dBMi2TJKpDlWG47sSkiqVMfn%7EIKSDs4D6Q8nAja51TkqdRTRuyoy67iYO--6rh2YAYwSgADaRvvKL42gzeHX69hauia-v6%7Ef-ExgD%7EyMtfU%7E8LL5vR-QDWNotNFj9gNSTeaECSBJ3mnCoohOt04KNCKWOItO4Hk3JRani8B0aWZu5d-tQGY2-B0SdvAcKBD8MKHU-Ggl8g5d6eoDTgVAMk6Ew__&Key-Pair-Id=K2L8F4GPSG1IFC "HTTP/1.1 206 Partial Content"
2026-03-07 00:50:39,003  INFO  HTTP Request: GET https://huggingface.co/datasets/rahular/varta/resolve/7151493e445ff102ccc720f515ae5a6c7f72fb46/train/train_as_shard_01.json "HTTP/1.1 302 Found"
2026-03-07 00:50:39,616  INFO  HTTP Request: GET https://cas-bridge.xethub.hf.co/xet-bridge-us/6531fa1ca6b8a20222174564/df21bbb03fbb09861f7719899a8f4cb9cda5ed9a0dd474f7ac4dad99314a2282?X-Amz-Algorithm=AWS4-HMAC-SHA256&X-Amz-Content-Sha256=UNSIGNED-PAYLOAD&X-Amz-Credential=cas%2F20260306%2Fus-east-1%2Fs3%2Faws4_request&X-Amz-Date=20260306T192038Z&X-Amz-Expires=3600&X-Amz-Signature=29e2c15878b80d4f95232242ba9f95b1c9889be3eb07bdfb7e785578689db690&X-Amz-SignedHeaders=host&X-Xet-Cas-Uid=public&response-content-disposition=inline%3B+filename*%3DUTF-8%27%27train_as_shard_01.json%3B+filename%3D%22train_as_shard_01.json%22%3B&response-content-type=application%2Fjson&x-amz-checksum-mode=ENABLED&x-id=GetObject&Expires=1772828438&Policy=eyJTdGF0ZW1lbnQiOlt7IkNvbmRpdGlvbiI6eyJEYXRlTGVzc1RoYW4iOnsiQVdTOkVwb2NoVGltZSI6MTc3MjgyODQzOH19LCJSZXNvdXJjZSI6Imh0dHBzOi8vY2FzLWJyaWRnZS54ZXRodWIuaGYuY28veGV0LWJyaWRnZS11cy82NTMxZmExY2E2YjhhMjAyMjIxNzQ1NjQvZGYyMWJiYjAzZmJiMDk4NjFmNzcxOTg5OWE4ZjRjYjljZGE1ZWQ5YTBkZDQ3NGY3YWM0ZGFkOTkzMTRhMjI4MioifV19&Signature=h8oVj9-AJad9jZpAtepPI9cF8UitBcpPAbcSrPjaVmdq3vGXM0AjRLWsO%7E2J3CpX3Tyj5E33Bt8a1ZC38RTYtzy4wnLWzrjirCkgPeJQdCsajn8-Q-rknjvHkllCMbT0HYvxxYFOYB77Og1h5gthAIvO0IRCtAonXBhmYlHmbO1jx0UTi5QM1JpqMVvLgfMcP1-VmwyVQoyCD18wJC36-n1bPPi9IwDNdi7PXy%7EYYga3yIL7TnB9YvHxOfZDeWg3ChUGlOl0qEWfppz49SoZKhD-d1NuOE0to6dZ7x%7EFqENt4oUFaeOz5UQf8De2G8igtd12txV%7E%7EroFYe2wTtYa1w__&Key-Pair-Id=K2L8F4GPSG1IFC "HTTP/1.1 206 Partial Content"
2026-03-07 00:50:45,046  INFO  HTTP Request: GET https://huggingface.co/datasets/rahular/varta/resolve/7151493e445ff102ccc720f515ae5a6c7f72fb46/train/train_as_shard_01.json "HTTP/1.1 302 Found"
2026-03-07 00:50:45,554  INFO  HTTP Request: GET https://cas-bridge.xethub.hf.co/xet-bridge-us/6531fa1ca6b8a20222174564/df21bbb03fbb09861f7719899a8f4cb9cda5ed9a0dd474f7ac4dad99314a2282?X-Amz-Algorithm=AWS4-HMAC-SHA256&X-Amz-Content-Sha256=UNSIGNED-PAYLOAD&X-Amz-Credential=cas%2F20260306%2Fus-east-1%2Fs3%2Faws4_request&X-Amz-Date=20260306T192044Z&X-Amz-Expires=3600&X-Amz-Signature=5c9627400074dad28b0168c9138d400f3002a2f4438e737ee00830e03d401213&X-Amz-SignedHeaders=host&X-Xet-Cas-Uid=public&response-content-disposition=inline%3B+filename*%3DUTF-8%27%27train_as_shard_01.json%3B+filename%3D%22train_as_shard_01.json%22%3B&response-content-type=application%2Fjson&x-amz-checksum-mode=ENABLED&x-id=GetObject&Expires=1772828444&Policy=eyJTdGF0ZW1lbnQiOlt7IkNvbmRpdGlvbiI6eyJEYXRlTGVzc1RoYW4iOnsiQVdTOkVwb2NoVGltZSI6MTc3MjgyODQ0NH19LCJSZXNvdXJjZSI6Imh0dHBzOi8vY2FzLWJyaWRnZS54ZXRodWIuaGYuY28veGV0LWJyaWRnZS11cy82NTMxZmExY2E2YjhhMjAyMjIxNzQ1NjQvZGYyMWJiYjAzZmJiMDk4NjFmNzcxOTg5OWE4ZjRjYjljZGE1ZWQ5YTBkZDQ3NGY3YWM0ZGFkOTkzMTRhMjI4MioifV19&Signature=QGAU8lXgyewc1WKHmaoi7vNFBgWMMvfcOQi7wmqo8fuYBrF3xXujAgOW%7Ej690%7EUn8oozboOM7dbMwpMtdR9pb84n5oJL5BIjO%7E5HrIC5rY6FxG5R6lpNS17mgPY-6SE0lpP9jW%7EtzC%7EaUJpPIK-3hFIkWY43kdwddaH2rctTSxnUdAIo1qDvBBzCod7ZK63e0YHRLRWOnRF2nh8zuBtLIMGEoleySxFJxaicwXP19ix-vJDOxz24dwrTOd2qFweaiDmT5qkX1u9tomzBPGSz56BmAoVxaxquKpv5vP2XZkKyh%7E9rAmubShWwIgnCh4oSuiBdJ1JANDmescu5jwiXKg__&Key-Pair-Id=K2L8F4GPSG1IFC "HTTP/1.1 206 Partial Content"
2026-03-07 00:50:51,902  INFO  HTTP Request: GET https://huggingface.co/datasets/rahular/varta/resolve/7151493e445ff102ccc720f515ae5a6c7f72fb46/train/train_bh_shard_01.json "HTTP/1.1 302 Found"
2026-03-07 00:50:52,823  INFO  HTTP Request: GET https://cas-bridge.xethub.hf.co/xet-bridge-us/6531fa1ca6b8a20222174564/8b9b7cb927682baec033cee4c982e6be3b6e75a10672dcbb0633fc839c8c6acf?X-Amz-Algorithm=AWS4-HMAC-SHA256&X-Amz-Content-Sha256=UNSIGNED-PAYLOAD&X-Amz-Credential=cas%2F20260306%2Fus-east-1%2Fs3%2Faws4_request&X-Amz-Date=20260306T192051Z&X-Amz-Expires=3600&X-Amz-Signature=bc3d51ebd8964c1781e282568419563eca4d0035a3cd3a8e1241b6047f648855&X-Amz-SignedHeaders=host&X-Xet-Cas-Uid=public&response-content-disposition=inline%3B+filename*%3DUTF-8%27%27train_bh_shard_01.json%3B+filename%3D%22train_bh_shard_01.json%22%3B&response-content-type=application%2Fjson&x-amz-checksum-mode=ENABLED&x-id=GetObject&Expires=1772828451&Policy=eyJTdGF0ZW1lbnQiOlt7IkNvbmRpdGlvbiI6eyJEYXRlTGVzc1RoYW4iOnsiQVdTOkVwb2NoVGltZSI6MTc3MjgyODQ1MX19LCJSZXNvdXJjZSI6Imh0dHBzOi8vY2FzLWJyaWRnZS54ZXRodWIuaGYuY28veGV0LWJyaWRnZS11cy82NTMxZmExY2E2YjhhMjAyMjIxNzQ1NjQvOGI5YjdjYjkyNzY4MmJhZWMwMzNjZWU0Yzk4MmU2YmUzYjZlNzVhMTA2NzJkY2JiMDYzM2ZjODM5YzhjNmFjZioifV19&Signature=fekxHeszy-A1lkUnJ8r2sDGMmQkEQTs0hAHOkjCZFK3xZlSz5VFpeplSM5XT76PJWCu6zAvc7j8%7EAeTLPVUAmOQs8QFXY7ZSZxV4z5zcCajbSt0z8CdEtD51z%7E25HW0TkSIn6ZQPRyweH2AZzy9j7MHHPc4bFlsLqioqONHOFaXyI0ufEL0O7plmEOd2N%7E2m3S5pZH7kzZmslgExy6Y%7EZmiGGK%7EFw8gwr3QzpDiZWHRumk3jpfNW5Zs1fdIaC%7EtX2LFesK5V5OWNnThMJ72ErnBO1CWsVsv3DnwHGfDT7Rd7Qo3AYi-%7EJ5-IFyrnn24FrZ%7EDl8jIWX%7Eg9rIBnd4LTA__&Key-Pair-Id=K2L8F4GPSG1IFC "HTTP/1.1 206 Partial Content"
2026-03-07 00:50:55,510  INFO  HTTP Request: GET https://huggingface.co/datasets/rahular/varta/resolve/7151493e445ff102ccc720f515ae5a6c7f72fb46/train/train_bn_shard_01.json "HTTP/1.1 302 Found"
2026-03-07 00:50:56,113  INFO  HTTP Request: GET https://cas-bridge.xethub.hf.co/xet-bridge-us/6531fa1ca6b8a20222174564/3548a876de98d245d6172d72059878c6badf7389ddda16f02acb472e49537f99?X-Amz-Algorithm=AWS4-HMAC-SHA256&X-Amz-Content-Sha256=UNSIGNED-PAYLOAD&X-Amz-Credential=cas%2F20260306%2Fus-east-1%2Fs3%2Faws4_request&X-Amz-Date=20260306T192055Z&X-Amz-Expires=3600&X-Amz-Signature=62390aadacf93878675204168ffe56121c2b659f415d4d79189dccc869a73af6&X-Amz-SignedHeaders=host&X-Xet-Cas-Uid=public&response-content-disposition=inline%3B+filename*%3DUTF-8%27%27train_bn_shard_01.json%3B+filename%3D%22train_bn_shard_01.json%22%3B&response-content-type=application%2Fjson&x-amz-checksum-mode=ENABLED&x-id=GetObject&Expires=1772828455&Policy=eyJTdGF0ZW1lbnQiOlt7IkNvbmRpdGlvbiI6eyJEYXRlTGVzc1RoYW4iOnsiQVdTOkVwb2NoVGltZSI6MTc3MjgyODQ1NX19LCJSZXNvdXJjZSI6Imh0dHBzOi8vY2FzLWJyaWRnZS54ZXRodWIuaGYuY28veGV0LWJyaWRnZS11cy82NTMxZmExY2E2YjhhMjAyMjIxNzQ1NjQvMzU0OGE4NzZkZTk4ZDI0NWQ2MTcyZDcyMDU5ODc4YzZiYWRmNzM4OWRkZGExNmYwMmFjYjQ3MmU0OTUzN2Y5OSoifV19&Signature=XvZIm0AWYUiO2xqpviuLC5KiPFkiuZQtXAbpz4JuTbvSulQarrjkP%7ENXK25y0F2%7EQrhqDlN2SxLBO8qrKBSJb%7EO0o5YLGO1aIQsFazRw08HOKStnL6efTHLEpXY94jbtUOrRzI4we%7EwV7OQOSqdj9B0-2nzF3t5xXzV9dQO9HJFUHBq9IcVczm%7E61kZjdMxdClzcG9qiB1hcBCs3OpriXnr0SD9%7EIPhCWrwkXoSNETt20MalP8h1U1TkMG-ZBfmGGUfRG-TB0lfRbAOwW1VnRRW9cqMq9UeovCvhGwCTZ2l02o%7EDyHjqlM1BVkEiR0FwQDRFFfL4IK3UQqFG4UY%7Eyw__&Key-Pair-Id=K2L8F4GPSG1IFC "HTTP/1.1 206 Partial Content"
2026-03-07 00:51:02,856  INFO  HTTP Request: GET https://huggingface.co/datasets/rahular/varta/resolve/7151493e445ff102ccc720f515ae5a6c7f72fb46/train/train_bn_shard_01.json "HTTP/1.1 302 Found"
2026-03-07 00:51:03,300  INFO  HTTP Request: GET https://cas-bridge.xethub.hf.co/xet-bridge-us/6531fa1ca6b8a20222174564/3548a876de98d245d6172d72059878c6badf7389ddda16f02acb472e49537f99?X-Amz-Algorithm=AWS4-HMAC-SHA256&X-Amz-Content-Sha256=UNSIGNED-PAYLOAD&X-Amz-Credential=cas%2F20260306%2Fus-east-1%2Fs3%2Faws4_request&X-Amz-Date=20260306T192102Z&X-Amz-Expires=3600&X-Amz-Signature=17c7a2200228bfd01ef5ba23c94fad25017a2776b7c5d54dc3528aa5affac478&X-Amz-SignedHeaders=host&X-Xet-Cas-Uid=public&response-content-disposition=inline%3B+filename*%3DUTF-8%27%27train_bn_shard_01.json%3B+filename%3D%22train_bn_shard_01.json%22%3B&response-content-type=application%2Fjson&x-amz-checksum-mode=ENABLED&x-id=GetObject&Expires=1772828462&Policy=eyJTdGF0ZW1lbnQiOlt7IkNvbmRpdGlvbiI6eyJEYXRlTGVzc1RoYW4iOnsiQVdTOkVwb2NoVGltZSI6MTc3MjgyODQ2Mn19LCJSZXNvdXJjZSI6Imh0dHBzOi8vY2FzLWJyaWRnZS54ZXRodWIuaGYuY28veGV0LWJyaWRnZS11cy82NTMxZmExY2E2YjhhMjAyMjIxNzQ1NjQvMzU0OGE4NzZkZTk4ZDI0NWQ2MTcyZDcyMDU5ODc4YzZiYWRmNzM4OWRkZGExNmYwMmFjYjQ3MmU0OTUzN2Y5OSoifV19&Signature=TAe-u9vYhjYGXmMdYGuiJLJzh6u2hJvAm9XwQT%7EZe5dQgz%7EVTBmxaUwxHrjmL3WvmQFnA1bckPHyIW8W37S49gruHBOgs1kzs1%7EX8Sm1zAE-%7EeCiXRN-8P-1R8Z-iGde8MYrS59jog69v9MtP1vDivfWJOweeH6FP2aIk4kW18%7ESOHf7NQ-DpZ2WCCjC0H0I9PROd00vSzpacAZX4eS%7EnRfBG9nWrBulA5F7Yua3oCxeFXrj6LAJoLXadDxyVj1IOnWMvOOCTl%7E27puQ0Ew0xKg2gFUqr%7Eg01FAuvOjiEt-edIPkmjnDTGWLgHZqEt0lY%7E8vBuuPr%7E0mylUvmOqq9g__&Key-Pair-Id=K2L8F4GPSG1IFC "HTTP/1.1 206 Partial Content"
2026-03-07 00:51:09,409  INFO  HTTP Request: GET https://huggingface.co/datasets/rahular/varta/resolve/7151493e445ff102ccc720f515ae5a6c7f72fb46/train/train_bn_shard_01.json "HTTP/1.1 302 Found"
2026-03-07 00:51:10,022  INFO  HTTP Request: GET https://cas-bridge.xethub.hf.co/xet-bridge-us/6531fa1ca6b8a20222174564/3548a876de98d245d6172d72059878c6badf7389ddda16f02acb472e49537f99?X-Amz-Algorithm=AWS4-HMAC-SHA256&X-Amz-Content-Sha256=UNSIGNED-PAYLOAD&X-Amz-Credential=cas%2F20260306%2Fus-east-1%2Fs3%2Faws4_request&X-Amz-Date=20260306T192108Z&X-Amz-Expires=3600&X-Amz-Signature=f94c014d4ea1da6ce8ed04793d1746b5850d06200da917f907acefde03cc415a&X-Amz-SignedHeaders=host&X-Xet-Cas-Uid=public&response-content-disposition=inline%3B+filename*%3DUTF-8%27%27train_bn_shard_01.json%3B+filename%3D%22train_bn_shard_01.json%22%3B&response-content-type=application%2Fjson&x-amz-checksum-mode=ENABLED&x-id=GetObject&Expires=1772828468&Policy=eyJTdGF0ZW1lbnQiOlt7IkNvbmRpdGlvbiI6eyJEYXRlTGVzc1RoYW4iOnsiQVdTOkVwb2NoVGltZSI6MTc3MjgyODQ2OH19LCJSZXNvdXJjZSI6Imh0dHBzOi8vY2FzLWJyaWRnZS54ZXRodWIuaGYuY28veGV0LWJyaWRnZS11cy82NTMxZmExY2E2YjhhMjAyMjIxNzQ1NjQvMzU0OGE4NzZkZTk4ZDI0NWQ2MTcyZDcyMDU5ODc4YzZiYWRmNzM4OWRkZGExNmYwMmFjYjQ3MmU0OTUzN2Y5OSoifV19&Signature=vh3t9lWyrguMg97Z-oohs86LzaOnplN5FiKm8R7E2grm2XMOGrnKVQSV1pvlvlCRplFH2bGFl%7Ex-hVNPaaJ-Bs3NcAlMxaZoLQo6CLVhgVrB00sahsB2PLobCeWih20XJ5qY%7EP3uo-4TQ4i7GumHnmpZpUvR-Z0VUk0oBqauc44yu1O4AjU5R1qX%7EyxHyzOJIKSFElVemJnqBsaLsvLaCvrrO9FRWvARrj1sUtW1MVesXLEXJ93RPxyAZWL5b3gsHcBXclzEPJzSXw1NEIK7ExBOc%7EC5PvdO-2qVAbFFCUb36zhlWA6njKDnpOv%7EadkFM7QbRcPRUIWllOmo4pDQqg__&Key-Pair-Id=K2L8F4GPSG1IFC "HTTP/1.1 206 Partial Content"
2026-03-07 00:51:15,968  INFO  HTTP Request: GET https://huggingface.co/datasets/rahular/varta/resolve/7151493e445ff102ccc720f515ae5a6c7f72fb46/train/train_bn_shard_01.json "HTTP/1.1 302 Found"
2026-03-07 00:51:16,631  INFO  HTTP Request: GET https://cas-bridge.xethub.hf.co/xet-bridge-us/6531fa1ca6b8a20222174564/3548a876de98d245d6172d72059878c6badf7389ddda16f02acb472e49537f99?X-Amz-Algorithm=AWS4-HMAC-SHA256&X-Amz-Content-Sha256=UNSIGNED-PAYLOAD&X-Amz-Credential=cas%2F20260306%2Fus-east-1%2Fs3%2Faws4_request&X-Amz-Date=20260306T192115Z&X-Amz-Expires=3600&X-Amz-Signature=56c46b856e7aa36cec390528eb1438dd6238ce632a23e53efd39d3cb824e1e09&X-Amz-SignedHeaders=host&X-Xet-Cas-Uid=public&response-content-disposition=inline%3B+filename*%3DUTF-8%27%27train_bn_shard_01.json%3B+filename%3D%22train_bn_shard_01.json%22%3B&response-content-type=application%2Fjson&x-amz-checksum-mode=ENABLED&x-id=GetObject&Expires=1772828475&Policy=eyJTdGF0ZW1lbnQiOlt7IkNvbmRpdGlvbiI6eyJEYXRlTGVzc1RoYW4iOnsiQVdTOkVwb2NoVGltZSI6MTc3MjgyODQ3NX19LCJSZXNvdXJjZSI6Imh0dHBzOi8vY2FzLWJyaWRnZS54ZXRodWIuaGYuY28veGV0LWJyaWRnZS11cy82NTMxZmExY2E2YjhhMjAyMjIxNzQ1NjQvMzU0OGE4NzZkZTk4ZDI0NWQ2MTcyZDcyMDU5ODc4YzZiYWRmNzM4OWRkZGExNmYwMmFjYjQ3MmU0OTUzN2Y5OSoifV19&Signature=SQhymIgzaSbgJ25lsGqRa%7E18elgktAkuzUQxcnC3fykBrXilkNOm02NPnLtMOXYio3B4Cs7Wb23Hk79oph11BwLvwc9ODyXpROTBIXBhPVqscPsUjb7fOYkLe4WQMmZWOsGSdHUTN7AAWD8diZ40juconjqEii80Ic2QdkIQF2pL9cUZQr%7EmjzTdun4iipDXzd3GxfeIKk993T92SzKv2%7E1WzVfKdaPfPp53s8eUykKkkeCJBr4BLtnboU%7EDc6lVgBn%7EcWHWKmz930A8yUre3O-5mFWdvznFhSinSpv%7EBGdCmepzzQFAH-XKH4Nh2-6kAIMdLlaIbArXoeaIixWcFw__&Key-Pair-Id=K2L8F4GPSG1IFC "HTTP/1.1 206 Partial Content"
2026-03-07 00:51:21,395  INFO  HTTP Request: GET https://huggingface.co/datasets/rahular/varta/resolve/7151493e445ff102ccc720f515ae5a6c7f72fb46/train/train_bn_shard_01.json "HTTP/1.1 302 Found"
2026-03-07 00:51:21,799  INFO  HTTP Request: GET https://cas-bridge.xethub.hf.co/xet-bridge-us/6531fa1ca6b8a20222174564/3548a876de98d245d6172d72059878c6badf7389ddda16f02acb472e49537f99?X-Amz-Algorithm=AWS4-HMAC-SHA256&X-Amz-Content-Sha256=UNSIGNED-PAYLOAD&X-Amz-Credential=cas%2F20260306%2Fus-east-1%2Fs3%2Faws4_request&X-Amz-Date=20260306T192120Z&X-Amz-Expires=3600&X-Amz-Signature=d944ad531c127633768745e9dedc6c48fd07c1f0b6905175beb30b211bf8f130&X-Amz-SignedHeaders=host&X-Xet-Cas-Uid=public&response-content-disposition=inline%3B+filename*%3DUTF-8%27%27train_bn_shard_01.json%3B+filename%3D%22train_bn_shard_01.json%22%3B&response-content-type=application%2Fjson&x-amz-checksum-mode=ENABLED&x-id=GetObject&Expires=1772828480&Policy=eyJTdGF0ZW1lbnQiOlt7IkNvbmRpdGlvbiI6eyJEYXRlTGVzc1RoYW4iOnsiQVdTOkVwb2NoVGltZSI6MTc3MjgyODQ4MH19LCJSZXNvdXJjZSI6Imh0dHBzOi8vY2FzLWJyaWRnZS54ZXRodWIuaGYuY28veGV0LWJyaWRnZS11cy82NTMxZmExY2E2YjhhMjAyMjIxNzQ1NjQvMzU0OGE4NzZkZTk4ZDI0NWQ2MTcyZDcyMDU5ODc4YzZiYWRmNzM4OWRkZGExNmYwMmFjYjQ3MmU0OTUzN2Y5OSoifV19&Signature=wNyL4FVHtbtmNnF%7EADBWvBtwAtKWiHjqK8PIi5oU4K56PDxM6iJ1mwpL%7EH2dhhZ501w63Lyl0ZGvgcSR0z4M58i2y4yStdk3wnIdgK-LXw40nK1YlKvLcwUKL1Wx8bFnqrbY61HmAwF-MhvtZOMXSugp8kypLJ4lFplqIsx3yu98xz5v1P8VaCt4peejHZ3grmJOJNuBI1VZTOGUfBwz6o-BKYb11xc%7E6pIdWTaSYsRkJVRSxyT6Erq9Yd2kEzpZejeYRt-W50xhKc0iiWgOzwa%7EAVNOBLxsdiym4nC2SvGkiPs-0UrYulzs%7E6GidH2O%7EQcYLPN4Bdz048McJ9oehA__&Key-Pair-Id=K2L8F4GPSG1IFC "HTTP/1.1 206 Partial Content"
2026-03-07 00:51:24,878  INFO  HTTP Request: GET https://huggingface.co/datasets/rahular/varta/resolve/7151493e445ff102ccc720f515ae5a6c7f72fb46/train/train_bn_shard_01.json "HTTP/1.1 302 Found"
2026-03-07 00:51:25,583  INFO  HTTP Request: GET https://cas-bridge.xethub.hf.co/xet-bridge-us/6531fa1ca6b8a20222174564/3548a876de98d245d6172d72059878c6badf7389ddda16f02acb472e49537f99?X-Amz-Algorithm=AWS4-HMAC-SHA256&X-Amz-Content-Sha256=UNSIGNED-PAYLOAD&X-Amz-Credential=cas%2F20260306%2Fus-east-1%2Fs3%2Faws4_request&X-Amz-Date=20260306T192120Z&X-Amz-Expires=3600&X-Amz-Signature=d944ad531c127633768745e9dedc6c48fd07c1f0b6905175beb30b211bf8f130&X-Amz-SignedHeaders=host&X-Xet-Cas-Uid=public&response-content-disposition=inline%3B+filename*%3DUTF-8%27%27train_bn_shard_01.json%3B+filename%3D%22train_bn_shard_01.json%22%3B&response-content-type=application%2Fjson&x-amz-checksum-mode=ENABLED&x-id=GetObject&Expires=1772828480&Policy=eyJTdGF0ZW1lbnQiOlt7IkNvbmRpdGlvbiI6eyJEYXRlTGVzc1RoYW4iOnsiQVdTOkVwb2NoVGltZSI6MTc3MjgyODQ4MH19LCJSZXNvdXJjZSI6Imh0dHBzOi8vY2FzLWJyaWRnZS54ZXRodWIuaGYuY28veGV0LWJyaWRnZS11cy82NTMxZmExY2E2YjhhMjAyMjIxNzQ1NjQvMzU0OGE4NzZkZTk4ZDI0NWQ2MTcyZDcyMDU5ODc4YzZiYWRmNzM4OWRkZGExNmYwMmFjYjQ3MmU0OTUzN2Y5OSoifV19&Signature=wNyL4FVHtbtmNnF%7EADBWvBtwAtKWiHjqK8PIi5oU4K56PDxM6iJ1mwpL%7EH2dhhZ501w63Lyl0ZGvgcSR0z4M58i2y4yStdk3wnIdgK-LXw40nK1YlKvLcwUKL1Wx8bFnqrbY61HmAwF-MhvtZOMXSugp8kypLJ4lFplqIsx3yu98xz5v1P8VaCt4peejHZ3grmJOJNuBI1VZTOGUfBwz6o-BKYb11xc%7E6pIdWTaSYsRkJVRSxyT6Erq9Yd2kEzpZejeYRt-W50xhKc0iiWgOzwa%7EAVNOBLxsdiym4nC2SvGkiPs-0UrYulzs%7E6GidH2O%7EQcYLPN4Bdz048McJ9oehA__&Key-Pair-Id=K2L8F4GPSG1IFC "HTTP/1.1 206 Partial Content"
2026-03-07 00:51:28,453  INFO  HTTP Request: GET https://huggingface.co/datasets/rahular/varta/resolve/7151493e445ff102ccc720f515ae5a6c7f72fb46/train/train_bn_shard_01.json "HTTP/1.1 302 Found"
2026-03-07 00:51:29,064  INFO  HTTP Request: GET https://cas-bridge.xethub.hf.co/xet-bridge-us/6531fa1ca6b8a20222174564/3548a876de98d245d6172d72059878c6badf7389ddda16f02acb472e49537f99?X-Amz-Algorithm=AWS4-HMAC-SHA256&X-Amz-Content-Sha256=UNSIGNED-PAYLOAD&X-Amz-Credential=cas%2F20260306%2Fus-east-1%2Fs3%2Faws4_request&X-Amz-Date=20260306T192128Z&X-Amz-Expires=3600&X-Amz-Signature=bb851066c811c624692553fd925bd5d5e0f101fb7a073702836396953e557425&X-Amz-SignedHeaders=host&X-Xet-Cas-Uid=public&response-content-disposition=inline%3B+filename*%3DUTF-8%27%27train_bn_shard_01.json%3B+filename%3D%22train_bn_shard_01.json%22%3B&response-content-type=application%2Fjson&x-amz-checksum-mode=ENABLED&x-id=GetObject&Expires=1772828488&Policy=eyJTdGF0ZW1lbnQiOlt7IkNvbmRpdGlvbiI6eyJEYXRlTGVzc1RoYW4iOnsiQVdTOkVwb2NoVGltZSI6MTc3MjgyODQ4OH19LCJSZXNvdXJjZSI6Imh0dHBzOi8vY2FzLWJyaWRnZS54ZXRodWIuaGYuY28veGV0LWJyaWRnZS11cy82NTMxZmExY2E2YjhhMjAyMjIxNzQ1NjQvMzU0OGE4NzZkZTk4ZDI0NWQ2MTcyZDcyMDU5ODc4YzZiYWRmNzM4OWRkZGExNmYwMmFjYjQ3MmU0OTUzN2Y5OSoifV19&Signature=lPZescGVG10c42BkkbKx6OfjbYGh92Meh8vS7RCVim0dzSES3KQGgOIlrcKwngP5dOY%7EvHIoTvNUouVzp4e9d-KgbIzT7ZsDfceQ5%7EdADWKLaSU6E%7ExeNs59f78dTPxlPTVqnaOKtSHfiwy0xQbkTTAE9D3r69AAxVPaIfyJdbynxCeXkgyYGjycIvdn0HTz1DsdN4ofXhjq%7EMkIpy3PbcJDQPgiREIOun5WlSrF-lI8cllSvli1O8WFPxIS7LVLMG7ZZpWzrH1QjRcl%7EzIQhGaRlFdZDmccMEVExq-N0ZekTt2y1hyiKabOBCr83wA9Wg%7EO1r990qHxcgzQZ74B%7Eg__&Key-Pair-Id=K2L8F4GPSG1IFC "HTTP/1.1 206 Partial Content"
2026-03-07 00:51:31,841  INFO  HTTP Request: GET https://huggingface.co/datasets/rahular/varta/resolve/7151493e445ff102ccc720f515ae5a6c7f72fb46/train/train_bn_shard_01.json "HTTP/1.1 302 Found"
2026-03-07 00:51:32,544  INFO  HTTP Request: GET https://cas-bridge.xethub.hf.co/xet-bridge-us/6531fa1ca6b8a20222174564/3548a876de98d245d6172d72059878c6badf7389ddda16f02acb472e49537f99?X-Amz-Algorithm=AWS4-HMAC-SHA256&X-Amz-Content-Sha256=UNSIGNED-PAYLOAD&X-Amz-Credential=cas%2F20260306%2Fus-east-1%2Fs3%2Faws4_request&X-Amz-Date=20260306T192131Z&X-Amz-Expires=3600&X-Amz-Signature=4e8703c6dd21cb6d37d05851f2304f2fa20328592195b030d84aca3de700af9b&X-Amz-SignedHeaders=host&X-Xet-Cas-Uid=public&response-content-disposition=inline%3B+filename*%3DUTF-8%27%27train_bn_shard_01.json%3B+filename%3D%22train_bn_shard_01.json%22%3B&response-content-type=application%2Fjson&x-amz-checksum-mode=ENABLED&x-id=GetObject&Expires=1772828491&Policy=eyJTdGF0ZW1lbnQiOlt7IkNvbmRpdGlvbiI6eyJEYXRlTGVzc1RoYW4iOnsiQVdTOkVwb2NoVGltZSI6MTc3MjgyODQ5MX19LCJSZXNvdXJjZSI6Imh0dHBzOi8vY2FzLWJyaWRnZS54ZXRodWIuaGYuY28veGV0LWJyaWRnZS11cy82NTMxZmExY2E2YjhhMjAyMjIxNzQ1NjQvMzU0OGE4NzZkZTk4ZDI0NWQ2MTcyZDcyMDU5ODc4YzZiYWRmNzM4OWRkZGExNmYwMmFjYjQ3MmU0OTUzN2Y5OSoifV19&Signature=qz%7EFf72J0dMb1zKekz9n4-OaNWZj0VjgjMmrV3cY5T9Y8dcRO6tb95hL8cvXfOPwxH3U9I8Z8GCruN0YkNVdvF64ZXYJ-Y5eO9tXrpDjs3yB2rSDjeW4tkrcJMUQlztl418r%7E-RBcvPKMPD-DdIfCV11amUQI6Q5C3A%7EgL4nynfF1ai9HgJuxQmKSHuXzKsWQpJbRmIoIWO3jQQlhkuqofFapDK%7Eq04FfeX7h%7E6wDFqBRCdny1dhZufTBvWZFquzrtUV0sXSO4utnf4hfpHF7kkOKW8Cpube5fr%7ECIqsy%7EHHZChncPs7fR1mENfnFz-6DSeP8rJd3qz59TIwEeqG5Q__&Key-Pair-Id=K2L8F4GPSG1IFC "HTTP/1.1 206 Partial Content"
2026-03-07 00:51:35,616  INFO  HTTP Request: GET https://huggingface.co/datasets/rahular/varta/resolve/7151493e445ff102ccc720f515ae5a6c7f72fb46/train/train_bn_shard_01.json "HTTP/1.1 302 Found"
2026-03-07 00:51:36,126  INFO  HTTP Request: GET https://cas-bridge.xethub.hf.co/xet-bridge-us/6531fa1ca6b8a20222174564/3548a876de98d245d6172d72059878c6badf7389ddda16f02acb472e49537f99?X-Amz-Algorithm=AWS4-HMAC-SHA256&X-Amz-Content-Sha256=UNSIGNED-PAYLOAD&X-Amz-Credential=cas%2F20260306%2Fus-east-1%2Fs3%2Faws4_request&X-Amz-Date=20260306T192135Z&X-Amz-Expires=3600&X-Amz-Signature=34243dc5ad75f5fe35a6563afc61c0c208fc0cc6ca912d8d9b6a458489ae09a6&X-Amz-SignedHeaders=host&X-Xet-Cas-Uid=public&response-content-disposition=inline%3B+filename*%3DUTF-8%27%27train_bn_shard_01.json%3B+filename%3D%22train_bn_shard_01.json%22%3B&response-content-type=application%2Fjson&x-amz-checksum-mode=ENABLED&x-id=GetObject&Expires=1772828495&Policy=eyJTdGF0ZW1lbnQiOlt7IkNvbmRpdGlvbiI6eyJEYXRlTGVzc1RoYW4iOnsiQVdTOkVwb2NoVGltZSI6MTc3MjgyODQ5NX19LCJSZXNvdXJjZSI6Imh0dHBzOi8vY2FzLWJyaWRnZS54ZXRodWIuaGYuY28veGV0LWJyaWRnZS11cy82NTMxZmExY2E2YjhhMjAyMjIxNzQ1NjQvMzU0OGE4NzZkZTk4ZDI0NWQ2MTcyZDcyMDU5ODc4YzZiYWRmNzM4OWRkZGExNmYwMmFjYjQ3MmU0OTUzN2Y5OSoifV19&Signature=mpj6xAMHLlDkBvgDTR7eZ5ZW8d%7EfFfdBjelgir5cUwA1o30uuoYdD95hBwz8oCPR2BWT258mpyUNOPjF9-XW0w0f5f4CvE1Z1eClrFr1tzA14j9Jsnvtnb-%7ESZZpYm6xOec37DsTJrapkfuqSwQrdBBkmNrXBtkF%7EbprIt5%7EeUWGLBzkjQVcPc3RR8XEpC7vcdYiuQfvIq2UMrauxIKUNNlwPbnAjxLlcAbyK5sOR5BK4a8pMr06qKA9Oah3L7SW341cqftTgwlP3GoQfYmKPEXVTCUPfc3NneI0E6etZArWmZbsJF99XkWrp2kD9qLuhFXRk730ewI9DiePG2Aanw__&Key-Pair-Id=K2L8F4GPSG1IFC "HTTP/1.1 206 Partial Content"
2026-03-07 00:51:39,813  INFO  HTTP Request: GET https://huggingface.co/datasets/rahular/varta/resolve/7151493e445ff102ccc720f515ae5a6c7f72fb46/train/train_bn_shard_01.json "HTTP/1.1 302 Found"
2026-03-07 00:51:40,428  INFO  HTTP Request: GET https://cas-bridge.xethub.hf.co/xet-bridge-us/6531fa1ca6b8a20222174564/3548a876de98d245d6172d72059878c6badf7389ddda16f02acb472e49537f99?X-Amz-Algorithm=AWS4-HMAC-SHA256&X-Amz-Content-Sha256=UNSIGNED-PAYLOAD&X-Amz-Credential=cas%2F20260306%2Fus-east-1%2Fs3%2Faws4_request&X-Amz-Date=20260306T192139Z&X-Amz-Expires=3600&X-Amz-Signature=f440d3840dc6f05669ad7eb93a53202b7718a12b95c7ec86015eaf3f7d9532cc&X-Amz-SignedHeaders=host&X-Xet-Cas-Uid=public&response-content-disposition=inline%3B+filename*%3DUTF-8%27%27train_bn_shard_01.json%3B+filename%3D%22train_bn_shard_01.json%22%3B&response-content-type=application%2Fjson&x-amz-checksum-mode=ENABLED&x-id=GetObject&Expires=1772828499&Policy=eyJTdGF0ZW1lbnQiOlt7IkNvbmRpdGlvbiI6eyJEYXRlTGVzc1RoYW4iOnsiQVdTOkVwb2NoVGltZSI6MTc3MjgyODQ5OX19LCJSZXNvdXJjZSI6Imh0dHBzOi8vY2FzLWJyaWRnZS54ZXRodWIuaGYuY28veGV0LWJyaWRnZS11cy82NTMxZmExY2E2YjhhMjAyMjIxNzQ1NjQvMzU0OGE4NzZkZTk4ZDI0NWQ2MTcyZDcyMDU5ODc4YzZiYWRmNzM4OWRkZGExNmYwMmFjYjQ3MmU0OTUzN2Y5OSoifV19&Signature=RKdsHuZSfpPOwZL5BTCanvq3wPL61nc41LGzEtYLDct5aTPsZBvP-88N%7ED9PpfbMn53mnLjUzNxdvYjnC5NDPAl%7EFfnEU-KZzsoiVwPc41B2%7EmgxOv4Z892%7E0KXqveFYx3a8U3zhJmaKhUl%7EIRVB1w2U68jq%7EGzsOevlY2LU0nlhd7GaBrp7TptkXEMyVPLQXmgxCVDbWsxJu8ARZ0%7EhZdYIKTAbb-LIZATRWJpq3fClyXPdo6Sc8OLw8LlreC3ViLMEPZxxcwxXenKpK5%7EjwIFu5JVNujsXkRdIVH1DYNepIBQlTNuCTdXmCL2edNqD5P4YBHwWRR6A6KCFLg7FjQ__&Key-Pair-Id=K2L8F4GPSG1IFC "HTTP/1.1 206 Partial Content"
2026-03-07 00:51:43,236  INFO  HTTP Request: GET https://huggingface.co/datasets/rahular/varta/resolve/7151493e445ff102ccc720f515ae5a6c7f72fb46/train/train_bn_shard_01.json "HTTP/1.1 302 Found"
2026-03-07 00:51:43,805  INFO  HTTP Request: GET https://cas-bridge.xethub.hf.co/xet-bridge-us/6531fa1ca6b8a20222174564/3548a876de98d245d6172d72059878c6badf7389ddda16f02acb472e49537f99?X-Amz-Algorithm=AWS4-HMAC-SHA256&X-Amz-Content-Sha256=UNSIGNED-PAYLOAD&X-Amz-Credential=cas%2F20260306%2Fus-east-1%2Fs3%2Faws4_request&X-Amz-Date=20260306T192143Z&X-Amz-Expires=3600&X-Amz-Signature=5f323b388247d0ed02b1a8e8b905cb46f661cac50a6de5b1ccfdcfc16986ec01&X-Amz-SignedHeaders=host&X-Xet-Cas-Uid=public&response-content-disposition=inline%3B+filename*%3DUTF-8%27%27train_bn_shard_01.json%3B+filename%3D%22train_bn_shard_01.json%22%3B&response-content-type=application%2Fjson&x-amz-checksum-mode=ENABLED&x-id=GetObject&Expires=1772828503&Policy=eyJTdGF0ZW1lbnQiOlt7IkNvbmRpdGlvbiI6eyJEYXRlTGVzc1RoYW4iOnsiQVdTOkVwb2NoVGltZSI6MTc3MjgyODUwM319LCJSZXNvdXJjZSI6Imh0dHBzOi8vY2FzLWJyaWRnZS54ZXRodWIuaGYuY28veGV0LWJyaWRnZS11cy82NTMxZmExY2E2YjhhMjAyMjIxNzQ1NjQvMzU0OGE4NzZkZTk4ZDI0NWQ2MTcyZDcyMDU5ODc4YzZiYWRmNzM4OWRkZGExNmYwMmFjYjQ3MmU0OTUzN2Y5OSoifV19&Signature=OKXLRUiCnoPnMKSzpRAgzoUqKQIDuxMXOIc-C4HQ23dFqxc55Y3KQYI-h55McliKdmKs5f%7EijkUHvlHRH8HAZQwvbw6gLhVnD0nI9rL%7E%7E3hMLjdriieCMvFCK85j1hr%7E-wTlc2o0K0WOilhiX2KZFKIPLei4%7EcqnqbU9m0tPotJFFHpWLoAtuG9gEitI9pUBD4bBn2lX69uvS4T27lWENevBcU7blJsl5NUbpwE27kq9VSVFG39s0s4uxusbNAbuSYW1tTTJ5W1MOn02T79cXZFDwQ1cSHh3kTITunGXkbLcRCX8k8Tolq4SUdaEwhOWO3MHup9iX1%7EHB1svE0v09g__&Key-Pair-Id=K2L8F4GPSG1IFC "HTTP/1.1 206 Partial Content"
2026-03-07 00:51:46,877  INFO  HTTP Request: GET https://huggingface.co/datasets/rahular/varta/resolve/7151493e445ff102ccc720f515ae5a6c7f72fb46/train/train_bn_shard_01.json "HTTP/1.1 302 Found"
2026-03-07 00:51:47,592  INFO  HTTP Request: GET https://cas-bridge.xethub.hf.co/xet-bridge-us/6531fa1ca6b8a20222174564/3548a876de98d245d6172d72059878c6badf7389ddda16f02acb472e49537f99?X-Amz-Algorithm=AWS4-HMAC-SHA256&X-Amz-Content-Sha256=UNSIGNED-PAYLOAD&X-Amz-Credential=cas%2F20260306%2Fus-east-1%2Fs3%2Faws4_request&X-Amz-Date=20260306T192146Z&X-Amz-Expires=3600&X-Amz-Signature=a853936f4e548a452f7d6a9413c886d564e9f48037cd47734c4d8986cc2e0643&X-Amz-SignedHeaders=host&X-Xet-Cas-Uid=public&response-content-disposition=inline%3B+filename*%3DUTF-8%27%27train_bn_shard_01.json%3B+filename%3D%22train_bn_shard_01.json%22%3B&response-content-type=application%2Fjson&x-amz-checksum-mode=ENABLED&x-id=GetObject&Expires=1772828506&Policy=eyJTdGF0ZW1lbnQiOlt7IkNvbmRpdGlvbiI6eyJEYXRlTGVzc1RoYW4iOnsiQVdTOkVwb2NoVGltZSI6MTc3MjgyODUwNn19LCJSZXNvdXJjZSI6Imh0dHBzOi8vY2FzLWJyaWRnZS54ZXRodWIuaGYuY28veGV0LWJyaWRnZS11cy82NTMxZmExY2E2YjhhMjAyMjIxNzQ1NjQvMzU0OGE4NzZkZTk4ZDI0NWQ2MTcyZDcyMDU5ODc4YzZiYWRmNzM4OWRkZGExNmYwMmFjYjQ3MmU0OTUzN2Y5OSoifV19&Signature=P-OjhR4mR485WEYZjClvtf%7ENAb0lcz6rgToBsZl88HE-ahuZqp9yvUtf6kCQkEgMxftknsOQVeUllS84gveHaJnP3NnZA6qS%7ECEe6R4YbolY9JPXKD6gRji8A5HjtkquzyVakXVwtRnCx9G6UiPUMuj2tj8MHC6suUYRPlB6KY01QhQ1Jt2yHKwntotoislcphuS7nGIKvHdiZ1WLT8p8GyGNUtdn2s20LrayySclE51A4OggF2ifKYrQMvznB8X27gttkavywVWd7rwzbyVk%7Ehx-IWTIYuhyUoOQhLP6lANoBDPvIEC-8N29mBYylvYKAv7MaQIU1pkhV6LXlUozA__&Key-Pair-Id=K2L8F4GPSG1IFC "HTTP/1.1 206 Partial Content"
2026-03-07 00:51:50,460  INFO  HTTP Request: GET https://huggingface.co/datasets/rahular/varta/resolve/7151493e445ff102ccc720f515ae5a6c7f72fb46/train/train_bn_shard_01.json "HTTP/1.1 302 Found"
2026-03-07 00:51:51,074  INFO  HTTP Request: GET https://cas-bridge.xethub.hf.co/xet-bridge-us/6531fa1ca6b8a20222174564/3548a876de98d245d6172d72059878c6badf7389ddda16f02acb472e49537f99?X-Amz-Algorithm=AWS4-HMAC-SHA256&X-Amz-Content-Sha256=UNSIGNED-PAYLOAD&X-Amz-Credential=cas%2F20260306%2Fus-east-1%2Fs3%2Faws4_request&X-Amz-Date=20260306T192150Z&X-Amz-Expires=3600&X-Amz-Signature=f6b40cd523b00fd3bd3630962325faf7d8b8dee8e09bd09b3fe517019d9c1819&X-Amz-SignedHeaders=host&X-Xet-Cas-Uid=public&response-content-disposition=inline%3B+filename*%3DUTF-8%27%27train_bn_shard_01.json%3B+filename%3D%22train_bn_shard_01.json%22%3B&response-content-type=application%2Fjson&x-amz-checksum-mode=ENABLED&x-id=GetObject&Expires=1772828510&Policy=eyJTdGF0ZW1lbnQiOlt7IkNvbmRpdGlvbiI6eyJEYXRlTGVzc1RoYW4iOnsiQVdTOkVwb2NoVGltZSI6MTc3MjgyODUxMH19LCJSZXNvdXJjZSI6Imh0dHBzOi8vY2FzLWJyaWRnZS54ZXRodWIuaGYuY28veGV0LWJyaWRnZS11cy82NTMxZmExY2E2YjhhMjAyMjIxNzQ1NjQvMzU0OGE4NzZkZTk4ZDI0NWQ2MTcyZDcyMDU5ODc4YzZiYWRmNzM4OWRkZGExNmYwMmFjYjQ3MmU0OTUzN2Y5OSoifV19&Signature=b8qiGPXNeT5PaD2T-agVH23P2ZiB6vau72KBPCaGDk8yByQNuQqPIsYQF2pKCew8cOfRoyps%7EVN-nbDlJ3nO-E7FADod5ogyaY7-QtBHbCrC0QrWnxtjQFyLuMOClXTugyJXvfYTRtuKMjCAFROwo4X15qxPghhPsDyY5VEGyCv0PZoYWZXWClH%7EPdv9qZ5-tzchnEgZZcoWEsMGV6LVqnVMQ4fMxSwGBz8Ryl301KTrnrNJtKmy3czO7ygML-5QewUKcqqCtfYKwzPwSfPI5NJiiAXy6P7192y3CkwVEEpvzsADArCfMv1SgaZDTMRWJaztz6sVnlFcTqr6jyHvxw__&Key-Pair-Id=K2L8F4GPSG1IFC "HTTP/1.1 206 Partial Content"
2026-03-07 00:51:53,634  INFO  HTTP Request: GET https://huggingface.co/datasets/rahular/varta/resolve/7151493e445ff102ccc720f515ae5a6c7f72fb46/train/train_bn_shard_01.json "HTTP/1.1 302 Found"
2026-03-07 00:51:54,258  INFO  HTTP Request: GET https://cas-bridge.xethub.hf.co/xet-bridge-us/6531fa1ca6b8a20222174564/3548a876de98d245d6172d72059878c6badf7389ddda16f02acb472e49537f99?X-Amz-Algorithm=AWS4-HMAC-SHA256&X-Amz-Content-Sha256=UNSIGNED-PAYLOAD&X-Amz-Credential=cas%2F20260306%2Fus-east-1%2Fs3%2Faws4_request&X-Amz-Date=20260306T192153Z&X-Amz-Expires=3600&X-Amz-Signature=86de8d7c5d11464fdd288a6484b3e1a963fce15f6bb3c955c0ee13413eed5cc7&X-Amz-SignedHeaders=host&X-Xet-Cas-Uid=public&response-content-disposition=inline%3B+filename*%3DUTF-8%27%27train_bn_shard_01.json%3B+filename%3D%22train_bn_shard_01.json%22%3B&response-content-type=application%2Fjson&x-amz-checksum-mode=ENABLED&x-id=GetObject&Expires=1772828513&Policy=eyJTdGF0ZW1lbnQiOlt7IkNvbmRpdGlvbiI6eyJEYXRlTGVzc1RoYW4iOnsiQVdTOkVwb2NoVGltZSI6MTc3MjgyODUxM319LCJSZXNvdXJjZSI6Imh0dHBzOi8vY2FzLWJyaWRnZS54ZXRodWIuaGYuY28veGV0LWJyaWRnZS11cy82NTMxZmExY2E2YjhhMjAyMjIxNzQ1NjQvMzU0OGE4NzZkZTk4ZDI0NWQ2MTcyZDcyMDU5ODc4YzZiYWRmNzM4OWRkZGExNmYwMmFjYjQ3MmU0OTUzN2Y5OSoifV19&Signature=ROAHQ78ORZ9TjyoD1CLrvU%7EUnWCoTsyR5Ft4kWzoNOIt%7Er44mJznsxYuMMsuteYCje0wjn1SL3LQ-eRFKvGyuaOMB%7Eh6Cu3y5K%7EPv8WhnJD8DZadalpI1xqsRr3TaHOiHguANWmvopZIOMvhDHsLyl1Z6Bl-xIpjiGmY8jjFOxAVWQNDwtWJFMQajKRV72RGwN2zQtNpzr%7EXo8TqoVRnhl0ImeaJeKtlWiGRq9sMztlpwGhsxGq5riAlaApkC6akqb7sWz865%7Ea6vMlXywLP97qA2NjrMQjHfxAJjAVTMjXZdjfk0Y0WFz241y8wuDFBWy9og%7EPnSP4UI4RhWYa4Gg__&Key-Pair-Id=K2L8F4GPSG1IFC "HTTP/1.1 206 Partial Content"
2026-03-07 00:51:57,114  INFO  HTTP Request: GET https://huggingface.co/datasets/rahular/varta/resolve/7151493e445ff102ccc720f515ae5a6c7f72fb46/train/train_bn_shard_01.json "HTTP/1.1 302 Found"
2026-03-07 00:51:57,830  INFO  HTTP Request: GET https://cas-bridge.xethub.hf.co/xet-bridge-us/6531fa1ca6b8a20222174564/3548a876de98d245d6172d72059878c6badf7389ddda16f02acb472e49537f99?X-Amz-Algorithm=AWS4-HMAC-SHA256&X-Amz-Content-Sha256=UNSIGNED-PAYLOAD&X-Amz-Credential=cas%2F20260306%2Fus-east-1%2Fs3%2Faws4_request&X-Amz-Date=20260306T192156Z&X-Amz-Expires=3600&X-Amz-Signature=cdce6648a3dd64e4f0fd7832b6c3bd39179c93e87ed694b7a859bc10fcbc6827&X-Amz-SignedHeaders=host&X-Xet-Cas-Uid=public&response-content-disposition=inline%3B+filename*%3DUTF-8%27%27train_bn_shard_01.json%3B+filename%3D%22train_bn_shard_01.json%22%3B&response-content-type=application%2Fjson&x-amz-checksum-mode=ENABLED&x-id=GetObject&Expires=1772828516&Policy=eyJTdGF0ZW1lbnQiOlt7IkNvbmRpdGlvbiI6eyJEYXRlTGVzc1RoYW4iOnsiQVdTOkVwb2NoVGltZSI6MTc3MjgyODUxNn19LCJSZXNvdXJjZSI6Imh0dHBzOi8vY2FzLWJyaWRnZS54ZXRodWIuaGYuY28veGV0LWJyaWRnZS11cy82NTMxZmExY2E2YjhhMjAyMjIxNzQ1NjQvMzU0OGE4NzZkZTk4ZDI0NWQ2MTcyZDcyMDU5ODc4YzZiYWRmNzM4OWRkZGExNmYwMmFjYjQ3MmU0OTUzN2Y5OSoifV19&Signature=lNKzZz0B2ENc6Bx%7Ec0y2idnB7t3AGv-aJWPwPV-YA15NNUlc8c0LHTBuBLeLfeLGZbmxVi-pO3VNeL%7E2jmXvjK8uoSY4sIzRLmHgJe31N5nfxSFvuHkNiT1AXS-Zc2Pehk0eVNUBU%7EuDAiVRqImvhUGI6XWQ6ld5xgxkBEi6xqMwEZaUv3W%7EHnWmge9Hz-vVbgUE18GzptEkw-%7EbYyHGO-8peXaBpvQ5-Vsj2u-XBI9KLs2UY9L%7Ew%7EUsP%7EcORfdyJbGuQELJW-cjhDivPUiGrgdLMTfQAxuh1ZbD2kWIQOYzD5raW6E1csQegcPS011WdNww2UllGhyq8GnpUItotQ__&Key-Pair-Id=K2L8F4GPSG1IFC "HTTP/1.1 206 Partial Content"
2026-03-07 00:52:00,595  INFO  HTTP Request: GET https://huggingface.co/datasets/rahular/varta/resolve/7151493e445ff102ccc720f515ae5a6c7f72fb46/train/train_bn_shard_01.json "HTTP/1.1 302 Found"
2026-03-07 00:52:01,005  INFO  HTTP Request: GET https://cas-bridge.xethub.hf.co/xet-bridge-us/6531fa1ca6b8a20222174564/3548a876de98d245d6172d72059878c6badf7389ddda16f02acb472e49537f99?X-Amz-Algorithm=AWS4-HMAC-SHA256&X-Amz-Content-Sha256=UNSIGNED-PAYLOAD&X-Amz-Credential=cas%2F20260306%2Fus-east-1%2Fs3%2Faws4_request&X-Amz-Date=20260306T192200Z&X-Amz-Expires=3600&X-Amz-Signature=732e7f8a4627c4d3d2252c7960cb213e3f321420b985ac147ee96d70b4278207&X-Amz-SignedHeaders=host&X-Xet-Cas-Uid=public&response-content-disposition=inline%3B+filename*%3DUTF-8%27%27train_bn_shard_01.json%3B+filename%3D%22train_bn_shard_01.json%22%3B&response-content-type=application%2Fjson&x-amz-checksum-mode=ENABLED&x-id=GetObject&Expires=1772828520&Policy=eyJTdGF0ZW1lbnQiOlt7IkNvbmRpdGlvbiI6eyJEYXRlTGVzc1RoYW4iOnsiQVdTOkVwb2NoVGltZSI6MTc3MjgyODUyMH19LCJSZXNvdXJjZSI6Imh0dHBzOi8vY2FzLWJyaWRnZS54ZXRodWIuaGYuY28veGV0LWJyaWRnZS11cy82NTMxZmExY2E2YjhhMjAyMjIxNzQ1NjQvMzU0OGE4NzZkZTk4ZDI0NWQ2MTcyZDcyMDU5ODc4YzZiYWRmNzM4OWRkZGExNmYwMmFjYjQ3MmU0OTUzN2Y5OSoifV19&Signature=anShNKKR%7EeTmT77ScDmJclORatl02MnwUbkqQVozaj0dHcWPQACdU9P%7ERLb3B9ydWFGiZDLHLwrS6gchbmDa55aUCtgzmFbazR27noVYc4DFOen0JFhjU4cmeTq6HqZjxvK%7Ek3JCZWlBpHmppVex-0KFKu-DsHsQYu9wYhg4TxMLx1E66Gx6rXLI7r7udW91ms9i0w0VdDozs8G4Pz%7EGEupXHTwFCR5fYjdiNRwWZl4WdMetGh1rcScY20gz0xaUaA8JENUjTyxTvpoXacnsCtOKIyE5ceR7O4XbMmc51hrShlBeSUGDLJV28gIrclcJBkNYrSbKddEnfODkpPnvvQ__&Key-Pair-Id=K2L8F4GPSG1IFC "HTTP/1.1 206 Partial Content"
2026-03-07 00:52:03,575  INFO  HTTP Request: GET https://huggingface.co/datasets/rahular/varta/resolve/7151493e445ff102ccc720f515ae5a6c7f72fb46/train/train_bn_shard_01.json "HTTP/1.1 302 Found"
2026-03-07 00:52:04,040  INFO  HTTP Request: GET https://cas-bridge.xethub.hf.co/xet-bridge-us/6531fa1ca6b8a20222174564/3548a876de98d245d6172d72059878c6badf7389ddda16f02acb472e49537f99?X-Amz-Algorithm=AWS4-HMAC-SHA256&X-Amz-Content-Sha256=UNSIGNED-PAYLOAD&X-Amz-Credential=cas%2F20260306%2Fus-east-1%2Fs3%2Faws4_request&X-Amz-Date=20260306T192108Z&X-Amz-Expires=3600&X-Amz-Signature=f94c014d4ea1da6ce8ed04793d1746b5850d06200da917f907acefde03cc415a&X-Amz-SignedHeaders=host&X-Xet-Cas-Uid=public&response-content-disposition=inline%3B+filename*%3DUTF-8%27%27train_bn_shard_01.json%3B+filename%3D%22train_bn_shard_01.json%22%3B&response-content-type=application%2Fjson&x-amz-checksum-mode=ENABLED&x-id=GetObject&Expires=1772828468&Policy=eyJTdGF0ZW1lbnQiOlt7IkNvbmRpdGlvbiI6eyJEYXRlTGVzc1RoYW4iOnsiQVdTOkVwb2NoVGltZSI6MTc3MjgyODQ2OH19LCJSZXNvdXJjZSI6Imh0dHBzOi8vY2FzLWJyaWRnZS54ZXRodWIuaGYuY28veGV0LWJyaWRnZS11cy82NTMxZmExY2E2YjhhMjAyMjIxNzQ1NjQvMzU0OGE4NzZkZTk4ZDI0NWQ2MTcyZDcyMDU5ODc4YzZiYWRmNzM4OWRkZGExNmYwMmFjYjQ3MmU0OTUzN2Y5OSoifV19&Signature=vh3t9lWyrguMg97Z-oohs86LzaOnplN5FiKm8R7E2grm2XMOGrnKVQSV1pvlvlCRplFH2bGFl%7Ex-hVNPaaJ-Bs3NcAlMxaZoLQo6CLVhgVrB00sahsB2PLobCeWih20XJ5qY%7EP3uo-4TQ4i7GumHnmpZpUvR-Z0VUk0oBqauc44yu1O4AjU5R1qX%7EyxHyzOJIKSFElVemJnqBsaLsvLaCvrrO9FRWvARrj1sUtW1MVesXLEXJ93RPxyAZWL5b3gsHcBXclzEPJzSXw1NEIK7ExBOc%7EC5PvdO-2qVAbFFCUb36zhlWA6njKDnpOv%7EadkFM7QbRcPRUIWllOmo4pDQqg__&Key-Pair-Id=K2L8F4GPSG1IFC "HTTP/1.1 206 Partial Content"
2026-03-07 00:52:07,045  INFO  HTTP Request: GET https://huggingface.co/datasets/rahular/varta/resolve/7151493e445ff102ccc720f515ae5a6c7f72fb46/train/train_bn_shard_01.json "HTTP/1.1 302 Found"
2026-03-07 00:52:07,454  INFO  HTTP Request: GET https://cas-bridge.xethub.hf.co/xet-bridge-us/6531fa1ca6b8a20222174564/3548a876de98d245d6172d72059878c6badf7389ddda16f02acb472e49537f99?X-Amz-Algorithm=AWS4-HMAC-SHA256&X-Amz-Content-Sha256=UNSIGNED-PAYLOAD&X-Amz-Credential=cas%2F20260306%2Fus-east-1%2Fs3%2Faws4_request&X-Amz-Date=20260306T192108Z&X-Amz-Expires=3600&X-Amz-Signature=f94c014d4ea1da6ce8ed04793d1746b5850d06200da917f907acefde03cc415a&X-Amz-SignedHeaders=host&X-Xet-Cas-Uid=public&response-content-disposition=inline%3B+filename*%3DUTF-8%27%27train_bn_shard_01.json%3B+filename%3D%22train_bn_shard_01.json%22%3B&response-content-type=application%2Fjson&x-amz-checksum-mode=ENABLED&x-id=GetObject&Expires=1772828468&Policy=eyJTdGF0ZW1lbnQiOlt7IkNvbmRpdGlvbiI6eyJEYXRlTGVzc1RoYW4iOnsiQVdTOkVwb2NoVGltZSI6MTc3MjgyODQ2OH19LCJSZXNvdXJjZSI6Imh0dHBzOi8vY2FzLWJyaWRnZS54ZXRodWIuaGYuY28veGV0LWJyaWRnZS11cy82NTMxZmExY2E2YjhhMjAyMjIxNzQ1NjQvMzU0OGE4NzZkZTk4ZDI0NWQ2MTcyZDcyMDU5ODc4YzZiYWRmNzM4OWRkZGExNmYwMmFjYjQ3MmU0OTUzN2Y5OSoifV19&Signature=vh3t9lWyrguMg97Z-oohs86LzaOnplN5FiKm8R7E2grm2XMOGrnKVQSV1pvlvlCRplFH2bGFl%7Ex-hVNPaaJ-Bs3NcAlMxaZoLQo6CLVhgVrB00sahsB2PLobCeWih20XJ5qY%7EP3uo-4TQ4i7GumHnmpZpUvR-Z0VUk0oBqauc44yu1O4AjU5R1qX%7EyxHyzOJIKSFElVemJnqBsaLsvLaCvrrO9FRWvARrj1sUtW1MVesXLEXJ93RPxyAZWL5b3gsHcBXclzEPJzSXw1NEIK7ExBOc%7EC5PvdO-2qVAbFFCUb36zhlWA6njKDnpOv%7EadkFM7QbRcPRUIWllOmo4pDQqg__&Key-Pair-Id=K2L8F4GPSG1IFC "HTTP/1.1 206 Partial Content"
2026-03-07 00:52:11,242  INFO  HTTP Request: GET https://huggingface.co/datasets/rahular/varta/resolve/7151493e445ff102ccc720f515ae5a6c7f72fb46/train/train_bn_shard_01.json "HTTP/1.1 302 Found"
2026-03-07 00:52:11,958  INFO  HTTP Request: GET https://cas-bridge.xethub.hf.co/xet-bridge-us/6531fa1ca6b8a20222174564/3548a876de98d245d6172d72059878c6badf7389ddda16f02acb472e49537f99?X-Amz-Algorithm=AWS4-HMAC-SHA256&X-Amz-Content-Sha256=UNSIGNED-PAYLOAD&X-Amz-Credential=cas%2F20260306%2Fus-east-1%2Fs3%2Faws4_request&X-Amz-Date=20260306T192128Z&X-Amz-Expires=3600&X-Amz-Signature=bb851066c811c624692553fd925bd5d5e0f101fb7a073702836396953e557425&X-Amz-SignedHeaders=host&X-Xet-Cas-Uid=public&response-content-disposition=inline%3B+filename*%3DUTF-8%27%27train_bn_shard_01.json%3B+filename%3D%22train_bn_shard_01.json%22%3B&response-content-type=application%2Fjson&x-amz-checksum-mode=ENABLED&x-id=GetObject&Expires=1772828488&Policy=eyJTdGF0ZW1lbnQiOlt7IkNvbmRpdGlvbiI6eyJEYXRlTGVzc1RoYW4iOnsiQVdTOkVwb2NoVGltZSI6MTc3MjgyODQ4OH19LCJSZXNvdXJjZSI6Imh0dHBzOi8vY2FzLWJyaWRnZS54ZXRodWIuaGYuY28veGV0LWJyaWRnZS11cy82NTMxZmExY2E2YjhhMjAyMjIxNzQ1NjQvMzU0OGE4NzZkZTk4ZDI0NWQ2MTcyZDcyMDU5ODc4YzZiYWRmNzM4OWRkZGExNmYwMmFjYjQ3MmU0OTUzN2Y5OSoifV19&Signature=lPZescGVG10c42BkkbKx6OfjbYGh92Meh8vS7RCVim0dzSES3KQGgOIlrcKwngP5dOY%7EvHIoTvNUouVzp4e9d-KgbIzT7ZsDfceQ5%7EdADWKLaSU6E%7ExeNs59f78dTPxlPTVqnaOKtSHfiwy0xQbkTTAE9D3r69AAxVPaIfyJdbynxCeXkgyYGjycIvdn0HTz1DsdN4ofXhjq%7EMkIpy3PbcJDQPgiREIOun5WlSrF-lI8cllSvli1O8WFPxIS7LVLMG7ZZpWzrH1QjRcl%7EzIQhGaRlFdZDmccMEVExq-N0ZekTt2y1hyiKabOBCr83wA9Wg%7EO1r990qHxcgzQZ74B%7Eg__&Key-Pair-Id=K2L8F4GPSG1IFC "HTTP/1.1 206 Partial Content"
2026-03-07 00:52:14,620  INFO  HTTP Request: GET https://huggingface.co/datasets/rahular/varta/resolve/7151493e445ff102ccc720f515ae5a6c7f72fb46/train/train_bn_shard_01.json "HTTP/1.1 302 Found"
2026-03-07 00:52:15,240  INFO  HTTP Request: GET https://cas-bridge.xethub.hf.co/xet-bridge-us/6531fa1ca6b8a20222174564/3548a876de98d245d6172d72059878c6badf7389ddda16f02acb472e49537f99?X-Amz-Algorithm=AWS4-HMAC-SHA256&X-Amz-Content-Sha256=UNSIGNED-PAYLOAD&X-Amz-Credential=cas%2F20260306%2Fus-east-1%2Fs3%2Faws4_request&X-Amz-Date=20260306T192214Z&X-Amz-Expires=3600&X-Amz-Signature=af2216da10850f0b38fc43aa4e0a791614aae208dfbff1b27cd443f55325b0b8&X-Amz-SignedHeaders=host&X-Xet-Cas-Uid=public&response-content-disposition=inline%3B+filename*%3DUTF-8%27%27train_bn_shard_01.json%3B+filename%3D%22train_bn_shard_01.json%22%3B&response-content-type=application%2Fjson&x-amz-checksum-mode=ENABLED&x-id=GetObject&Expires=1772828534&Policy=eyJTdGF0ZW1lbnQiOlt7IkNvbmRpdGlvbiI6eyJEYXRlTGVzc1RoYW4iOnsiQVdTOkVwb2NoVGltZSI6MTc3MjgyODUzNH19LCJSZXNvdXJjZSI6Imh0dHBzOi8vY2FzLWJyaWRnZS54ZXRodWIuaGYuY28veGV0LWJyaWRnZS11cy82NTMxZmExY2E2YjhhMjAyMjIxNzQ1NjQvMzU0OGE4NzZkZTk4ZDI0NWQ2MTcyZDcyMDU5ODc4YzZiYWRmNzM4OWRkZGExNmYwMmFjYjQ3MmU0OTUzN2Y5OSoifV19&Signature=JzDsdqxpWEENSqC-hGqsGB-CzgsRtUs0OSdH4a30My1ksCELhhrnpmfNISqn5Y2mL5MPSAvoad%7EIPqEMvqt2kykPRi3U%7ER7VZXr3jyZN4GX7JIRWtVWoy8vsiNFpazrUM-8fJfmZPHRNGeoA9IdgV9NEdG6T86YdgI8nt8zDspNIOfzyXlZ6Bd-x1ImiLY-LQF9svamPtvdtjKtKV2YQds81hpCuyLPQqAWJOL3GR0-tpQ0dg%7EFb2xV837TRYoSTgevvOWxmPw7ssuNcBXnmHCZcw1%7EMc8UL2RK8wUmGlO%7E3cQbrfxD3Dffcfp3%7EPBW7FkpHhcTKXu5Rqxnoxm1kjw__&Key-Pair-Id=K2L8F4GPSG1IFC "HTTP/1.1 206 Partial Content"
2026-03-07 00:52:18,612  INFO  HTTP Request: GET https://huggingface.co/datasets/rahular/varta/resolve/7151493e445ff102ccc720f515ae5a6c7f72fb46/train/train_bn_shard_01.json "HTTP/1.1 302 Found"
2026-03-07 00:52:19,329  INFO  HTTP Request: GET https://cas-bridge.xethub.hf.co/xet-bridge-us/6531fa1ca6b8a20222174564/3548a876de98d245d6172d72059878c6badf7389ddda16f02acb472e49537f99?X-Amz-Algorithm=AWS4-HMAC-SHA256&X-Amz-Content-Sha256=UNSIGNED-PAYLOAD&X-Amz-Credential=cas%2F20260306%2Fus-east-1%2Fs3%2Faws4_request&X-Amz-Date=20260306T192217Z&X-Amz-Expires=3600&X-Amz-Signature=9f5c08a9db9504b2322f0fb3231c73ef42c9793e5cfb0ea067559deebfa1ce1b&X-Amz-SignedHeaders=host&X-Xet-Cas-Uid=public&response-content-disposition=inline%3B+filename*%3DUTF-8%27%27train_bn_shard_01.json%3B+filename%3D%22train_bn_shard_01.json%22%3B&response-content-type=application%2Fjson&x-amz-checksum-mode=ENABLED&x-id=GetObject&Expires=1772828537&Policy=eyJTdGF0ZW1lbnQiOlt7IkNvbmRpdGlvbiI6eyJEYXRlTGVzc1RoYW4iOnsiQVdTOkVwb2NoVGltZSI6MTc3MjgyODUzN319LCJSZXNvdXJjZSI6Imh0dHBzOi8vY2FzLWJyaWRnZS54ZXRodWIuaGYuY28veGV0LWJyaWRnZS11cy82NTMxZmExY2E2YjhhMjAyMjIxNzQ1NjQvMzU0OGE4NzZkZTk4ZDI0NWQ2MTcyZDcyMDU5ODc4YzZiYWRmNzM4OWRkZGExNmYwMmFjYjQ3MmU0OTUzN2Y5OSoifV19&Signature=tlyspZ3bGZzraR4fvyep1bcgwLlwGiUklDdnkOs%7EIwwliO-ElmioI2V%7EzAXaIv4rqncY1VZm8MUIOxLaNmYyYgCjd10aPXPTDKl57jJL6NtLQPUIL575dVvAZnczPXT6ALxDuIg-LOd-iqMH3l8vCfjpOHLapirDCD3vFMp9uRE2ZRUc7u6RBObEFFAG5dLM8MJt0moyhwPT0XjTzJNDQoajAei7JzzM6hn7P4ZJifDIDNi8GtAmwtO9AM3IPq7BuiJm6BU-SFhEF9JqBp46MBJCFlRXsnnSWXXKHkdQcpB5-%7EcrXS3pI1xc7iFPua30REfAPCFOlrKWYgIGslf2Jg__&Key-Pair-Id=K2L8F4GPSG1IFC "HTTP/1.1 206 Partial Content"
2026-03-07 00:52:21,889  INFO  HTTP Request: GET https://huggingface.co/datasets/rahular/varta/resolve/7151493e445ff102ccc720f515ae5a6c7f72fb46/train/train_bn_shard_01.json "HTTP/1.1 302 Found"
2026-03-07 00:52:22,298  INFO  HTTP Request: GET https://cas-bridge.xethub.hf.co/xet-bridge-us/6531fa1ca6b8a20222174564/3548a876de98d245d6172d72059878c6badf7389ddda16f02acb472e49537f99?X-Amz-Algorithm=AWS4-HMAC-SHA256&X-Amz-Content-Sha256=UNSIGNED-PAYLOAD&X-Amz-Credential=cas%2F20260306%2Fus-east-1%2Fs3%2Faws4_request&X-Amz-Date=20260306T192221Z&X-Amz-Expires=3600&X-Amz-Signature=3a614322b821a5d65b0e3a216b7ecfdbc8c762171ca0c1137a664f5b4d2fd5ec&X-Amz-SignedHeaders=host&X-Xet-Cas-Uid=public&response-content-disposition=inline%3B+filename*%3DUTF-8%27%27train_bn_shard_01.json%3B+filename%3D%22train_bn_shard_01.json%22%3B&response-content-type=application%2Fjson&x-amz-checksum-mode=ENABLED&x-id=GetObject&Expires=1772828541&Policy=eyJTdGF0ZW1lbnQiOlt7IkNvbmRpdGlvbiI6eyJEYXRlTGVzc1RoYW4iOnsiQVdTOkVwb2NoVGltZSI6MTc3MjgyODU0MX19LCJSZXNvdXJjZSI6Imh0dHBzOi8vY2FzLWJyaWRnZS54ZXRodWIuaGYuY28veGV0LWJyaWRnZS11cy82NTMxZmExY2E2YjhhMjAyMjIxNzQ1NjQvMzU0OGE4NzZkZTk4ZDI0NWQ2MTcyZDcyMDU5ODc4YzZiYWRmNzM4OWRkZGExNmYwMmFjYjQ3MmU0OTUzN2Y5OSoifV19&Signature=Xlv0c4ONb%7EvMyTFo5L7frymp0VvLL9b%7Eto8FvmYir-04unt-B7o7%7EbTE0iC5aCYrl28F6o6T4GweMEQJ4wzBnxxQ-MFI62K0h6i-GEdM52oM3Jg%7EXx0KOBHXXUO4kf4HZ67Y0E3nkRj6VIww5HMV7vi0KKH1ZDglZwgtxiTENOdZsT8jEKxzvDLIbG869pBUtm1AIQaSn39%7EEKGKioZ4k%7ECP1FY2Cb3FF7X7961poCmZuO9yR0Z-gCHpaSgkpLSINvSKtBsTz-SuObgejtdYggS5FJzMHhrLAAivbG6tc3weueXzKETB7tgy1yDfiiphBPrRJQ4o3xFxRBldIhn74w__&Key-Pair-Id=K2L8F4GPSG1IFC "HTTP/1.1 206 Partial Content"
2026-03-07 00:52:25,164  INFO  HTTP Request: GET https://huggingface.co/datasets/rahular/varta/resolve/7151493e445ff102ccc720f515ae5a6c7f72fb46/train/train_bn_shard_01.json "HTTP/1.1 302 Found"
2026-03-07 00:52:25,676  INFO  HTTP Request: GET https://cas-bridge.xethub.hf.co/xet-bridge-us/6531fa1ca6b8a20222174564/3548a876de98d245d6172d72059878c6badf7389ddda16f02acb472e49537f99?X-Amz-Algorithm=AWS4-HMAC-SHA256&X-Amz-Content-Sha256=UNSIGNED-PAYLOAD&X-Amz-Credential=cas%2F20260306%2Fus-east-1%2Fs3%2Faws4_request&X-Amz-Date=20260306T192224Z&X-Amz-Expires=3600&X-Amz-Signature=6c2f33ebce003841d44ff096171281a422f1e9a42475f9fb4fff37801a130467&X-Amz-SignedHeaders=host&X-Xet-Cas-Uid=public&response-content-disposition=inline%3B+filename*%3DUTF-8%27%27train_bn_shard_01.json%3B+filename%3D%22train_bn_shard_01.json%22%3B&response-content-type=application%2Fjson&x-amz-checksum-mode=ENABLED&x-id=GetObject&Expires=1772828544&Policy=eyJTdGF0ZW1lbnQiOlt7IkNvbmRpdGlvbiI6eyJEYXRlTGVzc1RoYW4iOnsiQVdTOkVwb2NoVGltZSI6MTc3MjgyODU0NH19LCJSZXNvdXJjZSI6Imh0dHBzOi8vY2FzLWJyaWRnZS54ZXRodWIuaGYuY28veGV0LWJyaWRnZS11cy82NTMxZmExY2E2YjhhMjAyMjIxNzQ1NjQvMzU0OGE4NzZkZTk4ZDI0NWQ2MTcyZDcyMDU5ODc4YzZiYWRmNzM4OWRkZGExNmYwMmFjYjQ3MmU0OTUzN2Y5OSoifV19&Signature=Vg9vIoQU6oRdvnVll14nfJ0kUGmanVAsMe6Iubmqe-rbrc3Jw2Z8TNLbJX7hltm3IVP3WS%7EOnJlFEPAGY4NMyRV5oQhWxJvl3V8ygcaKAtb%7E-Ml-bmJ%7E%7EA55mLvU0-%7EhJh6vsk7ZRtPT7oQ8Q2AyAo8c3WM6NPw8vW4kYY3Owvpgwaxg%7EmTFVUSat%7EXghGG5C4xriEEkj3uNiWzfBw36Ysnu%7EziQOaSy9lYE9ZuLloOKOrTfSRhnBEYrA973gvJkVDJRg2tN5%7EMf6txjzD7ILUh4roh7%7ETIzx9UDXMIwomx0f05UTtTXwh7zQmYFOtD3-Yltn2njtZ1k9-A5-sSmuw__&Key-Pair-Id=K2L8F4GPSG1IFC "HTTP/1.1 206 Partial Content"
2026-03-07 00:52:28,543  INFO  HTTP Request: GET https://huggingface.co/datasets/rahular/varta/resolve/7151493e445ff102ccc720f515ae5a6c7f72fb46/train/train_bn_shard_01.json "HTTP/1.1 302 Found"
2026-03-07 00:52:28,932  INFO  HTTP Request: GET https://cas-bridge.xethub.hf.co/xet-bridge-us/6531fa1ca6b8a20222174564/3548a876de98d245d6172d72059878c6badf7389ddda16f02acb472e49537f99?X-Amz-Algorithm=AWS4-HMAC-SHA256&X-Amz-Content-Sha256=UNSIGNED-PAYLOAD&X-Amz-Credential=cas%2F20260306%2Fus-east-1%2Fs3%2Faws4_request&X-Amz-Date=20260306T192055Z&X-Amz-Expires=3600&X-Amz-Signature=62390aadacf93878675204168ffe56121c2b659f415d4d79189dccc869a73af6&X-Amz-SignedHeaders=host&X-Xet-Cas-Uid=public&response-content-disposition=inline%3B+filename*%3DUTF-8%27%27train_bn_shard_01.json%3B+filename%3D%22train_bn_shard_01.json%22%3B&response-content-type=application%2Fjson&x-amz-checksum-mode=ENABLED&x-id=GetObject&Expires=1772828455&Policy=eyJTdGF0ZW1lbnQiOlt7IkNvbmRpdGlvbiI6eyJEYXRlTGVzc1RoYW4iOnsiQVdTOkVwb2NoVGltZSI6MTc3MjgyODQ1NX19LCJSZXNvdXJjZSI6Imh0dHBzOi8vY2FzLWJyaWRnZS54ZXRodWIuaGYuY28veGV0LWJyaWRnZS11cy82NTMxZmExY2E2YjhhMjAyMjIxNzQ1NjQvMzU0OGE4NzZkZTk4ZDI0NWQ2MTcyZDcyMDU5ODc4YzZiYWRmNzM4OWRkZGExNmYwMmFjYjQ3MmU0OTUzN2Y5OSoifV19&Signature=XvZIm0AWYUiO2xqpviuLC5KiPFkiuZQtXAbpz4JuTbvSulQarrjkP%7ENXK25y0F2%7EQrhqDlN2SxLBO8qrKBSJb%7EO0o5YLGO1aIQsFazRw08HOKStnL6efTHLEpXY94jbtUOrRzI4we%7EwV7OQOSqdj9B0-2nzF3t5xXzV9dQO9HJFUHBq9IcVczm%7E61kZjdMxdClzcG9qiB1hcBCs3OpriXnr0SD9%7EIPhCWrwkXoSNETt20MalP8h1U1TkMG-ZBfmGGUfRG-TB0lfRbAOwW1VnRRW9cqMq9UeovCvhGwCTZ2l02o%7EDyHjqlM1BVkEiR0FwQDRFFfL4IK3UQqFG4UY%7Eyw__&Key-Pair-Id=K2L8F4GPSG1IFC "HTTP/1.1 206 Partial Content"
2026-03-07 00:52:31,818  INFO  HTTP Request: GET https://huggingface.co/datasets/rahular/varta/resolve/7151493e445ff102ccc720f515ae5a6c7f72fb46/train/train_bn_shard_01.json "HTTP/1.1 302 Found"
2026-03-07 00:52:32,433  INFO  HTTP Request: GET https://cas-bridge.xethub.hf.co/xet-bridge-us/6531fa1ca6b8a20222174564/3548a876de98d245d6172d72059878c6badf7389ddda16f02acb472e49537f99?X-Amz-Algorithm=AWS4-HMAC-SHA256&X-Amz-Content-Sha256=UNSIGNED-PAYLOAD&X-Amz-Credential=cas%2F20260306%2Fus-east-1%2Fs3%2Faws4_request&X-Amz-Date=20260306T192153Z&X-Amz-Expires=3600&X-Amz-Signature=86de8d7c5d11464fdd288a6484b3e1a963fce15f6bb3c955c0ee13413eed5cc7&X-Amz-SignedHeaders=host&X-Xet-Cas-Uid=public&response-content-disposition=inline%3B+filename*%3DUTF-8%27%27train_bn_shard_01.json%3B+filename%3D%22train_bn_shard_01.json%22%3B&response-content-type=application%2Fjson&x-amz-checksum-mode=ENABLED&x-id=GetObject&Expires=1772828513&Policy=eyJTdGF0ZW1lbnQiOlt7IkNvbmRpdGlvbiI6eyJEYXRlTGVzc1RoYW4iOnsiQVdTOkVwb2NoVGltZSI6MTc3MjgyODUxM319LCJSZXNvdXJjZSI6Imh0dHBzOi8vY2FzLWJyaWRnZS54ZXRodWIuaGYuY28veGV0LWJyaWRnZS11cy82NTMxZmExY2E2YjhhMjAyMjIxNzQ1NjQvMzU0OGE4NzZkZTk4ZDI0NWQ2MTcyZDcyMDU5ODc4YzZiYWRmNzM4OWRkZGExNmYwMmFjYjQ3MmU0OTUzN2Y5OSoifV19&Signature=ROAHQ78ORZ9TjyoD1CLrvU%7EUnWCoTsyR5Ft4kWzoNOIt%7Er44mJznsxYuMMsuteYCje0wjn1SL3LQ-eRFKvGyuaOMB%7Eh6Cu3y5K%7EPv8WhnJD8DZadalpI1xqsRr3TaHOiHguANWmvopZIOMvhDHsLyl1Z6Bl-xIpjiGmY8jjFOxAVWQNDwtWJFMQajKRV72RGwN2zQtNpzr%7EXo8TqoVRnhl0ImeaJeKtlWiGRq9sMztlpwGhsxGq5riAlaApkC6akqb7sWz865%7Ea6vMlXywLP97qA2NjrMQjHfxAJjAVTMjXZdjfk0Y0WFz241y8wuDFBWy9og%7EPnSP4UI4RhWYa4Gg__&Key-Pair-Id=K2L8F4GPSG1IFC "HTTP/1.1 206 Partial Content"
2026-03-07 00:52:35,402  INFO  HTTP Request: GET https://huggingface.co/datasets/rahular/varta/resolve/7151493e445ff102ccc720f515ae5a6c7f72fb46/train/train_bn_shard_01.json "HTTP/1.1 302 Found"
2026-03-07 00:52:35,843  INFO  HTTP Request: GET https://cas-bridge.xethub.hf.co/xet-bridge-us/6531fa1ca6b8a20222174564/3548a876de98d245d6172d72059878c6badf7389ddda16f02acb472e49537f99?X-Amz-Algorithm=AWS4-HMAC-SHA256&X-Amz-Content-Sha256=UNSIGNED-PAYLOAD&X-Amz-Credential=cas%2F20260306%2Fus-east-1%2Fs3%2Faws4_request&X-Amz-Date=20260306T192234Z&X-Amz-Expires=3600&X-Amz-Signature=906de1613d2e91029d716bac564a97cc871f566ea076019b2e0227061511a3c1&X-Amz-SignedHeaders=host&X-Xet-Cas-Uid=public&response-content-disposition=inline%3B+filename*%3DUTF-8%27%27train_bn_shard_01.json%3B+filename%3D%22train_bn_shard_01.json%22%3B&response-content-type=application%2Fjson&x-amz-checksum-mode=ENABLED&x-id=GetObject&Expires=1772828554&Policy=eyJTdGF0ZW1lbnQiOlt7IkNvbmRpdGlvbiI6eyJEYXRlTGVzc1RoYW4iOnsiQVdTOkVwb2NoVGltZSI6MTc3MjgyODU1NH19LCJSZXNvdXJjZSI6Imh0dHBzOi8vY2FzLWJyaWRnZS54ZXRodWIuaGYuY28veGV0LWJyaWRnZS11cy82NTMxZmExY2E2YjhhMjAyMjIxNzQ1NjQvMzU0OGE4NzZkZTk4ZDI0NWQ2MTcyZDcyMDU5ODc4YzZiYWRmNzM4OWRkZGExNmYwMmFjYjQ3MmU0OTUzN2Y5OSoifV19&Signature=hvZP9zZUW79Glc-BNiSTWdCDrpqaEFR3FOhas-nARFHjmIFSGqEVMGkcJUtDqaCt7R-%7EWb66o8qTz2ZbOOZvHCHeoOhLPzZfH6keL5tvLAXRBA3T928%7EeGHP17affgJXto94Cc8aCA%7EbGOWZnAeRL74FHES88%7EiXWWGqTE0vDw12vkDkjj%7EJksVAQLkxWxtl81DnumaFFN0lINRg5LfNR6KkowYfRzubM-n3QMSBKLNy2qyF6OyF360zGUoK9AP4msyFPkNheXTb%7EFPmx%7EpoiO2fXBL-XvinOTBO4y3HdGOpQP7mqfzvxFAG7AeKSBvC4GYNJcZMaviIsy0pIyTYlA__&Key-Pair-Id=K2L8F4GPSG1IFC "HTTP/1.1 206 Partial Content"
2026-03-07 00:52:39,469  INFO  HTTP Request: GET https://huggingface.co/datasets/rahular/varta/resolve/7151493e445ff102ccc720f515ae5a6c7f72fb46/train/train_bn_shard_01.json "HTTP/1.1 302 Found"
2026-03-07 00:52:39,911  INFO  HTTP Request: GET https://cas-bridge.xethub.hf.co/xet-bridge-us/6531fa1ca6b8a20222174564/3548a876de98d245d6172d72059878c6badf7389ddda16f02acb472e49537f99?X-Amz-Algorithm=AWS4-HMAC-SHA256&X-Amz-Content-Sha256=UNSIGNED-PAYLOAD&X-Amz-Credential=cas%2F20260306%2Fus-east-1%2Fs3%2Faws4_request&X-Amz-Date=20260306T192239Z&X-Amz-Expires=3600&X-Amz-Signature=d1d2b517638e46a67a9b7b7ee0cb83f6184f260b6b00d60fbf103294f3de6a65&X-Amz-SignedHeaders=host&X-Xet-Cas-Uid=public&response-content-disposition=inline%3B+filename*%3DUTF-8%27%27train_bn_shard_01.json%3B+filename%3D%22train_bn_shard_01.json%22%3B&response-content-type=application%2Fjson&x-amz-checksum-mode=ENABLED&x-id=GetObject&Expires=1772828559&Policy=eyJTdGF0ZW1lbnQiOlt7IkNvbmRpdGlvbiI6eyJEYXRlTGVzc1RoYW4iOnsiQVdTOkVwb2NoVGltZSI6MTc3MjgyODU1OX19LCJSZXNvdXJjZSI6Imh0dHBzOi8vY2FzLWJyaWRnZS54ZXRodWIuaGYuY28veGV0LWJyaWRnZS11cy82NTMxZmExY2E2YjhhMjAyMjIxNzQ1NjQvMzU0OGE4NzZkZTk4ZDI0NWQ2MTcyZDcyMDU5ODc4YzZiYWRmNzM4OWRkZGExNmYwMmFjYjQ3MmU0OTUzN2Y5OSoifV19&Signature=ZFIGuYGTyETfNq26-kjazJ%7EyefVjgOD7jiu5RPHITcZ2JkRB1zltVd%7EN58Q-yt-yNWLzDWbEYBe1Tk%7E5zUSo05JALdpPAlzkVfwpY-K0J5I1yaQvYZ3c7xfRv-jEfuJloDWl2BNRoYCfgJl4RVTNfSPrhcDcHCd9ZMpjLAs1ptoWOcuLs-5OeOSyWVCtsOkIcLt2isIGwDtbqX72iq2eiCVczCCVYgUlWBhfZpeiCpGs9A3m-2LK4aPlVtqQsSFjKi68dUudA9Za4%7EjudbkCuCxFkbqkSBOkZ1ZLg49fi5JNLEfWz4ATasSCMufacIcpsgyLEvCbK1u0YvXgmV-8Hg__&Key-Pair-Id=K2L8F4GPSG1IFC "HTTP/1.1 206 Partial Content"
2026-03-07 00:52:42,470  INFO  HTTP Request: GET https://huggingface.co/datasets/rahular/varta/resolve/7151493e445ff102ccc720f515ae5a6c7f72fb46/train/train_bn_shard_01.json "HTTP/1.1 302 Found"
2026-03-07 00:52:42,909  INFO  HTTP Request: GET https://cas-bridge.xethub.hf.co/xet-bridge-us/6531fa1ca6b8a20222174564/3548a876de98d245d6172d72059878c6badf7389ddda16f02acb472e49537f99?X-Amz-Algorithm=AWS4-HMAC-SHA256&X-Amz-Content-Sha256=UNSIGNED-PAYLOAD&X-Amz-Credential=cas%2F20260306%2Fus-east-1%2Fs3%2Faws4_request&X-Amz-Date=20260306T192242Z&X-Amz-Expires=3600&X-Amz-Signature=dfae20723a8842995a0a186802550551feeb6e191feb9ecd7b238a479c83182b&X-Amz-SignedHeaders=host&X-Xet-Cas-Uid=public&response-content-disposition=inline%3B+filename*%3DUTF-8%27%27train_bn_shard_01.json%3B+filename%3D%22train_bn_shard_01.json%22%3B&response-content-type=application%2Fjson&x-amz-checksum-mode=ENABLED&x-id=GetObject&Expires=1772828562&Policy=eyJTdGF0ZW1lbnQiOlt7IkNvbmRpdGlvbiI6eyJEYXRlTGVzc1RoYW4iOnsiQVdTOkVwb2NoVGltZSI6MTc3MjgyODU2Mn19LCJSZXNvdXJjZSI6Imh0dHBzOi8vY2FzLWJyaWRnZS54ZXRodWIuaGYuY28veGV0LWJyaWRnZS11cy82NTMxZmExY2E2YjhhMjAyMjIxNzQ1NjQvMzU0OGE4NzZkZTk4ZDI0NWQ2MTcyZDcyMDU5ODc4YzZiYWRmNzM4OWRkZGExNmYwMmFjYjQ3MmU0OTUzN2Y5OSoifV19&Signature=mNHIcjiH1c9PR744CtbLjubuiOektNOp24dJtzGvV0DDy0%7ElPmg8nwe%7E03rTEzqrce-Qe5acSbzMnEf70fBZpFxXJZsAXXrFB1Ahj-1lkmR4lUhhF3OsPw%7ES6jRSL8Q5MAk64m%7EZY67%7ECv2zl21eJEad0M088EoxUTpeGa1NnpavJTW5Z4MOjNjLGUc2LJrgfTvtAcqqMOQ79Liut%7E6Hsvk6McuXjadngEiR-jXMQ%7E%7EG6MA65u2TCIJYt0vijTWJoYJ30zcOmu00FG2Gmee7RzWaty2Vuwa66ie3QkzTNbeULFw-1mMuXIUxFOJqR2rQIl6i0z0fnfnz-Bt7DgEyRQ__&Key-Pair-Id=K2L8F4GPSG1IFC "HTTP/1.1 206 Partial Content"
2026-03-07 00:52:45,968  INFO  HTTP Request: GET https://huggingface.co/datasets/rahular/varta/resolve/7151493e445ff102ccc720f515ae5a6c7f72fb46/train/train_bn_shard_01.json "HTTP/1.1 302 Found"
2026-03-07 00:52:46,360  INFO  HTTP Request: GET https://cas-bridge.xethub.hf.co/xet-bridge-us/6531fa1ca6b8a20222174564/3548a876de98d245d6172d72059878c6badf7389ddda16f02acb472e49537f99?X-Amz-Algorithm=AWS4-HMAC-SHA256&X-Amz-Content-Sha256=UNSIGNED-PAYLOAD&X-Amz-Credential=cas%2F20260306%2Fus-east-1%2Fs3%2Faws4_request&X-Amz-Date=20260306T192135Z&X-Amz-Expires=3600&X-Amz-Signature=34243dc5ad75f5fe35a6563afc61c0c208fc0cc6ca912d8d9b6a458489ae09a6&X-Amz-SignedHeaders=host&X-Xet-Cas-Uid=public&response-content-disposition=inline%3B+filename*%3DUTF-8%27%27train_bn_shard_01.json%3B+filename%3D%22train_bn_shard_01.json%22%3B&response-content-type=application%2Fjson&x-amz-checksum-mode=ENABLED&x-id=GetObject&Expires=1772828495&Policy=eyJTdGF0ZW1lbnQiOlt7IkNvbmRpdGlvbiI6eyJEYXRlTGVzc1RoYW4iOnsiQVdTOkVwb2NoVGltZSI6MTc3MjgyODQ5NX19LCJSZXNvdXJjZSI6Imh0dHBzOi8vY2FzLWJyaWRnZS54ZXRodWIuaGYuY28veGV0LWJyaWRnZS11cy82NTMxZmExY2E2YjhhMjAyMjIxNzQ1NjQvMzU0OGE4NzZkZTk4ZDI0NWQ2MTcyZDcyMDU5ODc4YzZiYWRmNzM4OWRkZGExNmYwMmFjYjQ3MmU0OTUzN2Y5OSoifV19&Signature=mpj6xAMHLlDkBvgDTR7eZ5ZW8d%7EfFfdBjelgir5cUwA1o30uuoYdD95hBwz8oCPR2BWT258mpyUNOPjF9-XW0w0f5f4CvE1Z1eClrFr1tzA14j9Jsnvtnb-%7ESZZpYm6xOec37DsTJrapkfuqSwQrdBBkmNrXBtkF%7EbprIt5%7EeUWGLBzkjQVcPc3RR8XEpC7vcdYiuQfvIq2UMrauxIKUNNlwPbnAjxLlcAbyK5sOR5BK4a8pMr06qKA9Oah3L7SW341cqftTgwlP3GoQfYmKPEXVTCUPfc3NneI0E6etZArWmZbsJF99XkWrp2kD9qLuhFXRk730ewI9DiePG2Aanw__&Key-Pair-Id=K2L8F4GPSG1IFC "HTTP/1.1 206 Partial Content"
2026-03-07 00:52:49,228  INFO  HTTP Request: GET https://huggingface.co/datasets/rahular/varta/resolve/7151493e445ff102ccc720f515ae5a6c7f72fb46/train/train_bn_shard_01.json "HTTP/1.1 302 Found"
2026-03-07 00:52:49,613  INFO  HTTP Request: GET https://cas-bridge.xethub.hf.co/xet-bridge-us/6531fa1ca6b8a20222174564/3548a876de98d245d6172d72059878c6badf7389ddda16f02acb472e49537f99?X-Amz-Algorithm=AWS4-HMAC-SHA256&X-Amz-Content-Sha256=UNSIGNED-PAYLOAD&X-Amz-Credential=cas%2F20260306%2Fus-east-1%2Fs3%2Faws4_request&X-Amz-Date=20260306T192153Z&X-Amz-Expires=3600&X-Amz-Signature=86de8d7c5d11464fdd288a6484b3e1a963fce15f6bb3c955c0ee13413eed5cc7&X-Amz-SignedHeaders=host&X-Xet-Cas-Uid=public&response-content-disposition=inline%3B+filename*%3DUTF-8%27%27train_bn_shard_01.json%3B+filename%3D%22train_bn_shard_01.json%22%3B&response-content-type=application%2Fjson&x-amz-checksum-mode=ENABLED&x-id=GetObject&Expires=1772828513&Policy=eyJTdGF0ZW1lbnQiOlt7IkNvbmRpdGlvbiI6eyJEYXRlTGVzc1RoYW4iOnsiQVdTOkVwb2NoVGltZSI6MTc3MjgyODUxM319LCJSZXNvdXJjZSI6Imh0dHBzOi8vY2FzLWJyaWRnZS54ZXRodWIuaGYuY28veGV0LWJyaWRnZS11cy82NTMxZmExY2E2YjhhMjAyMjIxNzQ1NjQvMzU0OGE4NzZkZTk4ZDI0NWQ2MTcyZDcyMDU5ODc4YzZiYWRmNzM4OWRkZGExNmYwMmFjYjQ3MmU0OTUzN2Y5OSoifV19&Signature=ROAHQ78ORZ9TjyoD1CLrvU%7EUnWCoTsyR5Ft4kWzoNOIt%7Er44mJznsxYuMMsuteYCje0wjn1SL3LQ-eRFKvGyuaOMB%7Eh6Cu3y5K%7EPv8WhnJD8DZadalpI1xqsRr3TaHOiHguANWmvopZIOMvhDHsLyl1Z6Bl-xIpjiGmY8jjFOxAVWQNDwtWJFMQajKRV72RGwN2zQtNpzr%7EXo8TqoVRnhl0ImeaJeKtlWiGRq9sMztlpwGhsxGq5riAlaApkC6akqb7sWz865%7Ea6vMlXywLP97qA2NjrMQjHfxAJjAVTMjXZdjfk0Y0WFz241y8wuDFBWy9og%7EPnSP4UI4RhWYa4Gg__&Key-Pair-Id=K2L8F4GPSG1IFC "HTTP/1.1 206 Partial Content"
2026-03-07 00:52:52,814  INFO  HTTP Request: GET https://huggingface.co/datasets/rahular/varta/resolve/7151493e445ff102ccc720f515ae5a6c7f72fb46/train/train_bn_shard_01.json "HTTP/1.1 302 Found"
2026-03-07 00:52:53,426  INFO  HTTP Request: GET https://cas-bridge.xethub.hf.co/xet-bridge-us/6531fa1ca6b8a20222174564/3548a876de98d245d6172d72059878c6badf7389ddda16f02acb472e49537f99?X-Amz-Algorithm=AWS4-HMAC-SHA256&X-Amz-Content-Sha256=UNSIGNED-PAYLOAD&X-Amz-Credential=cas%2F20260306%2Fus-east-1%2Fs3%2Faws4_request&X-Amz-Date=20260306T192252Z&X-Amz-Expires=3600&X-Amz-Signature=0eba074fd3c6a037102ba74fbc1f815f7fb24a7f7fa7c253c2a77b4213408296&X-Amz-SignedHeaders=host&X-Xet-Cas-Uid=public&response-content-disposition=inline%3B+filename*%3DUTF-8%27%27train_bn_shard_01.json%3B+filename%3D%22train_bn_shard_01.json%22%3B&response-content-type=application%2Fjson&x-amz-checksum-mode=ENABLED&x-id=GetObject&Expires=1772828572&Policy=eyJTdGF0ZW1lbnQiOlt7IkNvbmRpdGlvbiI6eyJEYXRlTGVzc1RoYW4iOnsiQVdTOkVwb2NoVGltZSI6MTc3MjgyODU3Mn19LCJSZXNvdXJjZSI6Imh0dHBzOi8vY2FzLWJyaWRnZS54ZXRodWIuaGYuY28veGV0LWJyaWRnZS11cy82NTMxZmExY2E2YjhhMjAyMjIxNzQ1NjQvMzU0OGE4NzZkZTk4ZDI0NWQ2MTcyZDcyMDU5ODc4YzZiYWRmNzM4OWRkZGExNmYwMmFjYjQ3MmU0OTUzN2Y5OSoifV19&Signature=iI6lSGFg2u6cQNU328DiXOkMotgyJuGsQolJhf7z9AIR-VBoytZ-pmY7OD9kGjXodTKb%7E9KEmuHZOmvpLWkBBaWmeggRDfZTa-QocOX67ZU8vm4Cp8KDLVEp4N21xME0JwpLdsS7GsdKlLHZXx7Q8F6vsHRcz80xl0T0762yhd40ZUnA8otulH8Re1cndaF357e3RG%7EEKBRnM2Y1JBoVlIEcQ0ghqRId03iffmoEXOk9bK0TLYs7yFQdsKh-MA78DmIIh1O0QIb5IJd%7ECaWBDzF%7EE2hfMS4FRu2PHOKVXJ1-6uhVWvg2mIGngFuUVOe2QjuHIJ4kYglobX%7E5KHNP0Q__&Key-Pair-Id=K2L8F4GPSG1IFC "HTTP/1.1 206 Partial Content"
2026-03-07 00:52:56,294  INFO  HTTP Request: GET https://huggingface.co/datasets/rahular/varta/resolve/7151493e445ff102ccc720f515ae5a6c7f72fb46/train/train_bn_shard_01.json "HTTP/1.1 302 Found"
2026-03-07 00:52:56,918  INFO  HTTP Request: GET https://cas-bridge.xethub.hf.co/xet-bridge-us/6531fa1ca6b8a20222174564/3548a876de98d245d6172d72059878c6badf7389ddda16f02acb472e49537f99?X-Amz-Algorithm=AWS4-HMAC-SHA256&X-Amz-Content-Sha256=UNSIGNED-PAYLOAD&X-Amz-Credential=cas%2F20260306%2Fus-east-1%2Fs3%2Faws4_request&X-Amz-Date=20260306T192256Z&X-Amz-Expires=3600&X-Amz-Signature=f34da8b2319305a7eb30ef40b6ba00c46e6a779b81c7b06c7437b12eb400ffc9&X-Amz-SignedHeaders=host&X-Xet-Cas-Uid=public&response-content-disposition=inline%3B+filename*%3DUTF-8%27%27train_bn_shard_01.json%3B+filename%3D%22train_bn_shard_01.json%22%3B&response-content-type=application%2Fjson&x-amz-checksum-mode=ENABLED&x-id=GetObject&Expires=1772828576&Policy=eyJTdGF0ZW1lbnQiOlt7IkNvbmRpdGlvbiI6eyJEYXRlTGVzc1RoYW4iOnsiQVdTOkVwb2NoVGltZSI6MTc3MjgyODU3Nn19LCJSZXNvdXJjZSI6Imh0dHBzOi8vY2FzLWJyaWRnZS54ZXRodWIuaGYuY28veGV0LWJyaWRnZS11cy82NTMxZmExY2E2YjhhMjAyMjIxNzQ1NjQvMzU0OGE4NzZkZTk4ZDI0NWQ2MTcyZDcyMDU5ODc4YzZiYWRmNzM4OWRkZGExNmYwMmFjYjQ3MmU0OTUzN2Y5OSoifV19&Signature=N%7EjjEPLy5i4M8lJp6BRqt9OHvOLBK96oIggyzlSm1Xl3nEGH9K1I3HTtzeTsVRsAIFtSMJtqNSaXWBGJxBCB3UAA7g2psO34aW5QxTJX9ZNYBa54t3KrXwsih5McoSYXeTndSARRg58CIVT87UFTJdXEkJvdHgKOW0F2DiLc5cx-s%7EEWsEMrEPsKo6qK-1yDrXctxtqn6mOF3JigxrJrlBfRIfNDv7XyI6-Lyx1aVV0gpReeRjctcAZjS1DqGMAlNI7pLfXI7CwLk7S9xzzHgB00TAnYpVAyDdnO1-IpJN18vI4VDFoXjDeh9JHnmUvn%7EmXDZUpYw5Ya6KaGOoBkwg__&Key-Pair-Id=K2L8F4GPSG1IFC "HTTP/1.1 206 Partial Content"
2026-03-07 00:53:00,390  INFO  HTTP Request: GET https://huggingface.co/datasets/rahular/varta/resolve/7151493e445ff102ccc720f515ae5a6c7f72fb46/train/train_bn_shard_01.json "HTTP/1.1 302 Found"
2026-03-07 00:53:01,106  INFO  HTTP Request: GET https://cas-bridge.xethub.hf.co/xet-bridge-us/6531fa1ca6b8a20222174564/3548a876de98d245d6172d72059878c6badf7389ddda16f02acb472e49537f99?X-Amz-Algorithm=AWS4-HMAC-SHA256&X-Amz-Content-Sha256=UNSIGNED-PAYLOAD&X-Amz-Credential=cas%2F20260306%2Fus-east-1%2Fs3%2Faws4_request&X-Amz-Date=20260306T192224Z&X-Amz-Expires=3600&X-Amz-Signature=6c2f33ebce003841d44ff096171281a422f1e9a42475f9fb4fff37801a130467&X-Amz-SignedHeaders=host&X-Xet-Cas-Uid=public&response-content-disposition=inline%3B+filename*%3DUTF-8%27%27train_bn_shard_01.json%3B+filename%3D%22train_bn_shard_01.json%22%3B&response-content-type=application%2Fjson&x-amz-checksum-mode=ENABLED&x-id=GetObject&Expires=1772828544&Policy=eyJTdGF0ZW1lbnQiOlt7IkNvbmRpdGlvbiI6eyJEYXRlTGVzc1RoYW4iOnsiQVdTOkVwb2NoVGltZSI6MTc3MjgyODU0NH19LCJSZXNvdXJjZSI6Imh0dHBzOi8vY2FzLWJyaWRnZS54ZXRodWIuaGYuY28veGV0LWJyaWRnZS11cy82NTMxZmExY2E2YjhhMjAyMjIxNzQ1NjQvMzU0OGE4NzZkZTk4ZDI0NWQ2MTcyZDcyMDU5ODc4YzZiYWRmNzM4OWRkZGExNmYwMmFjYjQ3MmU0OTUzN2Y5OSoifV19&Signature=Vg9vIoQU6oRdvnVll14nfJ0kUGmanVAsMe6Iubmqe-rbrc3Jw2Z8TNLbJX7hltm3IVP3WS%7EOnJlFEPAGY4NMyRV5oQhWxJvl3V8ygcaKAtb%7E-Ml-bmJ%7E%7EA55mLvU0-%7EhJh6vsk7ZRtPT7oQ8Q2AyAo8c3WM6NPw8vW4kYY3Owvpgwaxg%7EmTFVUSat%7EXghGG5C4xriEEkj3uNiWzfBw36Ysnu%7EziQOaSy9lYE9ZuLloOKOrTfSRhnBEYrA973gvJkVDJRg2tN5%7EMf6txjzD7ILUh4roh7%7ETIzx9UDXMIwomx0f05UTtTXwh7zQmYFOtD3-Yltn2njtZ1k9-A5-sSmuw__&Key-Pair-Id=K2L8F4GPSG1IFC "HTTP/1.1 206 Partial Content"
2026-03-07 00:53:04,077  INFO  HTTP Request: GET https://huggingface.co/datasets/rahular/varta/resolve/7151493e445ff102ccc720f515ae5a6c7f72fb46/train/train_bn_shard_01.json "HTTP/1.1 302 Found"
2026-03-07 00:53:04,899  INFO  HTTP Request: GET https://cas-bridge.xethub.hf.co/xet-bridge-us/6531fa1ca6b8a20222174564/3548a876de98d245d6172d72059878c6badf7389ddda16f02acb472e49537f99?X-Amz-Algorithm=AWS4-HMAC-SHA256&X-Amz-Content-Sha256=UNSIGNED-PAYLOAD&X-Amz-Credential=cas%2F20260306%2Fus-east-1%2Fs3%2Faws4_request&X-Amz-Date=20260306T192139Z&X-Amz-Expires=3600&X-Amz-Signature=f440d3840dc6f05669ad7eb93a53202b7718a12b95c7ec86015eaf3f7d9532cc&X-Amz-SignedHeaders=host&X-Xet-Cas-Uid=public&response-content-disposition=inline%3B+filename*%3DUTF-8%27%27train_bn_shard_01.json%3B+filename%3D%22train_bn_shard_01.json%22%3B&response-content-type=application%2Fjson&x-amz-checksum-mode=ENABLED&x-id=GetObject&Expires=1772828499&Policy=eyJTdGF0ZW1lbnQiOlt7IkNvbmRpdGlvbiI6eyJEYXRlTGVzc1RoYW4iOnsiQVdTOkVwb2NoVGltZSI6MTc3MjgyODQ5OX19LCJSZXNvdXJjZSI6Imh0dHBzOi8vY2FzLWJyaWRnZS54ZXRodWIuaGYuY28veGV0LWJyaWRnZS11cy82NTMxZmExY2E2YjhhMjAyMjIxNzQ1NjQvMzU0OGE4NzZkZTk4ZDI0NWQ2MTcyZDcyMDU5ODc4YzZiYWRmNzM4OWRkZGExNmYwMmFjYjQ3MmU0OTUzN2Y5OSoifV19&Signature=RKdsHuZSfpPOwZL5BTCanvq3wPL61nc41LGzEtYLDct5aTPsZBvP-88N%7ED9PpfbMn53mnLjUzNxdvYjnC5NDPAl%7EFfnEU-KZzsoiVwPc41B2%7EmgxOv4Z892%7E0KXqveFYx3a8U3zhJmaKhUl%7EIRVB1w2U68jq%7EGzsOevlY2LU0nlhd7GaBrp7TptkXEMyVPLQXmgxCVDbWsxJu8ARZ0%7EhZdYIKTAbb-LIZATRWJpq3fClyXPdo6Sc8OLw8LlreC3ViLMEPZxxcwxXenKpK5%7EjwIFu5JVNujsXkRdIVH1DYNepIBQlTNuCTdXmCL2edNqD5P4YBHwWRR6A6KCFLg7FjQ__&Key-Pair-Id=K2L8F4GPSG1IFC "HTTP/1.1 206 Partial Content"
2026-03-07 00:53:07,455  INFO  HTTP Request: GET https://huggingface.co/datasets/rahular/varta/resolve/7151493e445ff102ccc720f515ae5a6c7f72fb46/train/train_bn_shard_01.json "HTTP/1.1 302 Found"
2026-03-07 00:53:07,838  INFO  HTTP Request: GET https://cas-bridge.xethub.hf.co/xet-bridge-us/6531fa1ca6b8a20222174564/3548a876de98d245d6172d72059878c6badf7389ddda16f02acb472e49537f99?X-Amz-Algorithm=AWS4-HMAC-SHA256&X-Amz-Content-Sha256=UNSIGNED-PAYLOAD&X-Amz-Credential=cas%2F20260306%2Fus-east-1%2Fs3%2Faws4_request&X-Amz-Date=20260306T192128Z&X-Amz-Expires=3600&X-Amz-Signature=bb851066c811c624692553fd925bd5d5e0f101fb7a073702836396953e557425&X-Amz-SignedHeaders=host&X-Xet-Cas-Uid=public&response-content-disposition=inline%3B+filename*%3DUTF-8%27%27train_bn_shard_01.json%3B+filename%3D%22train_bn_shard_01.json%22%3B&response-content-type=application%2Fjson&x-amz-checksum-mode=ENABLED&x-id=GetObject&Expires=1772828488&Policy=eyJTdGF0ZW1lbnQiOlt7IkNvbmRpdGlvbiI6eyJEYXRlTGVzc1RoYW4iOnsiQVdTOkVwb2NoVGltZSI6MTc3MjgyODQ4OH19LCJSZXNvdXJjZSI6Imh0dHBzOi8vY2FzLWJyaWRnZS54ZXRodWIuaGYuY28veGV0LWJyaWRnZS11cy82NTMxZmExY2E2YjhhMjAyMjIxNzQ1NjQvMzU0OGE4NzZkZTk4ZDI0NWQ2MTcyZDcyMDU5ODc4YzZiYWRmNzM4OWRkZGExNmYwMmFjYjQ3MmU0OTUzN2Y5OSoifV19&Signature=lPZescGVG10c42BkkbKx6OfjbYGh92Meh8vS7RCVim0dzSES3KQGgOIlrcKwngP5dOY%7EvHIoTvNUouVzp4e9d-KgbIzT7ZsDfceQ5%7EdADWKLaSU6E%7ExeNs59f78dTPxlPTVqnaOKtSHfiwy0xQbkTTAE9D3r69AAxVPaIfyJdbynxCeXkgyYGjycIvdn0HTz1DsdN4ofXhjq%7EMkIpy3PbcJDQPgiREIOun5WlSrF-lI8cllSvli1O8WFPxIS7LVLMG7ZZpWzrH1QjRcl%7EzIQhGaRlFdZDmccMEVExq-N0ZekTt2y1hyiKabOBCr83wA9Wg%7EO1r990qHxcgzQZ74B%7Eg__&Key-Pair-Id=K2L8F4GPSG1IFC "HTTP/1.1 206 Partial Content"
2026-03-07 00:53:10,732  INFO  HTTP Request: GET https://huggingface.co/datasets/rahular/varta/resolve/7151493e445ff102ccc720f515ae5a6c7f72fb46/train/train_bn_shard_01.json "HTTP/1.1 302 Found"
2026-03-07 00:53:11,147  INFO  HTTP Request: GET https://cas-bridge.xethub.hf.co/xet-bridge-us/6531fa1ca6b8a20222174564/3548a876de98d245d6172d72059878c6badf7389ddda16f02acb472e49537f99?X-Amz-Algorithm=AWS4-HMAC-SHA256&X-Amz-Content-Sha256=UNSIGNED-PAYLOAD&X-Amz-Credential=cas%2F20260306%2Fus-east-1%2Fs3%2Faws4_request&X-Amz-Date=20260306T192310Z&X-Amz-Expires=3600&X-Amz-Signature=079ea8a9a9948b1950dd5d6b38e6165c3bacee1d85a88790a8fffadd3d2eb0b1&X-Amz-SignedHeaders=host&X-Xet-Cas-Uid=public&response-content-disposition=inline%3B+filename*%3DUTF-8%27%27train_bn_shard_01.json%3B+filename%3D%22train_bn_shard_01.json%22%3B&response-content-type=application%2Fjson&x-amz-checksum-mode=ENABLED&x-id=GetObject&Expires=1772828590&Policy=eyJTdGF0ZW1lbnQiOlt7IkNvbmRpdGlvbiI6eyJEYXRlTGVzc1RoYW4iOnsiQVdTOkVwb2NoVGltZSI6MTc3MjgyODU5MH19LCJSZXNvdXJjZSI6Imh0dHBzOi8vY2FzLWJyaWRnZS54ZXRodWIuaGYuY28veGV0LWJyaWRnZS11cy82NTMxZmExY2E2YjhhMjAyMjIxNzQ1NjQvMzU0OGE4NzZkZTk4ZDI0NWQ2MTcyZDcyMDU5ODc4YzZiYWRmNzM4OWRkZGExNmYwMmFjYjQ3MmU0OTUzN2Y5OSoifV19&Signature=v7q%7ESCUuDdXPOShKZoxpaiQjo8vA-fr5L4bgf-C4rSy8MQPF-xoEblBSkXyaHRp5tmWpRXzhMO4yp-14O-vnO--cu7FAV30KEp9I9C5Zab8y61%7Ehuyt2hxp8nyOC24t3rV7jB-t0l56RHlRwcJeUtk8HV15X25TEoIAWtvBoKgXCAGXWckKFpKY3BrshrHDpjVMTWwypNPZjVft-9V%7ElQaRplaUu2CBEVfN2u8mX-OBWj7N9hyf1TLrqWsxtLWf3mnb3%7EsrqYpJLefPUcpu6pN1P-YOwW0ndYJzldBJ%7Ezq70PVnhZjhB2-b4hf0BBamn5eaXHxQ5bH18YE0Y7BKnAA__&Key-Pair-Id=K2L8F4GPSG1IFC "HTTP/1.1 206 Partial Content"
2026-03-07 00:53:14,344  INFO  HTTP Request: GET https://huggingface.co/datasets/rahular/varta/resolve/7151493e445ff102ccc720f515ae5a6c7f72fb46/train/train_bn_shard_01.json "HTTP/1.1 302 Found"
2026-03-07 00:53:14,930  INFO  HTTP Request: GET https://cas-bridge.xethub.hf.co/xet-bridge-us/6531fa1ca6b8a20222174564/3548a876de98d245d6172d72059878c6badf7389ddda16f02acb472e49537f99?X-Amz-Algorithm=AWS4-HMAC-SHA256&X-Amz-Content-Sha256=UNSIGNED-PAYLOAD&X-Amz-Credential=cas%2F20260306%2Fus-east-1%2Fs3%2Faws4_request&X-Amz-Date=20260306T192314Z&X-Amz-Expires=3600&X-Amz-Signature=df65b0cae9484b2d671a48372b5041bb74543cf6999ce9f77d0361cc90391ca0&X-Amz-SignedHeaders=host&X-Xet-Cas-Uid=public&response-content-disposition=inline%3B+filename*%3DUTF-8%27%27train_bn_shard_01.json%3B+filename%3D%22train_bn_shard_01.json%22%3B&response-content-type=application%2Fjson&x-amz-checksum-mode=ENABLED&x-id=GetObject&Expires=1772828594&Policy=eyJTdGF0ZW1lbnQiOlt7IkNvbmRpdGlvbiI6eyJEYXRlTGVzc1RoYW4iOnsiQVdTOkVwb2NoVGltZSI6MTc3MjgyODU5NH19LCJSZXNvdXJjZSI6Imh0dHBzOi8vY2FzLWJyaWRnZS54ZXRodWIuaGYuY28veGV0LWJyaWRnZS11cy82NTMxZmExY2E2YjhhMjAyMjIxNzQ1NjQvMzU0OGE4NzZkZTk4ZDI0NWQ2MTcyZDcyMDU5ODc4YzZiYWRmNzM4OWRkZGExNmYwMmFjYjQ3MmU0OTUzN2Y5OSoifV19&Signature=M-VNN8cuFolMrgBCghlNChmcWsjwrdVF0-28fQpgzC%7E9lijEkAftCAB8aiqpitNvz2735tEuMEMlLA03kHeseBhof2QdPtvhKZEZ9WsZxdT22YJ%7EZeRg4pu9r7EdWGatD-j5OFIOHRZWfKnHDNB3phL3fWVoujXtOBsRuetvlu8gLpoVHFV-WoRkZ3J0Hkwl7Ww%7EkO1N0arF8O0nqeynVQSkUu2C9nwGTr2Aut8LFp1mYNawl2fE5mfnVX8HbG2i7JUqAoklQzRIn15sVBchN%7Eo282DgS%7EPKlImkS8gLZvATwDWHksFEpildXmxlKMIlyECrraBTh5vsBbSCB0vAxA__&Key-Pair-Id=K2L8F4GPSG1IFC "HTTP/1.1 206 Partial Content"
2026-03-07 00:53:17,342  INFO  HTTP Request: GET https://huggingface.co/datasets/rahular/varta/resolve/7151493e445ff102ccc720f515ae5a6c7f72fb46/train/train_bn_shard_01.json "HTTP/1.1 302 Found"
2026-03-07 00:53:18,114  INFO  HTTP Request: GET https://cas-bridge.xethub.hf.co/xet-bridge-us/6531fa1ca6b8a20222174564/3548a876de98d245d6172d72059878c6badf7389ddda16f02acb472e49537f99?X-Amz-Algorithm=AWS4-HMAC-SHA256&X-Amz-Content-Sha256=UNSIGNED-PAYLOAD&X-Amz-Credential=cas%2F20260306%2Fus-east-1%2Fs3%2Faws4_request&X-Amz-Date=20260306T192252Z&X-Amz-Expires=3600&X-Amz-Signature=0eba074fd3c6a037102ba74fbc1f815f7fb24a7f7fa7c253c2a77b4213408296&X-Amz-SignedHeaders=host&X-Xet-Cas-Uid=public&response-content-disposition=inline%3B+filename*%3DUTF-8%27%27train_bn_shard_01.json%3B+filename%3D%22train_bn_shard_01.json%22%3B&response-content-type=application%2Fjson&x-amz-checksum-mode=ENABLED&x-id=GetObject&Expires=1772828572&Policy=eyJTdGF0ZW1lbnQiOlt7IkNvbmRpdGlvbiI6eyJEYXRlTGVzc1RoYW4iOnsiQVdTOkVwb2NoVGltZSI6MTc3MjgyODU3Mn19LCJSZXNvdXJjZSI6Imh0dHBzOi8vY2FzLWJyaWRnZS54ZXRodWIuaGYuY28veGV0LWJyaWRnZS11cy82NTMxZmExY2E2YjhhMjAyMjIxNzQ1NjQvMzU0OGE4NzZkZTk4ZDI0NWQ2MTcyZDcyMDU5ODc4YzZiYWRmNzM4OWRkZGExNmYwMmFjYjQ3MmU0OTUzN2Y5OSoifV19&Signature=iI6lSGFg2u6cQNU328DiXOkMotgyJuGsQolJhf7z9AIR-VBoytZ-pmY7OD9kGjXodTKb%7E9KEmuHZOmvpLWkBBaWmeggRDfZTa-QocOX67ZU8vm4Cp8KDLVEp4N21xME0JwpLdsS7GsdKlLHZXx7Q8F6vsHRcz80xl0T0762yhd40ZUnA8otulH8Re1cndaF357e3RG%7EEKBRnM2Y1JBoVlIEcQ0ghqRId03iffmoEXOk9bK0TLYs7yFQdsKh-MA78DmIIh1O0QIb5IJd%7ECaWBDzF%7EE2hfMS4FRu2PHOKVXJ1-6uhVWvg2mIGngFuUVOe2QjuHIJ4kYglobX%7E5KHNP0Q__&Key-Pair-Id=K2L8F4GPSG1IFC "HTTP/1.1 206 Partial Content"
2026-03-07 00:53:20,869  INFO  HTTP Request: GET https://huggingface.co/datasets/rahular/varta/resolve/7151493e445ff102ccc720f515ae5a6c7f72fb46/train/train_bn_shard_01.json "HTTP/1.1 302 Found"
2026-03-07 00:53:21,389  INFO  HTTP Request: GET https://cas-bridge.xethub.hf.co/xet-bridge-us/6531fa1ca6b8a20222174564/3548a876de98d245d6172d72059878c6badf7389ddda16f02acb472e49537f99?X-Amz-Algorithm=AWS4-HMAC-SHA256&X-Amz-Content-Sha256=UNSIGNED-PAYLOAD&X-Amz-Credential=cas%2F20260306%2Fus-east-1%2Fs3%2Faws4_request&X-Amz-Date=20260306T192156Z&X-Amz-Expires=3600&X-Amz-Signature=cdce6648a3dd64e4f0fd7832b6c3bd39179c93e87ed694b7a859bc10fcbc6827&X-Amz-SignedHeaders=host&X-Xet-Cas-Uid=public&response-content-disposition=inline%3B+filename*%3DUTF-8%27%27train_bn_shard_01.json%3B+filename%3D%22train_bn_shard_01.json%22%3B&response-content-type=application%2Fjson&x-amz-checksum-mode=ENABLED&x-id=GetObject&Expires=1772828516&Policy=eyJTdGF0ZW1lbnQiOlt7IkNvbmRpdGlvbiI6eyJEYXRlTGVzc1RoYW4iOnsiQVdTOkVwb2NoVGltZSI6MTc3MjgyODUxNn19LCJSZXNvdXJjZSI6Imh0dHBzOi8vY2FzLWJyaWRnZS54ZXRodWIuaGYuY28veGV0LWJyaWRnZS11cy82NTMxZmExY2E2YjhhMjAyMjIxNzQ1NjQvMzU0OGE4NzZkZTk4ZDI0NWQ2MTcyZDcyMDU5ODc4YzZiYWRmNzM4OWRkZGExNmYwMmFjYjQ3MmU0OTUzN2Y5OSoifV19&Signature=lNKzZz0B2ENc6Bx%7Ec0y2idnB7t3AGv-aJWPwPV-YA15NNUlc8c0LHTBuBLeLfeLGZbmxVi-pO3VNeL%7E2jmXvjK8uoSY4sIzRLmHgJe31N5nfxSFvuHkNiT1AXS-Zc2Pehk0eVNUBU%7EuDAiVRqImvhUGI6XWQ6ld5xgxkBEi6xqMwEZaUv3W%7EHnWmge9Hz-vVbgUE18GzptEkw-%7EbYyHGO-8peXaBpvQ5-Vsj2u-XBI9KLs2UY9L%7Ew%7EUsP%7EcORfdyJbGuQELJW-cjhDivPUiGrgdLMTfQAxuh1ZbD2kWIQOYzD5raW6E1csQegcPS011WdNww2UllGhyq8GnpUItotQ__&Key-Pair-Id=K2L8F4GPSG1IFC "HTTP/1.1 206 Partial Content"
2026-03-07 00:53:24,352  INFO  HTTP Request: GET https://huggingface.co/datasets/rahular/varta/resolve/7151493e445ff102ccc720f515ae5a6c7f72fb46/train/train_bn_shard_01.json "HTTP/1.1 302 Found"
2026-03-07 00:53:25,170  INFO  HTTP Request: GET https://cas-bridge.xethub.hf.co/xet-bridge-us/6531fa1ca6b8a20222174564/3548a876de98d245d6172d72059878c6badf7389ddda16f02acb472e49537f99?X-Amz-Algorithm=AWS4-HMAC-SHA256&X-Amz-Content-Sha256=UNSIGNED-PAYLOAD&X-Amz-Credential=cas%2F20260306%2Fus-east-1%2Fs3%2Faws4_request&X-Amz-Date=20260306T192102Z&X-Amz-Expires=3600&X-Amz-Signature=17c7a2200228bfd01ef5ba23c94fad25017a2776b7c5d54dc3528aa5affac478&X-Amz-SignedHeaders=host&X-Xet-Cas-Uid=public&response-content-disposition=inline%3B+filename*%3DUTF-8%27%27train_bn_shard_01.json%3B+filename%3D%22train_bn_shard_01.json%22%3B&response-content-type=application%2Fjson&x-amz-checksum-mode=ENABLED&x-id=GetObject&Expires=1772828462&Policy=eyJTdGF0ZW1lbnQiOlt7IkNvbmRpdGlvbiI6eyJEYXRlTGVzc1RoYW4iOnsiQVdTOkVwb2NoVGltZSI6MTc3MjgyODQ2Mn19LCJSZXNvdXJjZSI6Imh0dHBzOi8vY2FzLWJyaWRnZS54ZXRodWIuaGYuY28veGV0LWJyaWRnZS11cy82NTMxZmExY2E2YjhhMjAyMjIxNzQ1NjQvMzU0OGE4NzZkZTk4ZDI0NWQ2MTcyZDcyMDU5ODc4YzZiYWRmNzM4OWRkZGExNmYwMmFjYjQ3MmU0OTUzN2Y5OSoifV19&Signature=TAe-u9vYhjYGXmMdYGuiJLJzh6u2hJvAm9XwQT%7EZe5dQgz%7EVTBmxaUwxHrjmL3WvmQFnA1bckPHyIW8W37S49gruHBOgs1kzs1%7EX8Sm1zAE-%7EeCiXRN-8P-1R8Z-iGde8MYrS59jog69v9MtP1vDivfWJOweeH6FP2aIk4kW18%7ESOHf7NQ-DpZ2WCCjC0H0I9PROd00vSzpacAZX4eS%7EnRfBG9nWrBulA5F7Yua3oCxeFXrj6LAJoLXadDxyVj1IOnWMvOOCTl%7E27puQ0Ew0xKg2gFUqr%7Eg01FAuvOjiEt-edIPkmjnDTGWLgHZqEt0lY%7E8vBuuPr%7E0mylUvmOqq9g__&Key-Pair-Id=K2L8F4GPSG1IFC "HTTP/1.1 206 Partial Content"
2026-03-07 00:53:27,628  INFO  HTTP Request: GET https://huggingface.co/datasets/rahular/varta/resolve/7151493e445ff102ccc720f515ae5a6c7f72fb46/train/train_bn_shard_01.json "HTTP/1.1 302 Found"
2026-03-07 00:53:28,242  INFO  HTTP Request: GET https://cas-bridge.xethub.hf.co/xet-bridge-us/6531fa1ca6b8a20222174564/3548a876de98d245d6172d72059878c6badf7389ddda16f02acb472e49537f99?X-Amz-Algorithm=AWS4-HMAC-SHA256&X-Amz-Content-Sha256=UNSIGNED-PAYLOAD&X-Amz-Credential=cas%2F20260306%2Fus-east-1%2Fs3%2Faws4_request&X-Amz-Date=20260306T192327Z&X-Amz-Expires=3600&X-Amz-Signature=e323e21c86d3a2d13b35d424bcb0f94c0e9dbdc7c3f9cdb33f77117898f6b548&X-Amz-SignedHeaders=host&X-Xet-Cas-Uid=public&response-content-disposition=inline%3B+filename*%3DUTF-8%27%27train_bn_shard_01.json%3B+filename%3D%22train_bn_shard_01.json%22%3B&response-content-type=application%2Fjson&x-amz-checksum-mode=ENABLED&x-id=GetObject&Expires=1772828607&Policy=eyJTdGF0ZW1lbnQiOlt7IkNvbmRpdGlvbiI6eyJEYXRlTGVzc1RoYW4iOnsiQVdTOkVwb2NoVGltZSI6MTc3MjgyODYwN319LCJSZXNvdXJjZSI6Imh0dHBzOi8vY2FzLWJyaWRnZS54ZXRodWIuaGYuY28veGV0LWJyaWRnZS11cy82NTMxZmExY2E2YjhhMjAyMjIxNzQ1NjQvMzU0OGE4NzZkZTk4ZDI0NWQ2MTcyZDcyMDU5ODc4YzZiYWRmNzM4OWRkZGExNmYwMmFjYjQ3MmU0OTUzN2Y5OSoifV19&Signature=Vid25soSHJGkcBVkfB9e0XWRSl27Phw--7Wo2WFGsqmgOtBkO8%7Eb2AHCZ5yNbNxigDjgn02tWtKBzJtsUvLr-8bfW4JbcO8fjCmKr1bRRasbKIqwXFathoAsIh%7Euu2k-AXjd%7E%7EJRpQjwS4M4Y2bU0URsvGFo6k58JTSRHTEmt98gdFwYNwOMc97J49qnDHtUNU1oRPM6aRL6z0zCyyMDPqkuRHgrWfqX66TPakmYTRhzCQZEOJ7mWCCki0oKyi9YRB0O90HjNkmS0i7wLYenTWF4Kj4Zu3Y5YIlpoEimw1yBVb2Qq8shKHtYeNc5Sy2sA-85X%7E1nPlwgX%7ETFduegiw__&Key-Pair-Id=K2L8F4GPSG1IFC "HTTP/1.1 206 Partial Content"
2026-03-07 00:53:30,597  INFO  HTTP Request: GET https://huggingface.co/datasets/rahular/varta/resolve/7151493e445ff102ccc720f515ae5a6c7f72fb46/train/train_bn_shard_01.json "HTTP/1.1 302 Found"
2026-03-07 00:53:30,959  INFO  HTTP Request: GET https://cas-bridge.xethub.hf.co/xet-bridge-us/6531fa1ca6b8a20222174564/3548a876de98d245d6172d72059878c6badf7389ddda16f02acb472e49537f99?X-Amz-Algorithm=AWS4-HMAC-SHA256&X-Amz-Content-Sha256=UNSIGNED-PAYLOAD&X-Amz-Credential=cas%2F20260306%2Fus-east-1%2Fs3%2Faws4_request&X-Amz-Date=20260306T192108Z&X-Amz-Expires=3600&X-Amz-Signature=f94c014d4ea1da6ce8ed04793d1746b5850d06200da917f907acefde03cc415a&X-Amz-SignedHeaders=host&X-Xet-Cas-Uid=public&response-content-disposition=inline%3B+filename*%3DUTF-8%27%27train_bn_shard_01.json%3B+filename%3D%22train_bn_shard_01.json%22%3B&response-content-type=application%2Fjson&x-amz-checksum-mode=ENABLED&x-id=GetObject&Expires=1772828468&Policy=eyJTdGF0ZW1lbnQiOlt7IkNvbmRpdGlvbiI6eyJEYXRlTGVzc1RoYW4iOnsiQVdTOkVwb2NoVGltZSI6MTc3MjgyODQ2OH19LCJSZXNvdXJjZSI6Imh0dHBzOi8vY2FzLWJyaWRnZS54ZXRodWIuaGYuY28veGV0LWJyaWRnZS11cy82NTMxZmExY2E2YjhhMjAyMjIxNzQ1NjQvMzU0OGE4NzZkZTk4ZDI0NWQ2MTcyZDcyMDU5ODc4YzZiYWRmNzM4OWRkZGExNmYwMmFjYjQ3MmU0OTUzN2Y5OSoifV19&Signature=vh3t9lWyrguMg97Z-oohs86LzaOnplN5FiKm8R7E2grm2XMOGrnKVQSV1pvlvlCRplFH2bGFl%7Ex-hVNPaaJ-Bs3NcAlMxaZoLQo6CLVhgVrB00sahsB2PLobCeWih20XJ5qY%7EP3uo-4TQ4i7GumHnmpZpUvR-Z0VUk0oBqauc44yu1O4AjU5R1qX%7EyxHyzOJIKSFElVemJnqBsaLsvLaCvrrO9FRWvARrj1sUtW1MVesXLEXJ93RPxyAZWL5b3gsHcBXclzEPJzSXw1NEIK7ExBOc%7EC5PvdO-2qVAbFFCUb36zhlWA6njKDnpOv%7EadkFM7QbRcPRUIWllOmo4pDQqg__&Key-Pair-Id=K2L8F4GPSG1IFC "HTTP/1.1 206 Partial Content"
2026-03-07 00:53:34,079  INFO  HTTP Request: GET https://huggingface.co/datasets/rahular/varta/resolve/7151493e445ff102ccc720f515ae5a6c7f72fb46/train/train_bn_shard_01.json "HTTP/1.1 302 Found"
2026-03-07 00:53:34,590  INFO  HTTP Request: GET https://cas-bridge.xethub.hf.co/xet-bridge-us/6531fa1ca6b8a20222174564/3548a876de98d245d6172d72059878c6badf7389ddda16f02acb472e49537f99?X-Amz-Algorithm=AWS4-HMAC-SHA256&X-Amz-Content-Sha256=UNSIGNED-PAYLOAD&X-Amz-Credential=cas%2F20260306%2Fus-east-1%2Fs3%2Faws4_request&X-Amz-Date=20260306T192333Z&X-Amz-Expires=3600&X-Amz-Signature=faea2ab9a4eddf2ff876a62824ccf737c1090b093f923ec8699429b6a8c797ad&X-Amz-SignedHeaders=host&X-Xet-Cas-Uid=public&response-content-disposition=inline%3B+filename*%3DUTF-8%27%27train_bn_shard_01.json%3B+filename%3D%22train_bn_shard_01.json%22%3B&response-content-type=application%2Fjson&x-amz-checksum-mode=ENABLED&x-id=GetObject&Expires=1772828613&Policy=eyJTdGF0ZW1lbnQiOlt7IkNvbmRpdGlvbiI6eyJEYXRlTGVzc1RoYW4iOnsiQVdTOkVwb2NoVGltZSI6MTc3MjgyODYxM319LCJSZXNvdXJjZSI6Imh0dHBzOi8vY2FzLWJyaWRnZS54ZXRodWIuaGYuY28veGV0LWJyaWRnZS11cy82NTMxZmExY2E2YjhhMjAyMjIxNzQ1NjQvMzU0OGE4NzZkZTk4ZDI0NWQ2MTcyZDcyMDU5ODc4YzZiYWRmNzM4OWRkZGExNmYwMmFjYjQ3MmU0OTUzN2Y5OSoifV19&Signature=pw-WG4Zd8rwTc5zk89jcrSJwZrkI5-sQJMbp2kmhebeNQViiR4CuppdlhJhZ6UnMTxxX17KsCk9UnnHQ789yI4mbAMLyOr7mNoc9BiGQ8NbWsCzM82BCae3QUkjIjdg-Xd65tTwjnDtGdzHgQ2pbi0NwfCE95b0TKBPN0YbCZct-7QVY%7ElUw1I%7E4jhziVJN1vSeIUkwBQ19HdjGrVIFSaQhpyNvruBBOXg4UUJO%7EJZ8cQPYJrfnpRvVIU0XsS0JWNXghCYg9r%7E%7EWLiv2-38A9MmZyV-qvoHgR8EbsMr3BvzTEJFF32DihiOx-FltfTI%7EX6tY2vu2ZU5dVEDfhJ3pyA__&Key-Pair-Id=K2L8F4GPSG1IFC "HTTP/1.1 206 Partial Content"
2026-03-07 00:53:38,277  INFO  HTTP Request: GET https://huggingface.co/datasets/rahular/varta/resolve/7151493e445ff102ccc720f515ae5a6c7f72fb46/train/train_bn_shard_01.json "HTTP/1.1 302 Found"
2026-03-07 00:53:38,618  INFO  HTTP Request: GET https://cas-bridge.xethub.hf.co/xet-bridge-us/6531fa1ca6b8a20222174564/3548a876de98d245d6172d72059878c6badf7389ddda16f02acb472e49537f99?X-Amz-Algorithm=AWS4-HMAC-SHA256&X-Amz-Content-Sha256=UNSIGNED-PAYLOAD&X-Amz-Credential=cas%2F20260306%2Fus-east-1%2Fs3%2Faws4_request&X-Amz-Date=20260306T192337Z&X-Amz-Expires=3600&X-Amz-Signature=03f5712b03eee6d3b6c0c861d609053b9d3b63c99c3c31c45d11af985be8312a&X-Amz-SignedHeaders=host&X-Xet-Cas-Uid=public&response-content-disposition=inline%3B+filename*%3DUTF-8%27%27train_bn_shard_01.json%3B+filename%3D%22train_bn_shard_01.json%22%3B&response-content-type=application%2Fjson&x-amz-checksum-mode=ENABLED&x-id=GetObject&Expires=1772828617&Policy=eyJTdGF0ZW1lbnQiOlt7IkNvbmRpdGlvbiI6eyJEYXRlTGVzc1RoYW4iOnsiQVdTOkVwb2NoVGltZSI6MTc3MjgyODYxN319LCJSZXNvdXJjZSI6Imh0dHBzOi8vY2FzLWJyaWRnZS54ZXRodWIuaGYuY28veGV0LWJyaWRnZS11cy82NTMxZmExY2E2YjhhMjAyMjIxNzQ1NjQvMzU0OGE4NzZkZTk4ZDI0NWQ2MTcyZDcyMDU5ODc4YzZiYWRmNzM4OWRkZGExNmYwMmFjYjQ3MmU0OTUzN2Y5OSoifV19&Signature=LIyCLM1vzuMPkXPxk%7EHa1Flzp1etbSSIB9hlO%7EoCn9BKAhesUePnrzrStOLZxH%7E5SRZMMb8ax3m-A76SXe%7EVybYjtnOLca99ibQAsCTqRyygSq8-1fgFTNCPMtMwFW-tQjPeh8N2kFIcIpXKdtbavBGcWvSuHfHifctcyja1CkFnIezNgeBtAG-xpdeEvPMCQlqFPbWdqyEP1mRlmNeJZbrqs26SR-Wbg6eA0VVPo9BLtHZXkqAc-JtAVl9pMSgeBryvHGCWI2OB2job1wSpwj-32V4qrPT4eaR3rYYlnfqDOUy1VKT8opMBMX2qxudHI72wpNGw-hB0mzBOx9aN4g__&Key-Pair-Id=K2L8F4GPSG1IFC "HTTP/1.1 206 Partial Content"
2026-03-07 00:53:41,434  INFO  HTTP Request: GET https://huggingface.co/datasets/rahular/varta/resolve/7151493e445ff102ccc720f515ae5a6c7f72fb46/train/train_bn_shard_01.json "HTTP/1.1 302 Found"
2026-03-07 00:53:42,065  INFO  HTTP Request: GET https://cas-bridge.xethub.hf.co/xet-bridge-us/6531fa1ca6b8a20222174564/3548a876de98d245d6172d72059878c6badf7389ddda16f02acb472e49537f99?X-Amz-Algorithm=AWS4-HMAC-SHA256&X-Amz-Content-Sha256=UNSIGNED-PAYLOAD&X-Amz-Credential=cas%2F20260306%2Fus-east-1%2Fs3%2Faws4_request&X-Amz-Date=20260306T192310Z&X-Amz-Expires=3600&X-Amz-Signature=079ea8a9a9948b1950dd5d6b38e6165c3bacee1d85a88790a8fffadd3d2eb0b1&X-Amz-SignedHeaders=host&X-Xet-Cas-Uid=public&response-content-disposition=inline%3B+filename*%3DUTF-8%27%27train_bn_shard_01.json%3B+filename%3D%22train_bn_shard_01.json%22%3B&response-content-type=application%2Fjson&x-amz-checksum-mode=ENABLED&x-id=GetObject&Expires=1772828590&Policy=eyJTdGF0ZW1lbnQiOlt7IkNvbmRpdGlvbiI6eyJEYXRlTGVzc1RoYW4iOnsiQVdTOkVwb2NoVGltZSI6MTc3MjgyODU5MH19LCJSZXNvdXJjZSI6Imh0dHBzOi8vY2FzLWJyaWRnZS54ZXRodWIuaGYuY28veGV0LWJyaWRnZS11cy82NTMxZmExY2E2YjhhMjAyMjIxNzQ1NjQvMzU0OGE4NzZkZTk4ZDI0NWQ2MTcyZDcyMDU5ODc4YzZiYWRmNzM4OWRkZGExNmYwMmFjYjQ3MmU0OTUzN2Y5OSoifV19&Signature=v7q%7ESCUuDdXPOShKZoxpaiQjo8vA-fr5L4bgf-C4rSy8MQPF-xoEblBSkXyaHRp5tmWpRXzhMO4yp-14O-vnO--cu7FAV30KEp9I9C5Zab8y61%7Ehuyt2hxp8nyOC24t3rV7jB-t0l56RHlRwcJeUtk8HV15X25TEoIAWtvBoKgXCAGXWckKFpKY3BrshrHDpjVMTWwypNPZjVft-9V%7ElQaRplaUu2CBEVfN2u8mX-OBWj7N9hyf1TLrqWsxtLWf3mnb3%7EsrqYpJLefPUcpu6pN1P-YOwW0ndYJzldBJ%7Ezq70PVnhZjhB2-b4hf0BBamn5eaXHxQ5bH18YE0Y7BKnAA__&Key-Pair-Id=K2L8F4GPSG1IFC "HTTP/1.1 206 Partial Content"
2026-03-07 00:53:45,178  INFO  HTTP Request: GET https://huggingface.co/datasets/rahular/varta/resolve/7151493e445ff102ccc720f515ae5a6c7f72fb46/train/train_bn_shard_01.json "HTTP/1.1 302 Found"
2026-03-07 00:53:45,956  INFO  HTTP Request: GET https://cas-bridge.xethub.hf.co/xet-bridge-us/6531fa1ca6b8a20222174564/3548a876de98d245d6172d72059878c6badf7389ddda16f02acb472e49537f99?X-Amz-Algorithm=AWS4-HMAC-SHA256&X-Amz-Content-Sha256=UNSIGNED-PAYLOAD&X-Amz-Credential=cas%2F20260306%2Fus-east-1%2Fs3%2Faws4_request&X-Amz-Date=20260306T192345Z&X-Amz-Expires=3600&X-Amz-Signature=cf4922fffcb87560643d8375d16fc4f1c38ce2df538af214f3cd5d785acc73e1&X-Amz-SignedHeaders=host&X-Xet-Cas-Uid=public&response-content-disposition=inline%3B+filename*%3DUTF-8%27%27train_bn_shard_01.json%3B+filename%3D%22train_bn_shard_01.json%22%3B&response-content-type=application%2Fjson&x-amz-checksum-mode=ENABLED&x-id=GetObject&Expires=1772828625&Policy=eyJTdGF0ZW1lbnQiOlt7IkNvbmRpdGlvbiI6eyJEYXRlTGVzc1RoYW4iOnsiQVdTOkVwb2NoVGltZSI6MTc3MjgyODYyNX19LCJSZXNvdXJjZSI6Imh0dHBzOi8vY2FzLWJyaWRnZS54ZXRodWIuaGYuY28veGV0LWJyaWRnZS11cy82NTMxZmExY2E2YjhhMjAyMjIxNzQ1NjQvMzU0OGE4NzZkZTk4ZDI0NWQ2MTcyZDcyMDU5ODc4YzZiYWRmNzM4OWRkZGExNmYwMmFjYjQ3MmU0OTUzN2Y5OSoifV19&Signature=slv-QXsCNSjgGXYubJajWPscka5H6nCqFdZqJknhMV9Yev%7ENLv2otUzauBNYIJHXm6gOiWAjA0DGWicGI9%7EjPRosQoxa6tXvCYaHBhaZQw7K9I%7Ev%7Em-yraZxDvtpFRUowOmRQCpd%7EoDCt4fJKQQpZ3N6xGXcWjAldsXEI-hc10JWfdxYGIWL0VQCM3j1i03w7LFHJYjIzQ7kBfmaJS6YFb7r-lFATY3lTT2Ls0RDDhVODpM56eNgiIj6b0r5DjpmpSbg6JHU7350IC1SAeJNHf3QM52Qmuyg9RTkFF8CgVy8W8MSUv-h7CgorgZG4Itd4vPxeFEDI5MmABMq0Ktqrg__&Key-Pair-Id=K2L8F4GPSG1IFC "HTTP/1.1 206 Partial Content"
2026-03-07 00:53:48,826  INFO  HTTP Request: GET https://huggingface.co/datasets/rahular/varta/resolve/7151493e445ff102ccc720f515ae5a6c7f72fb46/train/train_bn_shard_01.json "HTTP/1.1 302 Found"
2026-03-07 00:53:49,348  INFO  HTTP Request: GET https://cas-bridge.xethub.hf.co/xet-bridge-us/6531fa1ca6b8a20222174564/3548a876de98d245d6172d72059878c6badf7389ddda16f02acb472e49537f99?X-Amz-Algorithm=AWS4-HMAC-SHA256&X-Amz-Content-Sha256=UNSIGNED-PAYLOAD&X-Amz-Credential=cas%2F20260306%2Fus-east-1%2Fs3%2Faws4_request&X-Amz-Date=20260306T192345Z&X-Amz-Expires=3600&X-Amz-Signature=cf4922fffcb87560643d8375d16fc4f1c38ce2df538af214f3cd5d785acc73e1&X-Amz-SignedHeaders=host&X-Xet-Cas-Uid=public&response-content-disposition=inline%3B+filename*%3DUTF-8%27%27train_bn_shard_01.json%3B+filename%3D%22train_bn_shard_01.json%22%3B&response-content-type=application%2Fjson&x-amz-checksum-mode=ENABLED&x-id=GetObject&Expires=1772828625&Policy=eyJTdGF0ZW1lbnQiOlt7IkNvbmRpdGlvbiI6eyJEYXRlTGVzc1RoYW4iOnsiQVdTOkVwb2NoVGltZSI6MTc3MjgyODYyNX19LCJSZXNvdXJjZSI6Imh0dHBzOi8vY2FzLWJyaWRnZS54ZXRodWIuaGYuY28veGV0LWJyaWRnZS11cy82NTMxZmExY2E2YjhhMjAyMjIxNzQ1NjQvMzU0OGE4NzZkZTk4ZDI0NWQ2MTcyZDcyMDU5ODc4YzZiYWRmNzM4OWRkZGExNmYwMmFjYjQ3MmU0OTUzN2Y5OSoifV19&Signature=slv-QXsCNSjgGXYubJajWPscka5H6nCqFdZqJknhMV9Yev%7ENLv2otUzauBNYIJHXm6gOiWAjA0DGWicGI9%7EjPRosQoxa6tXvCYaHBhaZQw7K9I%7Ev%7Em-yraZxDvtpFRUowOmRQCpd%7EoDCt4fJKQQpZ3N6xGXcWjAldsXEI-hc10JWfdxYGIWL0VQCM3j1i03w7LFHJYjIzQ7kBfmaJS6YFb7r-lFATY3lTT2Ls0RDDhVODpM56eNgiIj6b0r5DjpmpSbg6JHU7350IC1SAeJNHf3QM52Qmuyg9RTkFF8CgVy8W8MSUv-h7CgorgZG4Itd4vPxeFEDI5MmABMq0Ktqrg__&Key-Pair-Id=K2L8F4GPSG1IFC "HTTP/1.1 206 Partial Content"
2026-03-07 00:53:51,997  INFO  HTTP Request: GET https://huggingface.co/datasets/rahular/varta/resolve/7151493e445ff102ccc720f515ae5a6c7f72fb46/train/train_bn_shard_01.json "HTTP/1.1 302 Found"
2026-03-07 00:53:52,407  INFO  HTTP Request: GET https://cas-bridge.xethub.hf.co/xet-bridge-us/6531fa1ca6b8a20222174564/3548a876de98d245d6172d72059878c6badf7389ddda16f02acb472e49537f99?X-Amz-Algorithm=AWS4-HMAC-SHA256&X-Amz-Content-Sha256=UNSIGNED-PAYLOAD&X-Amz-Credential=cas%2F20260306%2Fus-east-1%2Fs3%2Faws4_request&X-Amz-Date=20260306T192135Z&X-Amz-Expires=3600&X-Amz-Signature=34243dc5ad75f5fe35a6563afc61c0c208fc0cc6ca912d8d9b6a458489ae09a6&X-Amz-SignedHeaders=host&X-Xet-Cas-Uid=public&response-content-disposition=inline%3B+filename*%3DUTF-8%27%27train_bn_shard_01.json%3B+filename%3D%22train_bn_shard_01.json%22%3B&response-content-type=application%2Fjson&x-amz-checksum-mode=ENABLED&x-id=GetObject&Expires=1772828495&Policy=eyJTdGF0ZW1lbnQiOlt7IkNvbmRpdGlvbiI6eyJEYXRlTGVzc1RoYW4iOnsiQVdTOkVwb2NoVGltZSI6MTc3MjgyODQ5NX19LCJSZXNvdXJjZSI6Imh0dHBzOi8vY2FzLWJyaWRnZS54ZXRodWIuaGYuY28veGV0LWJyaWRnZS11cy82NTMxZmExY2E2YjhhMjAyMjIxNzQ1NjQvMzU0OGE4NzZkZTk4ZDI0NWQ2MTcyZDcyMDU5ODc4YzZiYWRmNzM4OWRkZGExNmYwMmFjYjQ3MmU0OTUzN2Y5OSoifV19&Signature=mpj6xAMHLlDkBvgDTR7eZ5ZW8d%7EfFfdBjelgir5cUwA1o30uuoYdD95hBwz8oCPR2BWT258mpyUNOPjF9-XW0w0f5f4CvE1Z1eClrFr1tzA14j9Jsnvtnb-%7ESZZpYm6xOec37DsTJrapkfuqSwQrdBBkmNrXBtkF%7EbprIt5%7EeUWGLBzkjQVcPc3RR8XEpC7vcdYiuQfvIq2UMrauxIKUNNlwPbnAjxLlcAbyK5sOR5BK4a8pMr06qKA9Oah3L7SW341cqftTgwlP3GoQfYmKPEXVTCUPfc3NneI0E6etZArWmZbsJF99XkWrp2kD9qLuhFXRk730ewI9DiePG2Aanw__&Key-Pair-Id=K2L8F4GPSG1IFC "HTTP/1.1 206 Partial Content"
2026-03-07 00:53:55,699  INFO  HTTP Request: GET https://huggingface.co/datasets/rahular/varta/resolve/7151493e445ff102ccc720f515ae5a6c7f72fb46/train/train_bn_shard_01.json "HTTP/1.1 302 Found"
2026-03-07 00:53:56,195  INFO  HTTP Request: GET https://cas-bridge.xethub.hf.co/xet-bridge-us/6531fa1ca6b8a20222174564/3548a876de98d245d6172d72059878c6badf7389ddda16f02acb472e49537f99?X-Amz-Algorithm=AWS4-HMAC-SHA256&X-Amz-Content-Sha256=UNSIGNED-PAYLOAD&X-Amz-Credential=cas%2F20260306%2Fus-east-1%2Fs3%2Faws4_request&X-Amz-Date=20260306T192355Z&X-Amz-Expires=3600&X-Amz-Signature=21f9ee90f0fbea962df92109c622b3d4fb7056f9b49f70fe0d7b57233cfaf8fa&X-Amz-SignedHeaders=host&X-Xet-Cas-Uid=public&response-content-disposition=inline%3B+filename*%3DUTF-8%27%27train_bn_shard_01.json%3B+filename%3D%22train_bn_shard_01.json%22%3B&response-content-type=application%2Fjson&x-amz-checksum-mode=ENABLED&x-id=GetObject&Expires=1772828635&Policy=eyJTdGF0ZW1lbnQiOlt7IkNvbmRpdGlvbiI6eyJEYXRlTGVzc1RoYW4iOnsiQVdTOkVwb2NoVGltZSI6MTc3MjgyODYzNX19LCJSZXNvdXJjZSI6Imh0dHBzOi8vY2FzLWJyaWRnZS54ZXRodWIuaGYuY28veGV0LWJyaWRnZS11cy82NTMxZmExY2E2YjhhMjAyMjIxNzQ1NjQvMzU0OGE4NzZkZTk4ZDI0NWQ2MTcyZDcyMDU5ODc4YzZiYWRmNzM4OWRkZGExNmYwMmFjYjQ3MmU0OTUzN2Y5OSoifV19&Signature=r6hZlCfIBfLnYhFGfO5Uao-8xPgmmPeGjUGzlC42BVBBWvGkO7VO3RU6KD7xaVe65tSgzq7gMbiPL3kS6gIelDHXt39xdPn45QIzcVjx1MLRWrV%7EuZX75MM60Hs8UsxfeHnhP4qWg%7ErRMYvpQTAKg6aBmAmZzWlP3TjMt0VaCXUzpnkuSoHEvC2A5Hc7umVuAHxUtwkeqwWNuAoK1zP0neNiDP%7EKeJaVS6HJf%7EVnF3LZz-fTEaSZ8TfikrLAVfYcQYi6x2MF9eXk9KGDHtqz4cAZBptrmHCJXNAzLr-tJIRvzV1oCF2gafGIV9iuVUBma2w3MU%7EGAqAGDL-eZ3qmMA__&Key-Pair-Id=K2L8F4GPSG1IFC "HTTP/1.1 206 Partial Content"
2026-03-07 00:53:58,858  INFO  HTTP Request: GET https://huggingface.co/datasets/rahular/varta/resolve/7151493e445ff102ccc720f515ae5a6c7f72fb46/train/train_bn_shard_01.json "HTTP/1.1 302 Found"
2026-03-07 00:53:59,390  INFO  HTTP Request: GET https://cas-bridge.xethub.hf.co/xet-bridge-us/6531fa1ca6b8a20222174564/3548a876de98d245d6172d72059878c6badf7389ddda16f02acb472e49537f99?X-Amz-Algorithm=AWS4-HMAC-SHA256&X-Amz-Content-Sha256=UNSIGNED-PAYLOAD&X-Amz-Credential=cas%2F20260306%2Fus-east-1%2Fs3%2Faws4_request&X-Amz-Date=20260306T192358Z&X-Amz-Expires=3600&X-Amz-Signature=a242bbb56f12ee6e8eb85261eb447f2fd8f1f2f588e86c209654b6356ec6ccf5&X-Amz-SignedHeaders=host&X-Xet-Cas-Uid=public&response-content-disposition=inline%3B+filename*%3DUTF-8%27%27train_bn_shard_01.json%3B+filename%3D%22train_bn_shard_01.json%22%3B&response-content-type=application%2Fjson&x-amz-checksum-mode=ENABLED&x-id=GetObject&Expires=1772828638&Policy=eyJTdGF0ZW1lbnQiOlt7IkNvbmRpdGlvbiI6eyJEYXRlTGVzc1RoYW4iOnsiQVdTOkVwb2NoVGltZSI6MTc3MjgyODYzOH19LCJSZXNvdXJjZSI6Imh0dHBzOi8vY2FzLWJyaWRnZS54ZXRodWIuaGYuY28veGV0LWJyaWRnZS11cy82NTMxZmExY2E2YjhhMjAyMjIxNzQ1NjQvMzU0OGE4NzZkZTk4ZDI0NWQ2MTcyZDcyMDU5ODc4YzZiYWRmNzM4OWRkZGExNmYwMmFjYjQ3MmU0OTUzN2Y5OSoifV19&Signature=hPkEu0tXrT5239oP4gGKjErRRC6N2Vfl184HMBrLursqUjD6F5FGZmtrlnM22qEPy8TkCbUXGyvZpShu9MUU-DWXTe6qCYOUnfh%7E9kE-1Vm6G1emX0rU1xuUSd-qQyorClsQ-hwRT-oU1P1IHgSeMuSBYUcZFZYJzJA8PXTc4HxTvREyQ-sby07flxxwvbgjb1DMSROqnM9mkSl2BjWh-AKuXkqL1V03i1afgHXG6%7EZmEUAOM4jPwVD%7EPgFlx08QHM-jmYg2Iza-6Euymdso8ZBuZZ2Hj7Vbs9ibBDJVzg1egFJb7MNNGm9m0v902qDVEc1bbYRl%7EdqEyQFNneKFNg__&Key-Pair-Id=K2L8F4GPSG1IFC "HTTP/1.1 206 Partial Content"
2026-03-07 00:54:02,510  INFO  HTTP Request: GET https://huggingface.co/datasets/rahular/varta/resolve/7151493e445ff102ccc720f515ae5a6c7f72fb46/train/train_bn_shard_01.json "HTTP/1.1 302 Found"
2026-03-07 00:54:03,362  INFO  HTTP Request: GET https://cas-bridge.xethub.hf.co/xet-bridge-us/6531fa1ca6b8a20222174564/3548a876de98d245d6172d72059878c6badf7389ddda16f02acb472e49537f99?X-Amz-Algorithm=AWS4-HMAC-SHA256&X-Amz-Content-Sha256=UNSIGNED-PAYLOAD&X-Amz-Credential=cas%2F20260306%2Fus-east-1%2Fs3%2Faws4_request&X-Amz-Date=20260306T192221Z&X-Amz-Expires=3600&X-Amz-Signature=3a614322b821a5d65b0e3a216b7ecfdbc8c762171ca0c1137a664f5b4d2fd5ec&X-Amz-SignedHeaders=host&X-Xet-Cas-Uid=public&response-content-disposition=inline%3B+filename*%3DUTF-8%27%27train_bn_shard_01.json%3B+filename%3D%22train_bn_shard_01.json%22%3B&response-content-type=application%2Fjson&x-amz-checksum-mode=ENABLED&x-id=GetObject&Expires=1772828541&Policy=eyJTdGF0ZW1lbnQiOlt7IkNvbmRpdGlvbiI6eyJEYXRlTGVzc1RoYW4iOnsiQVdTOkVwb2NoVGltZSI6MTc3MjgyODU0MX19LCJSZXNvdXJjZSI6Imh0dHBzOi8vY2FzLWJyaWRnZS54ZXRodWIuaGYuY28veGV0LWJyaWRnZS11cy82NTMxZmExY2E2YjhhMjAyMjIxNzQ1NjQvMzU0OGE4NzZkZTk4ZDI0NWQ2MTcyZDcyMDU5ODc4YzZiYWRmNzM4OWRkZGExNmYwMmFjYjQ3MmU0OTUzN2Y5OSoifV19&Signature=Xlv0c4ONb%7EvMyTFo5L7frymp0VvLL9b%7Eto8FvmYir-04unt-B7o7%7EbTE0iC5aCYrl28F6o6T4GweMEQJ4wzBnxxQ-MFI62K0h6i-GEdM52oM3Jg%7EXx0KOBHXXUO4kf4HZ67Y0E3nkRj6VIww5HMV7vi0KKH1ZDglZwgtxiTENOdZsT8jEKxzvDLIbG869pBUtm1AIQaSn39%7EEKGKioZ4k%7ECP1FY2Cb3FF7X7961poCmZuO9yR0Z-gCHpaSgkpLSINvSKtBsTz-SuObgejtdYggS5FJzMHhrLAAivbG6tc3weueXzKETB7tgy1yDfiiphBPrRJQ4o3xFxRBldIhn74w__&Key-Pair-Id=K2L8F4GPSG1IFC "HTTP/1.1 206 Partial Content"
2026-03-07 00:54:06,078  INFO  HTTP Request: GET https://huggingface.co/datasets/rahular/varta/resolve/7151493e445ff102ccc720f515ae5a6c7f72fb46/train/train_bn_shard_01.json "HTTP/1.1 302 Found"
2026-03-07 00:54:06,536  INFO  HTTP Request: GET https://cas-bridge.xethub.hf.co/xet-bridge-us/6531fa1ca6b8a20222174564/3548a876de98d245d6172d72059878c6badf7389ddda16f02acb472e49537f99?X-Amz-Algorithm=AWS4-HMAC-SHA256&X-Amz-Content-Sha256=UNSIGNED-PAYLOAD&X-Amz-Credential=cas%2F20260306%2Fus-east-1%2Fs3%2Faws4_request&X-Amz-Date=20260306T192234Z&X-Amz-Expires=3600&X-Amz-Signature=906de1613d2e91029d716bac564a97cc871f566ea076019b2e0227061511a3c1&X-Amz-SignedHeaders=host&X-Xet-Cas-Uid=public&response-content-disposition=inline%3B+filename*%3DUTF-8%27%27train_bn_shard_01.json%3B+filename%3D%22train_bn_shard_01.json%22%3B&response-content-type=application%2Fjson&x-amz-checksum-mode=ENABLED&x-id=GetObject&Expires=1772828554&Policy=eyJTdGF0ZW1lbnQiOlt7IkNvbmRpdGlvbiI6eyJEYXRlTGVzc1RoYW4iOnsiQVdTOkVwb2NoVGltZSI6MTc3MjgyODU1NH19LCJSZXNvdXJjZSI6Imh0dHBzOi8vY2FzLWJyaWRnZS54ZXRodWIuaGYuY28veGV0LWJyaWRnZS11cy82NTMxZmExY2E2YjhhMjAyMjIxNzQ1NjQvMzU0OGE4NzZkZTk4ZDI0NWQ2MTcyZDcyMDU5ODc4YzZiYWRmNzM4OWRkZGExNmYwMmFjYjQ3MmU0OTUzN2Y5OSoifV19&Signature=hvZP9zZUW79Glc-BNiSTWdCDrpqaEFR3FOhas-nARFHjmIFSGqEVMGkcJUtDqaCt7R-%7EWb66o8qTz2ZbOOZvHCHeoOhLPzZfH6keL5tvLAXRBA3T928%7EeGHP17affgJXto94Cc8aCA%7EbGOWZnAeRL74FHES88%7EiXWWGqTE0vDw12vkDkjj%7EJksVAQLkxWxtl81DnumaFFN0lINRg5LfNR6KkowYfRzubM-n3QMSBKLNy2qyF6OyF360zGUoK9AP4msyFPkNheXTb%7EFPmx%7EpoiO2fXBL-XvinOTBO4y3HdGOpQP7mqfzvxFAG7AeKSBvC4GYNJcZMaviIsy0pIyTYlA__&Key-Pair-Id=K2L8F4GPSG1IFC "HTTP/1.1 206 Partial Content"
2026-03-07 00:54:09,097  INFO  HTTP Request: GET https://huggingface.co/datasets/rahular/varta/resolve/7151493e445ff102ccc720f515ae5a6c7f72fb46/train/train_bn_shard_01.json "HTTP/1.1 302 Found"
2026-03-07 00:54:10,426  INFO  HTTP Request: GET https://cas-bridge.xethub.hf.co/xet-bridge-us/6531fa1ca6b8a20222174564/3548a876de98d245d6172d72059878c6badf7389ddda16f02acb472e49537f99?X-Amz-Algorithm=AWS4-HMAC-SHA256&X-Amz-Content-Sha256=UNSIGNED-PAYLOAD&X-Amz-Credential=cas%2F20260306%2Fus-east-1%2Fs3%2Faws4_request&X-Amz-Date=20260306T192131Z&X-Amz-Expires=3600&X-Amz-Signature=4e8703c6dd21cb6d37d05851f2304f2fa20328592195b030d84aca3de700af9b&X-Amz-SignedHeaders=host&X-Xet-Cas-Uid=public&response-content-disposition=inline%3B+filename*%3DUTF-8%27%27train_bn_shard_01.json%3B+filename%3D%22train_bn_shard_01.json%22%3B&response-content-type=application%2Fjson&x-amz-checksum-mode=ENABLED&x-id=GetObject&Expires=1772828491&Policy=eyJTdGF0ZW1lbnQiOlt7IkNvbmRpdGlvbiI6eyJEYXRlTGVzc1RoYW4iOnsiQVdTOkVwb2NoVGltZSI6MTc3MjgyODQ5MX19LCJSZXNvdXJjZSI6Imh0dHBzOi8vY2FzLWJyaWRnZS54ZXRodWIuaGYuY28veGV0LWJyaWRnZS11cy82NTMxZmExY2E2YjhhMjAyMjIxNzQ1NjQvMzU0OGE4NzZkZTk4ZDI0NWQ2MTcyZDcyMDU5ODc4YzZiYWRmNzM4OWRkZGExNmYwMmFjYjQ3MmU0OTUzN2Y5OSoifV19&Signature=qz%7EFf72J0dMb1zKekz9n4-OaNWZj0VjgjMmrV3cY5T9Y8dcRO6tb95hL8cvXfOPwxH3U9I8Z8GCruN0YkNVdvF64ZXYJ-Y5eO9tXrpDjs3yB2rSDjeW4tkrcJMUQlztl418r%7E-RBcvPKMPD-DdIfCV11amUQI6Q5C3A%7EgL4nynfF1ai9HgJuxQmKSHuXzKsWQpJbRmIoIWO3jQQlhkuqofFapDK%7Eq04FfeX7h%7E6wDFqBRCdny1dhZufTBvWZFquzrtUV0sXSO4utnf4hfpHF7kkOKW8Cpube5fr%7ECIqsy%7EHHZChncPs7fR1mENfnFz-6DSeP8rJd3qz59TIwEeqG5Q__&Key-Pair-Id=K2L8F4GPSG1IFC "HTTP/1.1 206 Partial Content"
2026-03-07 00:54:13,294  INFO  HTTP Request: GET https://huggingface.co/datasets/rahular/varta/resolve/7151493e445ff102ccc720f515ae5a6c7f72fb46/train/train_bn_shard_01.json "HTTP/1.1 302 Found"
2026-03-07 00:54:14,112  INFO  HTTP Request: GET https://cas-bridge.xethub.hf.co/xet-bridge-us/6531fa1ca6b8a20222174564/3548a876de98d245d6172d72059878c6badf7389ddda16f02acb472e49537f99?X-Amz-Algorithm=AWS4-HMAC-SHA256&X-Amz-Content-Sha256=UNSIGNED-PAYLOAD&X-Amz-Credential=cas%2F20260306%2Fus-east-1%2Fs3%2Faws4_request&X-Amz-Date=20260306T192131Z&X-Amz-Expires=3600&X-Amz-Signature=4e8703c6dd21cb6d37d05851f2304f2fa20328592195b030d84aca3de700af9b&X-Amz-SignedHeaders=host&X-Xet-Cas-Uid=public&response-content-disposition=inline%3B+filename*%3DUTF-8%27%27train_bn_shard_01.json%3B+filename%3D%22train_bn_shard_01.json%22%3B&response-content-type=application%2Fjson&x-amz-checksum-mode=ENABLED&x-id=GetObject&Expires=1772828491&Policy=eyJTdGF0ZW1lbnQiOlt7IkNvbmRpdGlvbiI6eyJEYXRlTGVzc1RoYW4iOnsiQVdTOkVwb2NoVGltZSI6MTc3MjgyODQ5MX19LCJSZXNvdXJjZSI6Imh0dHBzOi8vY2FzLWJyaWRnZS54ZXRodWIuaGYuY28veGV0LWJyaWRnZS11cy82NTMxZmExY2E2YjhhMjAyMjIxNzQ1NjQvMzU0OGE4NzZkZTk4ZDI0NWQ2MTcyZDcyMDU5ODc4YzZiYWRmNzM4OWRkZGExNmYwMmFjYjQ3MmU0OTUzN2Y5OSoifV19&Signature=qz%7EFf72J0dMb1zKekz9n4-OaNWZj0VjgjMmrV3cY5T9Y8dcRO6tb95hL8cvXfOPwxH3U9I8Z8GCruN0YkNVdvF64ZXYJ-Y5eO9tXrpDjs3yB2rSDjeW4tkrcJMUQlztl418r%7E-RBcvPKMPD-DdIfCV11amUQI6Q5C3A%7EgL4nynfF1ai9HgJuxQmKSHuXzKsWQpJbRmIoIWO3jQQlhkuqofFapDK%7Eq04FfeX7h%7E6wDFqBRCdny1dhZufTBvWZFquzrtUV0sXSO4utnf4hfpHF7kkOKW8Cpube5fr%7ECIqsy%7EHHZChncPs7fR1mENfnFz-6DSeP8rJd3qz59TIwEeqG5Q__&Key-Pair-Id=K2L8F4GPSG1IFC "HTTP/1.1 206 Partial Content"
2026-03-07 00:54:16,775  INFO  HTTP Request: GET https://huggingface.co/datasets/rahular/varta/resolve/7151493e445ff102ccc720f515ae5a6c7f72fb46/train/train_bn_shard_01.json "HTTP/1.1 302 Found"
2026-03-07 00:54:17,125  INFO  HTTP Request: GET https://cas-bridge.xethub.hf.co/xet-bridge-us/6531fa1ca6b8a20222174564/3548a876de98d245d6172d72059878c6badf7389ddda16f02acb472e49537f99?X-Amz-Algorithm=AWS4-HMAC-SHA256&X-Amz-Content-Sha256=UNSIGNED-PAYLOAD&X-Amz-Credential=cas%2F20260306%2Fus-east-1%2Fs3%2Faws4_request&X-Amz-Date=20260306T192416Z&X-Amz-Expires=3600&X-Amz-Signature=05fecb136af09e34a98bbcf8e73b3b46c1f769274bc8ecba58d5c1cbf9ba30e7&X-Amz-SignedHeaders=host&X-Xet-Cas-Uid=public&response-content-disposition=inline%3B+filename*%3DUTF-8%27%27train_bn_shard_01.json%3B+filename%3D%22train_bn_shard_01.json%22%3B&response-content-type=application%2Fjson&x-amz-checksum-mode=ENABLED&x-id=GetObject&Expires=1772828656&Policy=eyJTdGF0ZW1lbnQiOlt7IkNvbmRpdGlvbiI6eyJEYXRlTGVzc1RoYW4iOnsiQVdTOkVwb2NoVGltZSI6MTc3MjgyODY1Nn19LCJSZXNvdXJjZSI6Imh0dHBzOi8vY2FzLWJyaWRnZS54ZXRodWIuaGYuY28veGV0LWJyaWRnZS11cy82NTMxZmExY2E2YjhhMjAyMjIxNzQ1NjQvMzU0OGE4NzZkZTk4ZDI0NWQ2MTcyZDcyMDU5ODc4YzZiYWRmNzM4OWRkZGExNmYwMmFjYjQ3MmU0OTUzN2Y5OSoifV19&Signature=pwdDG5a4BPZsf%7EtwTeKi2Dq1lHNwK%7EgOejtb8V47U4QbqvmEy7TL851W8fUpG25qjtxWcc4ONs60LDqdSH6oGbq5gssl-6HRkcN7D0bbDwo3G5ztmCPEGZWr-Up54tI3Cq3sTpOUOBSld77iBOMNWltQfNeDNsTbSr-qXvo1Iz8rkOYxWOdd%7E0bljabPEhYLFLuPRgQ7nz8MMi06ods9vCO66YY9C-f%7E4CbYP2cGMexQELLbEqjHpi53ZnbuhefkQWme5YrTmH8PeXz5lHCdWJTgCWzld2GE9JHosoqqHwWT%7E8o9VZ1z8YGS4kNhWuvqa5UcFoQRaYfvcOw2x8cIqA__&Key-Pair-Id=K2L8F4GPSG1IFC "HTTP/1.1 206 Partial Content"
2026-03-07 00:54:20,256  INFO  HTTP Request: GET https://huggingface.co/datasets/rahular/varta/resolve/7151493e445ff102ccc720f515ae5a6c7f72fb46/train/train_bn_shard_01.json "HTTP/1.1 302 Found"
2026-03-07 00:54:20,664  INFO  HTTP Request: GET https://cas-bridge.xethub.hf.co/xet-bridge-us/6531fa1ca6b8a20222174564/3548a876de98d245d6172d72059878c6badf7389ddda16f02acb472e49537f99?X-Amz-Algorithm=AWS4-HMAC-SHA256&X-Amz-Content-Sha256=UNSIGNED-PAYLOAD&X-Amz-Credential=cas%2F20260306%2Fus-east-1%2Fs3%2Faws4_request&X-Amz-Date=20260306T192131Z&X-Amz-Expires=3600&X-Amz-Signature=4e8703c6dd21cb6d37d05851f2304f2fa20328592195b030d84aca3de700af9b&X-Amz-SignedHeaders=host&X-Xet-Cas-Uid=public&response-content-disposition=inline%3B+filename*%3DUTF-8%27%27train_bn_shard_01.json%3B+filename%3D%22train_bn_shard_01.json%22%3B&response-content-type=application%2Fjson&x-amz-checksum-mode=ENABLED&x-id=GetObject&Expires=1772828491&Policy=eyJTdGF0ZW1lbnQiOlt7IkNvbmRpdGlvbiI6eyJEYXRlTGVzc1RoYW4iOnsiQVdTOkVwb2NoVGltZSI6MTc3MjgyODQ5MX19LCJSZXNvdXJjZSI6Imh0dHBzOi8vY2FzLWJyaWRnZS54ZXRodWIuaGYuY28veGV0LWJyaWRnZS11cy82NTMxZmExY2E2YjhhMjAyMjIxNzQ1NjQvMzU0OGE4NzZkZTk4ZDI0NWQ2MTcyZDcyMDU5ODc4YzZiYWRmNzM4OWRkZGExNmYwMmFjYjQ3MmU0OTUzN2Y5OSoifV19&Signature=qz%7EFf72J0dMb1zKekz9n4-OaNWZj0VjgjMmrV3cY5T9Y8dcRO6tb95hL8cvXfOPwxH3U9I8Z8GCruN0YkNVdvF64ZXYJ-Y5eO9tXrpDjs3yB2rSDjeW4tkrcJMUQlztl418r%7E-RBcvPKMPD-DdIfCV11amUQI6Q5C3A%7EgL4nynfF1ai9HgJuxQmKSHuXzKsWQpJbRmIoIWO3jQQlhkuqofFapDK%7Eq04FfeX7h%7E6wDFqBRCdny1dhZufTBvWZFquzrtUV0sXSO4utnf4hfpHF7kkOKW8Cpube5fr%7ECIqsy%7EHHZChncPs7fR1mENfnFz-6DSeP8rJd3qz59TIwEeqG5Q__&Key-Pair-Id=K2L8F4GPSG1IFC "HTTP/1.1 206 Partial Content"
2026-03-07 00:54:24,044  INFO  HTTP Request: GET https://huggingface.co/datasets/rahular/varta/resolve/7151493e445ff102ccc720f515ae5a6c7f72fb46/train/train_bn_shard_01.json "HTTP/1.1 302 Found"
2026-03-07 00:54:24,862  INFO  HTTP Request: GET https://cas-bridge.xethub.hf.co/xet-bridge-us/6531fa1ca6b8a20222174564/3548a876de98d245d6172d72059878c6badf7389ddda16f02acb472e49537f99?X-Amz-Algorithm=AWS4-HMAC-SHA256&X-Amz-Content-Sha256=UNSIGNED-PAYLOAD&X-Amz-Credential=cas%2F20260306%2Fus-east-1%2Fs3%2Faws4_request&X-Amz-Date=20260306T192108Z&X-Amz-Expires=3600&X-Amz-Signature=f94c014d4ea1da6ce8ed04793d1746b5850d06200da917f907acefde03cc415a&X-Amz-SignedHeaders=host&X-Xet-Cas-Uid=public&response-content-disposition=inline%3B+filename*%3DUTF-8%27%27train_bn_shard_01.json%3B+filename%3D%22train_bn_shard_01.json%22%3B&response-content-type=application%2Fjson&x-amz-checksum-mode=ENABLED&x-id=GetObject&Expires=1772828468&Policy=eyJTdGF0ZW1lbnQiOlt7IkNvbmRpdGlvbiI6eyJEYXRlTGVzc1RoYW4iOnsiQVdTOkVwb2NoVGltZSI6MTc3MjgyODQ2OH19LCJSZXNvdXJjZSI6Imh0dHBzOi8vY2FzLWJyaWRnZS54ZXRodWIuaGYuY28veGV0LWJyaWRnZS11cy82NTMxZmExY2E2YjhhMjAyMjIxNzQ1NjQvMzU0OGE4NzZkZTk4ZDI0NWQ2MTcyZDcyMDU5ODc4YzZiYWRmNzM4OWRkZGExNmYwMmFjYjQ3MmU0OTUzN2Y5OSoifV19&Signature=vh3t9lWyrguMg97Z-oohs86LzaOnplN5FiKm8R7E2grm2XMOGrnKVQSV1pvlvlCRplFH2bGFl%7Ex-hVNPaaJ-Bs3NcAlMxaZoLQo6CLVhgVrB00sahsB2PLobCeWih20XJ5qY%7EP3uo-4TQ4i7GumHnmpZpUvR-Z0VUk0oBqauc44yu1O4AjU5R1qX%7EyxHyzOJIKSFElVemJnqBsaLsvLaCvrrO9FRWvARrj1sUtW1MVesXLEXJ93RPxyAZWL5b3gsHcBXclzEPJzSXw1NEIK7ExBOc%7EC5PvdO-2qVAbFFCUb36zhlWA6njKDnpOv%7EadkFM7QbRcPRUIWllOmo4pDQqg__&Key-Pair-Id=K2L8F4GPSG1IFC "HTTP/1.1 206 Partial Content"
2026-03-07 00:54:27,533  INFO  HTTP Request: GET https://huggingface.co/datasets/rahular/varta/resolve/7151493e445ff102ccc720f515ae5a6c7f72fb46/train/train_bn_shard_01.json "HTTP/1.1 302 Found"
2026-03-07 00:54:28,037  INFO  HTTP Request: GET https://cas-bridge.xethub.hf.co/xet-bridge-us/6531fa1ca6b8a20222174564/3548a876de98d245d6172d72059878c6badf7389ddda16f02acb472e49537f99?X-Amz-Algorithm=AWS4-HMAC-SHA256&X-Amz-Content-Sha256=UNSIGNED-PAYLOAD&X-Amz-Credential=cas%2F20260306%2Fus-east-1%2Fs3%2Faws4_request&X-Amz-Date=20260306T192427Z&X-Amz-Expires=3600&X-Amz-Signature=33d7183978113234e6e7d6b107503d0c6a77bdcc6197c7c83996afd0932503a4&X-Amz-SignedHeaders=host&X-Xet-Cas-Uid=public&response-content-disposition=inline%3B+filename*%3DUTF-8%27%27train_bn_shard_01.json%3B+filename%3D%22train_bn_shard_01.json%22%3B&response-content-type=application%2Fjson&x-amz-checksum-mode=ENABLED&x-id=GetObject&Expires=1772828667&Policy=eyJTdGF0ZW1lbnQiOlt7IkNvbmRpdGlvbiI6eyJEYXRlTGVzc1RoYW4iOnsiQVdTOkVwb2NoVGltZSI6MTc3MjgyODY2N319LCJSZXNvdXJjZSI6Imh0dHBzOi8vY2FzLWJyaWRnZS54ZXRodWIuaGYuY28veGV0LWJyaWRnZS11cy82NTMxZmExY2E2YjhhMjAyMjIxNzQ1NjQvMzU0OGE4NzZkZTk4ZDI0NWQ2MTcyZDcyMDU5ODc4YzZiYWRmNzM4OWRkZGExNmYwMmFjYjQ3MmU0OTUzN2Y5OSoifV19&Signature=AfqHKlKjqQK7NN2uGZMVmma%7EkiPmAyW27CpFj8LMyV%7E4oQb5lEug9%7E%7EhD1jNGeWSOH9gxfvCNh57KkiNQ7QR-l1kq8XJTT%7E0hxG8V6YTHptW8vTX9QhsTJhsT9xdoNGknXiwAeT7UJTkZg0qPWSI2h9qysHapjZPKWwjl0SFSZngiDAdIC9if62xKTRUnG%7EDfq%7E%7EE24ZhaBuzMyD4vYvVe6s1vQozEiutF7hMgsEcfixz0SCmASyhrNPfu8yY9gGAa5E8%7EU5PRcxNdG4FJfBen-5phg1ep0cFEvk0nGK2sRYefRYZmSKW4w8wzyHKuWKQd%7ESBVTpy6Nt6maU3G3M8g__&Key-Pair-Id=K2L8F4GPSG1IFC "HTTP/1.1 206 Partial Content"
2026-03-07 00:54:30,597  INFO  HTTP Request: GET https://huggingface.co/datasets/rahular/varta/resolve/7151493e445ff102ccc720f515ae5a6c7f72fb46/train/train_bn_shard_01.json "HTTP/1.1 302 Found"
2026-03-07 00:54:31,006  INFO  HTTP Request: GET https://cas-bridge.xethub.hf.co/xet-bridge-us/6531fa1ca6b8a20222174564/3548a876de98d245d6172d72059878c6badf7389ddda16f02acb472e49537f99?X-Amz-Algorithm=AWS4-HMAC-SHA256&X-Amz-Content-Sha256=UNSIGNED-PAYLOAD&X-Amz-Credential=cas%2F20260306%2Fus-east-1%2Fs3%2Faws4_request&X-Amz-Date=20260306T192139Z&X-Amz-Expires=3600&X-Amz-Signature=f440d3840dc6f05669ad7eb93a53202b7718a12b95c7ec86015eaf3f7d9532cc&X-Amz-SignedHeaders=host&X-Xet-Cas-Uid=public&response-content-disposition=inline%3B+filename*%3DUTF-8%27%27train_bn_shard_01.json%3B+filename%3D%22train_bn_shard_01.json%22%3B&response-content-type=application%2Fjson&x-amz-checksum-mode=ENABLED&x-id=GetObject&Expires=1772828499&Policy=eyJTdGF0ZW1lbnQiOlt7IkNvbmRpdGlvbiI6eyJEYXRlTGVzc1RoYW4iOnsiQVdTOkVwb2NoVGltZSI6MTc3MjgyODQ5OX19LCJSZXNvdXJjZSI6Imh0dHBzOi8vY2FzLWJyaWRnZS54ZXRodWIuaGYuY28veGV0LWJyaWRnZS11cy82NTMxZmExY2E2YjhhMjAyMjIxNzQ1NjQvMzU0OGE4NzZkZTk4ZDI0NWQ2MTcyZDcyMDU5ODc4YzZiYWRmNzM4OWRkZGExNmYwMmFjYjQ3MmU0OTUzN2Y5OSoifV19&Signature=RKdsHuZSfpPOwZL5BTCanvq3wPL61nc41LGzEtYLDct5aTPsZBvP-88N%7ED9PpfbMn53mnLjUzNxdvYjnC5NDPAl%7EFfnEU-KZzsoiVwPc41B2%7EmgxOv4Z892%7E0KXqveFYx3a8U3zhJmaKhUl%7EIRVB1w2U68jq%7EGzsOevlY2LU0nlhd7GaBrp7TptkXEMyVPLQXmgxCVDbWsxJu8ARZ0%7EhZdYIKTAbb-LIZATRWJpq3fClyXPdo6Sc8OLw8LlreC3ViLMEPZxxcwxXenKpK5%7EjwIFu5JVNujsXkRdIVH1DYNepIBQlTNuCTdXmCL2edNqD5P4YBHwWRR6A6KCFLg7FjQ__&Key-Pair-Id=K2L8F4GPSG1IFC "HTTP/1.1 206 Partial Content"
2026-03-07 00:54:34,180  INFO  HTTP Request: GET https://huggingface.co/datasets/rahular/varta/resolve/7151493e445ff102ccc720f515ae5a6c7f72fb46/train/train_bn_shard_01.json "HTTP/1.1 302 Found"
2026-03-07 00:54:35,009  INFO  HTTP Request: GET https://cas-bridge.xethub.hf.co/xet-bridge-us/6531fa1ca6b8a20222174564/3548a876de98d245d6172d72059878c6badf7389ddda16f02acb472e49537f99?X-Amz-Algorithm=AWS4-HMAC-SHA256&X-Amz-Content-Sha256=UNSIGNED-PAYLOAD&X-Amz-Credential=cas%2F20260306%2Fus-east-1%2Fs3%2Faws4_request&X-Amz-Date=20260306T192327Z&X-Amz-Expires=3600&X-Amz-Signature=e323e21c86d3a2d13b35d424bcb0f94c0e9dbdc7c3f9cdb33f77117898f6b548&X-Amz-SignedHeaders=host&X-Xet-Cas-Uid=public&response-content-disposition=inline%3B+filename*%3DUTF-8%27%27train_bn_shard_01.json%3B+filename%3D%22train_bn_shard_01.json%22%3B&response-content-type=application%2Fjson&x-amz-checksum-mode=ENABLED&x-id=GetObject&Expires=1772828607&Policy=eyJTdGF0ZW1lbnQiOlt7IkNvbmRpdGlvbiI6eyJEYXRlTGVzc1RoYW4iOnsiQVdTOkVwb2NoVGltZSI6MTc3MjgyODYwN319LCJSZXNvdXJjZSI6Imh0dHBzOi8vY2FzLWJyaWRnZS54ZXRodWIuaGYuY28veGV0LWJyaWRnZS11cy82NTMxZmExY2E2YjhhMjAyMjIxNzQ1NjQvMzU0OGE4NzZkZTk4ZDI0NWQ2MTcyZDcyMDU5ODc4YzZiYWRmNzM4OWRkZGExNmYwMmFjYjQ3MmU0OTUzN2Y5OSoifV19&Signature=Vid25soSHJGkcBVkfB9e0XWRSl27Phw--7Wo2WFGsqmgOtBkO8%7Eb2AHCZ5yNbNxigDjgn02tWtKBzJtsUvLr-8bfW4JbcO8fjCmKr1bRRasbKIqwXFathoAsIh%7Euu2k-AXjd%7E%7EJRpQjwS4M4Y2bU0URsvGFo6k58JTSRHTEmt98gdFwYNwOMc97J49qnDHtUNU1oRPM6aRL6z0zCyyMDPqkuRHgrWfqX66TPakmYTRhzCQZEOJ7mWCCki0oKyi9YRB0O90HjNkmS0i7wLYenTWF4Kj4Zu3Y5YIlpoEimw1yBVb2Qq8shKHtYeNc5Sy2sA-85X%7E1nPlwgX%7ETFduegiw__&Key-Pair-Id=K2L8F4GPSG1IFC "HTTP/1.1 206 Partial Content"
2026-03-07 00:54:37,514  INFO  HTTP Request: GET https://huggingface.co/datasets/rahular/varta/resolve/7151493e445ff102ccc720f515ae5a6c7f72fb46/train/train_bn_shard_01.json "HTTP/1.1 302 Found"
2026-03-07 00:54:37,968  INFO  HTTP Request: GET https://cas-bridge.xethub.hf.co/xet-bridge-us/6531fa1ca6b8a20222174564/3548a876de98d245d6172d72059878c6badf7389ddda16f02acb472e49537f99?X-Amz-Algorithm=AWS4-HMAC-SHA256&X-Amz-Content-Sha256=UNSIGNED-PAYLOAD&X-Amz-Credential=cas%2F20260306%2Fus-east-1%2Fs3%2Faws4_request&X-Amz-Date=20260306T192427Z&X-Amz-Expires=3600&X-Amz-Signature=33d7183978113234e6e7d6b107503d0c6a77bdcc6197c7c83996afd0932503a4&X-Amz-SignedHeaders=host&X-Xet-Cas-Uid=public&response-content-disposition=inline%3B+filename*%3DUTF-8%27%27train_bn_shard_01.json%3B+filename%3D%22train_bn_shard_01.json%22%3B&response-content-type=application%2Fjson&x-amz-checksum-mode=ENABLED&x-id=GetObject&Expires=1772828667&Policy=eyJTdGF0ZW1lbnQiOlt7IkNvbmRpdGlvbiI6eyJEYXRlTGVzc1RoYW4iOnsiQVdTOkVwb2NoVGltZSI6MTc3MjgyODY2N319LCJSZXNvdXJjZSI6Imh0dHBzOi8vY2FzLWJyaWRnZS54ZXRodWIuaGYuY28veGV0LWJyaWRnZS11cy82NTMxZmExY2E2YjhhMjAyMjIxNzQ1NjQvMzU0OGE4NzZkZTk4ZDI0NWQ2MTcyZDcyMDU5ODc4YzZiYWRmNzM4OWRkZGExNmYwMmFjYjQ3MmU0OTUzN2Y5OSoifV19&Signature=AfqHKlKjqQK7NN2uGZMVmma%7EkiPmAyW27CpFj8LMyV%7E4oQb5lEug9%7E%7EhD1jNGeWSOH9gxfvCNh57KkiNQ7QR-l1kq8XJTT%7E0hxG8V6YTHptW8vTX9QhsTJhsT9xdoNGknXiwAeT7UJTkZg0qPWSI2h9qysHapjZPKWwjl0SFSZngiDAdIC9if62xKTRUnG%7EDfq%7E%7EE24ZhaBuzMyD4vYvVe6s1vQozEiutF7hMgsEcfixz0SCmASyhrNPfu8yY9gGAa5E8%7EU5PRcxNdG4FJfBen-5phg1ep0cFEvk0nGK2sRYefRYZmSKW4w8wzyHKuWKQd%7ESBVTpy6Nt6maU3G3M8g__&Key-Pair-Id=K2L8F4GPSG1IFC "HTTP/1.1 206 Partial Content"
2026-03-07 00:54:40,731  INFO  HTTP Request: GET https://huggingface.co/datasets/rahular/varta/resolve/7151493e445ff102ccc720f515ae5a6c7f72fb46/train/train_bn_shard_01.json "HTTP/1.1 302 Found"
2026-03-07 00:54:41,244  INFO  HTTP Request: GET https://cas-bridge.xethub.hf.co/xet-bridge-us/6531fa1ca6b8a20222174564/3548a876de98d245d6172d72059878c6badf7389ddda16f02acb472e49537f99?X-Amz-Algorithm=AWS4-HMAC-SHA256&X-Amz-Content-Sha256=UNSIGNED-PAYLOAD&X-Amz-Credential=cas%2F20260306%2Fus-east-1%2Fs3%2Faws4_request&X-Amz-Date=20260306T192440Z&X-Amz-Expires=3600&X-Amz-Signature=303200d85e072c0f289cbd0940da90b543121b0fb286bc026eae72068ffdc18e&X-Amz-SignedHeaders=host&X-Xet-Cas-Uid=public&response-content-disposition=inline%3B+filename*%3DUTF-8%27%27train_bn_shard_01.json%3B+filename%3D%22train_bn_shard_01.json%22%3B&response-content-type=application%2Fjson&x-amz-checksum-mode=ENABLED&x-id=GetObject&Expires=1772828680&Policy=eyJTdGF0ZW1lbnQiOlt7IkNvbmRpdGlvbiI6eyJEYXRlTGVzc1RoYW4iOnsiQVdTOkVwb2NoVGltZSI6MTc3MjgyODY4MH19LCJSZXNvdXJjZSI6Imh0dHBzOi8vY2FzLWJyaWRnZS54ZXRodWIuaGYuY28veGV0LWJyaWRnZS11cy82NTMxZmExY2E2YjhhMjAyMjIxNzQ1NjQvMzU0OGE4NzZkZTk4ZDI0NWQ2MTcyZDcyMDU5ODc4YzZiYWRmNzM4OWRkZGExNmYwMmFjYjQ3MmU0OTUzN2Y5OSoifV19&Signature=e-eiyG6dMcCUMoSZ5nrOIfOdl1NsnAcz1AGtiHnlcAEeOX9xx4QlHKIpzrBuA%7EyLfA-UxWoN2l-UV0WEIzD6pHjYSeouUw%7EREkk54O1mnxd0utkEV8VNbV2EcuODWDXpILiSY8hpy7roeqIJlXtJbpDv8mA-0yu77JzxOCLxPe0aUtspgVvtRfC9xDSPC7DF57vCUW98XgM6fPCRvdy%7EmPTWeZ9RszDU-Dsj%7E7m7HNxrehLwHiY8PVG97jX4RI1tKowmQHrkBur8ZLsvJANqaOJss14RNQbumElZlpGlA4qQ8kbBn3Zr1sgUj5OLOHLM6zBWmE8vG5gsRE6iNlFlpg__&Key-Pair-Id=K2L8F4GPSG1IFC "HTTP/1.1 206 Partial Content"
2026-03-07 00:54:44,353  INFO  HTTP Request: GET https://huggingface.co/datasets/rahular/varta/resolve/7151493e445ff102ccc720f515ae5a6c7f72fb46/train/train_bn_shard_01.json "HTTP/1.1 302 Found"
2026-03-07 00:54:45,048  INFO  HTTP Request: GET https://cas-bridge.xethub.hf.co/xet-bridge-us/6531fa1ca6b8a20222174564/3548a876de98d245d6172d72059878c6badf7389ddda16f02acb472e49537f99?X-Amz-Algorithm=AWS4-HMAC-SHA256&X-Amz-Content-Sha256=UNSIGNED-PAYLOAD&X-Amz-Credential=cas%2F20260306%2Fus-east-1%2Fs3%2Faws4_request&X-Amz-Date=20260306T192444Z&X-Amz-Expires=3600&X-Amz-Signature=c3f094e2c835fa3b793e1551e79ced29b157a30e35f00d6e659c1b4522ba6701&X-Amz-SignedHeaders=host&X-Xet-Cas-Uid=public&response-content-disposition=inline%3B+filename*%3DUTF-8%27%27train_bn_shard_01.json%3B+filename%3D%22train_bn_shard_01.json%22%3B&response-content-type=application%2Fjson&x-amz-checksum-mode=ENABLED&x-id=GetObject&Expires=1772828684&Policy=eyJTdGF0ZW1lbnQiOlt7IkNvbmRpdGlvbiI6eyJEYXRlTGVzc1RoYW4iOnsiQVdTOkVwb2NoVGltZSI6MTc3MjgyODY4NH19LCJSZXNvdXJjZSI6Imh0dHBzOi8vY2FzLWJyaWRnZS54ZXRodWIuaGYuY28veGV0LWJyaWRnZS11cy82NTMxZmExY2E2YjhhMjAyMjIxNzQ1NjQvMzU0OGE4NzZkZTk4ZDI0NWQ2MTcyZDcyMDU5ODc4YzZiYWRmNzM4OWRkZGExNmYwMmFjYjQ3MmU0OTUzN2Y5OSoifV19&Signature=S4WKxSlNTtHcGEsZXUO39JZriBlzUk8slgJQbwGUI1DBBUoOUD8qUfkFi40GdA2nxOwpJSaxzsE80%7E3SsuUjQacNPx4ngQEI9UGN20SDiQzxY-3q%7EuOpQL-hVyQvzdFWlET-A7PMB-jQYM3zm2-TiBOR2tvqYizHp4liLmSfPaowlnFa-A5gF2Eman2WFJntNSmdryIlfwF50EELqTeoAusAdMHUdr%7E7d1pb3wPbBgQGbUx09mmJ1zcAYviheRc1OQcF0xQTI2DtU-0bojIEZ9heF4tRPGz%7E6nVh-o6aI4wVX4sEOxWJkP6sKnDAvqRnnwrYUg0Qw5SMKVxSxKW8Qw__&Key-Pair-Id=K2L8F4GPSG1IFC "HTTP/1.1 206 Partial Content"
2026-03-07 00:54:48,477  INFO  HTTP Request: GET https://huggingface.co/datasets/rahular/varta/resolve/7151493e445ff102ccc720f515ae5a6c7f72fb46/train/train_bn_shard_01.json "HTTP/1.1 302 Found"
2026-03-07 00:54:49,089  INFO  HTTP Request: GET https://cas-bridge.xethub.hf.co/xet-bridge-us/6531fa1ca6b8a20222174564/3548a876de98d245d6172d72059878c6badf7389ddda16f02acb472e49537f99?X-Amz-Algorithm=AWS4-HMAC-SHA256&X-Amz-Content-Sha256=UNSIGNED-PAYLOAD&X-Amz-Credential=cas%2F20260306%2Fus-east-1%2Fs3%2Faws4_request&X-Amz-Date=20260306T192256Z&X-Amz-Expires=3600&X-Amz-Signature=f34da8b2319305a7eb30ef40b6ba00c46e6a779b81c7b06c7437b12eb400ffc9&X-Amz-SignedHeaders=host&X-Xet-Cas-Uid=public&response-content-disposition=inline%3B+filename*%3DUTF-8%27%27train_bn_shard_01.json%3B+filename%3D%22train_bn_shard_01.json%22%3B&response-content-type=application%2Fjson&x-amz-checksum-mode=ENABLED&x-id=GetObject&Expires=1772828576&Policy=eyJTdGF0ZW1lbnQiOlt7IkNvbmRpdGlvbiI6eyJEYXRlTGVzc1RoYW4iOnsiQVdTOkVwb2NoVGltZSI6MTc3MjgyODU3Nn19LCJSZXNvdXJjZSI6Imh0dHBzOi8vY2FzLWJyaWRnZS54ZXRodWIuaGYuY28veGV0LWJyaWRnZS11cy82NTMxZmExY2E2YjhhMjAyMjIxNzQ1NjQvMzU0OGE4NzZkZTk4ZDI0NWQ2MTcyZDcyMDU5ODc4YzZiYWRmNzM4OWRkZGExNmYwMmFjYjQ3MmU0OTUzN2Y5OSoifV19&Signature=N%7EjjEPLy5i4M8lJp6BRqt9OHvOLBK96oIggyzlSm1Xl3nEGH9K1I3HTtzeTsVRsAIFtSMJtqNSaXWBGJxBCB3UAA7g2psO34aW5QxTJX9ZNYBa54t3KrXwsih5McoSYXeTndSARRg58CIVT87UFTJdXEkJvdHgKOW0F2DiLc5cx-s%7EEWsEMrEPsKo6qK-1yDrXctxtqn6mOF3JigxrJrlBfRIfNDv7XyI6-Lyx1aVV0gpReeRjctcAZjS1DqGMAlNI7pLfXI7CwLk7S9xzzHgB00TAnYpVAyDdnO1-IpJN18vI4VDFoXjDeh9JHnmUvn%7EmXDZUpYw5Ya6KaGOoBkwg__&Key-Pair-Id=K2L8F4GPSG1IFC "HTTP/1.1 206 Partial Content"
2026-03-07 00:54:52,199  INFO  HTTP Request: GET https://huggingface.co/datasets/rahular/varta/resolve/7151493e445ff102ccc720f515ae5a6c7f72fb46/train/train_bn_shard_01.json "HTTP/1.1 302 Found"
2026-03-07 00:54:52,567  INFO  HTTP Request: GET https://cas-bridge.xethub.hf.co/xet-bridge-us/6531fa1ca6b8a20222174564/3548a876de98d245d6172d72059878c6badf7389ddda16f02acb472e49537f99?X-Amz-Algorithm=AWS4-HMAC-SHA256&X-Amz-Content-Sha256=UNSIGNED-PAYLOAD&X-Amz-Credential=cas%2F20260306%2Fus-east-1%2Fs3%2Faws4_request&X-Amz-Date=20260306T192416Z&X-Amz-Expires=3600&X-Amz-Signature=05fecb136af09e34a98bbcf8e73b3b46c1f769274bc8ecba58d5c1cbf9ba30e7&X-Amz-SignedHeaders=host&X-Xet-Cas-Uid=public&response-content-disposition=inline%3B+filename*%3DUTF-8%27%27train_bn_shard_01.json%3B+filename%3D%22train_bn_shard_01.json%22%3B&response-content-type=application%2Fjson&x-amz-checksum-mode=ENABLED&x-id=GetObject&Expires=1772828656&Policy=eyJTdGF0ZW1lbnQiOlt7IkNvbmRpdGlvbiI6eyJEYXRlTGVzc1RoYW4iOnsiQVdTOkVwb2NoVGltZSI6MTc3MjgyODY1Nn19LCJSZXNvdXJjZSI6Imh0dHBzOi8vY2FzLWJyaWRnZS54ZXRodWIuaGYuY28veGV0LWJyaWRnZS11cy82NTMxZmExY2E2YjhhMjAyMjIxNzQ1NjQvMzU0OGE4NzZkZTk4ZDI0NWQ2MTcyZDcyMDU5ODc4YzZiYWRmNzM4OWRkZGExNmYwMmFjYjQ3MmU0OTUzN2Y5OSoifV19&Signature=pwdDG5a4BPZsf%7EtwTeKi2Dq1lHNwK%7EgOejtb8V47U4QbqvmEy7TL851W8fUpG25qjtxWcc4ONs60LDqdSH6oGbq5gssl-6HRkcN7D0bbDwo3G5ztmCPEGZWr-Up54tI3Cq3sTpOUOBSld77iBOMNWltQfNeDNsTbSr-qXvo1Iz8rkOYxWOdd%7E0bljabPEhYLFLuPRgQ7nz8MMi06ods9vCO66YY9C-f%7E4CbYP2cGMexQELLbEqjHpi53ZnbuhefkQWme5YrTmH8PeXz5lHCdWJTgCWzld2GE9JHosoqqHwWT%7E8o9VZ1z8YGS4kNhWuvqa5UcFoQRaYfvcOw2x8cIqA__&Key-Pair-Id=K2L8F4GPSG1IFC "HTTP/1.1 206 Partial Content"
2026-03-07 00:54:55,886  INFO  HTTP Request: GET https://huggingface.co/datasets/rahular/varta/resolve/7151493e445ff102ccc720f515ae5a6c7f72fb46/train/train_bn_shard_01.json "HTTP/1.1 302 Found"
2026-03-07 00:54:56,397  INFO  HTTP Request: GET https://cas-bridge.xethub.hf.co/xet-bridge-us/6531fa1ca6b8a20222174564/3548a876de98d245d6172d72059878c6badf7389ddda16f02acb472e49537f99?X-Amz-Algorithm=AWS4-HMAC-SHA256&X-Amz-Content-Sha256=UNSIGNED-PAYLOAD&X-Amz-Credential=cas%2F20260306%2Fus-east-1%2Fs3%2Faws4_request&X-Amz-Date=20260306T192455Z&X-Amz-Expires=3600&X-Amz-Signature=facbf89e7a3c3a3b7f9d467a6b7c7394e5c95f0e124ac61da9811c5ebd6dff13&X-Amz-SignedHeaders=host&X-Xet-Cas-Uid=public&response-content-disposition=inline%3B+filename*%3DUTF-8%27%27train_bn_shard_01.json%3B+filename%3D%22train_bn_shard_01.json%22%3B&response-content-type=application%2Fjson&x-amz-checksum-mode=ENABLED&x-id=GetObject&Expires=1772828695&Policy=eyJTdGF0ZW1lbnQiOlt7IkNvbmRpdGlvbiI6eyJEYXRlTGVzc1RoYW4iOnsiQVdTOkVwb2NoVGltZSI6MTc3MjgyODY5NX19LCJSZXNvdXJjZSI6Imh0dHBzOi8vY2FzLWJyaWRnZS54ZXRodWIuaGYuY28veGV0LWJyaWRnZS11cy82NTMxZmExY2E2YjhhMjAyMjIxNzQ1NjQvMzU0OGE4NzZkZTk4ZDI0NWQ2MTcyZDcyMDU5ODc4YzZiYWRmNzM4OWRkZGExNmYwMmFjYjQ3MmU0OTUzN2Y5OSoifV19&Signature=nQ100CSciTNRz9yuEfhwW8vIqtcdy4X3kqhy-q0GZwlFM%7EyAZcwZXfqkVB7%7ExpuC9VpYHMlpDpVjGBWPXSNkpffCr5JWuWKIWLMyCkdNnH9Jt0osWT8zfYrSIUaT3T-Q7RDjc9MAFq%7EjJMabmkDBfYC3HW3UAYpCnbgHJswfpUXH0HHM-q6xP4yPEzyUkxNjeuI%7Ealx9XqBhTZWInNM2K-hjaqExHeB2KeH%7EeS8ze1Efp0d8LMecWRGH8nH%7E1x6BjqasZ%7ExL8Vkhq2uNk9zDXwbzx4R93h6QvYsLPagyHORZzNa1USAGt%7E9JxnYERTeuKwx48RI7mmhaFMiP-pKBjg__&Key-Pair-Id=K2L8F4GPSG1IFC "HTTP/1.1 206 Partial Content"
2026-03-07 00:54:59,454  INFO  HTTP Request: GET https://huggingface.co/datasets/rahular/varta/resolve/7151493e445ff102ccc720f515ae5a6c7f72fb46/train/train_bn_shard_01.json "HTTP/1.1 302 Found"
2026-03-07 00:54:59,878  INFO  HTTP Request: GET https://cas-bridge.xethub.hf.co/xet-bridge-us/6531fa1ca6b8a20222174564/3548a876de98d245d6172d72059878c6badf7389ddda16f02acb472e49537f99?X-Amz-Algorithm=AWS4-HMAC-SHA256&X-Amz-Content-Sha256=UNSIGNED-PAYLOAD&X-Amz-Credential=cas%2F20260306%2Fus-east-1%2Fs3%2Faws4_request&X-Amz-Date=20260306T192440Z&X-Amz-Expires=3600&X-Amz-Signature=303200d85e072c0f289cbd0940da90b543121b0fb286bc026eae72068ffdc18e&X-Amz-SignedHeaders=host&X-Xet-Cas-Uid=public&response-content-disposition=inline%3B+filename*%3DUTF-8%27%27train_bn_shard_01.json%3B+filename%3D%22train_bn_shard_01.json%22%3B&response-content-type=application%2Fjson&x-amz-checksum-mode=ENABLED&x-id=GetObject&Expires=1772828680&Policy=eyJTdGF0ZW1lbnQiOlt7IkNvbmRpdGlvbiI6eyJEYXRlTGVzc1RoYW4iOnsiQVdTOkVwb2NoVGltZSI6MTc3MjgyODY4MH19LCJSZXNvdXJjZSI6Imh0dHBzOi8vY2FzLWJyaWRnZS54ZXRodWIuaGYuY28veGV0LWJyaWRnZS11cy82NTMxZmExY2E2YjhhMjAyMjIxNzQ1NjQvMzU0OGE4NzZkZTk4ZDI0NWQ2MTcyZDcyMDU5ODc4YzZiYWRmNzM4OWRkZGExNmYwMmFjYjQ3MmU0OTUzN2Y5OSoifV19&Signature=e-eiyG6dMcCUMoSZ5nrOIfOdl1NsnAcz1AGtiHnlcAEeOX9xx4QlHKIpzrBuA%7EyLfA-UxWoN2l-UV0WEIzD6pHjYSeouUw%7EREkk54O1mnxd0utkEV8VNbV2EcuODWDXpILiSY8hpy7roeqIJlXtJbpDv8mA-0yu77JzxOCLxPe0aUtspgVvtRfC9xDSPC7DF57vCUW98XgM6fPCRvdy%7EmPTWeZ9RszDU-Dsj%7E7m7HNxrehLwHiY8PVG97jX4RI1tKowmQHrkBur8ZLsvJANqaOJss14RNQbumElZlpGlA4qQ8kbBn3Zr1sgUj5OLOHLM6zBWmE8vG5gsRE6iNlFlpg__&Key-Pair-Id=K2L8F4GPSG1IFC "HTTP/1.1 206 Partial Content"
2026-03-07 00:55:02,540  INFO  HTTP Request: GET https://huggingface.co/datasets/rahular/varta/resolve/7151493e445ff102ccc720f515ae5a6c7f72fb46/train/train_bn_shard_01.json "HTTP/1.1 302 Found"
2026-03-07 00:55:03,153  INFO  HTTP Request: GET https://cas-bridge.xethub.hf.co/xet-bridge-us/6531fa1ca6b8a20222174564/3548a876de98d245d6172d72059878c6badf7389ddda16f02acb472e49537f99?X-Amz-Algorithm=AWS4-HMAC-SHA256&X-Amz-Content-Sha256=UNSIGNED-PAYLOAD&X-Amz-Credential=cas%2F20260306%2Fus-east-1%2Fs3%2Faws4_request&X-Amz-Date=20260306T192310Z&X-Amz-Expires=3600&X-Amz-Signature=079ea8a9a9948b1950dd5d6b38e6165c3bacee1d85a88790a8fffadd3d2eb0b1&X-Amz-SignedHeaders=host&X-Xet-Cas-Uid=public&response-content-disposition=inline%3B+filename*%3DUTF-8%27%27train_bn_shard_01.json%3B+filename%3D%22train_bn_shard_01.json%22%3B&response-content-type=application%2Fjson&x-amz-checksum-mode=ENABLED&x-id=GetObject&Expires=1772828590&Policy=eyJTdGF0ZW1lbnQiOlt7IkNvbmRpdGlvbiI6eyJEYXRlTGVzc1RoYW4iOnsiQVdTOkVwb2NoVGltZSI6MTc3MjgyODU5MH19LCJSZXNvdXJjZSI6Imh0dHBzOi8vY2FzLWJyaWRnZS54ZXRodWIuaGYuY28veGV0LWJyaWRnZS11cy82NTMxZmExY2E2YjhhMjAyMjIxNzQ1NjQvMzU0OGE4NzZkZTk4ZDI0NWQ2MTcyZDcyMDU5ODc4YzZiYWRmNzM4OWRkZGExNmYwMmFjYjQ3MmU0OTUzN2Y5OSoifV19&Signature=v7q%7ESCUuDdXPOShKZoxpaiQjo8vA-fr5L4bgf-C4rSy8MQPF-xoEblBSkXyaHRp5tmWpRXzhMO4yp-14O-vnO--cu7FAV30KEp9I9C5Zab8y61%7Ehuyt2hxp8nyOC24t3rV7jB-t0l56RHlRwcJeUtk8HV15X25TEoIAWtvBoKgXCAGXWckKFpKY3BrshrHDpjVMTWwypNPZjVft-9V%7ElQaRplaUu2CBEVfN2u8mX-OBWj7N9hyf1TLrqWsxtLWf3mnb3%7EsrqYpJLefPUcpu6pN1P-YOwW0ndYJzldBJ%7Ezq70PVnhZjhB2-b4hf0BBamn5eaXHxQ5bH18YE0Y7BKnAA__&Key-Pair-Id=K2L8F4GPSG1IFC "HTTP/1.1 206 Partial Content"
2026-03-07 00:55:05,824  INFO  HTTP Request: GET https://huggingface.co/datasets/rahular/varta/resolve/7151493e445ff102ccc720f515ae5a6c7f72fb46/train/train_bn_shard_01.json "HTTP/1.1 302 Found"
2026-03-07 00:55:06,541  INFO  HTTP Request: GET https://cas-bridge.xethub.hf.co/xet-bridge-us/6531fa1ca6b8a20222174564/3548a876de98d245d6172d72059878c6badf7389ddda16f02acb472e49537f99?X-Amz-Algorithm=AWS4-HMAC-SHA256&X-Amz-Content-Sha256=UNSIGNED-PAYLOAD&X-Amz-Credential=cas%2F20260306%2Fus-east-1%2Fs3%2Faws4_request&X-Amz-Date=20260306T192358Z&X-Amz-Expires=3600&X-Amz-Signature=a242bbb56f12ee6e8eb85261eb447f2fd8f1f2f588e86c209654b6356ec6ccf5&X-Amz-SignedHeaders=host&X-Xet-Cas-Uid=public&response-content-disposition=inline%3B+filename*%3DUTF-8%27%27train_bn_shard_01.json%3B+filename%3D%22train_bn_shard_01.json%22%3B&response-content-type=application%2Fjson&x-amz-checksum-mode=ENABLED&x-id=GetObject&Expires=1772828638&Policy=eyJTdGF0ZW1lbnQiOlt7IkNvbmRpdGlvbiI6eyJEYXRlTGVzc1RoYW4iOnsiQVdTOkVwb2NoVGltZSI6MTc3MjgyODYzOH19LCJSZXNvdXJjZSI6Imh0dHBzOi8vY2FzLWJyaWRnZS54ZXRodWIuaGYuY28veGV0LWJyaWRnZS11cy82NTMxZmExY2E2YjhhMjAyMjIxNzQ1NjQvMzU0OGE4NzZkZTk4ZDI0NWQ2MTcyZDcyMDU5ODc4YzZiYWRmNzM4OWRkZGExNmYwMmFjYjQ3MmU0OTUzN2Y5OSoifV19&Signature=hPkEu0tXrT5239oP4gGKjErRRC6N2Vfl184HMBrLursqUjD6F5FGZmtrlnM22qEPy8TkCbUXGyvZpShu9MUU-DWXTe6qCYOUnfh%7E9kE-1Vm6G1emX0rU1xuUSd-qQyorClsQ-hwRT-oU1P1IHgSeMuSBYUcZFZYJzJA8PXTc4HxTvREyQ-sby07flxxwvbgjb1DMSROqnM9mkSl2BjWh-AKuXkqL1V03i1afgHXG6%7EZmEUAOM4jPwVD%7EPgFlx08QHM-jmYg2Iza-6Euymdso8ZBuZZ2Hj7Vbs9ibBDJVzg1egFJb7MNNGm9m0v902qDVEc1bbYRl%7EdqEyQFNneKFNg__&Key-Pair-Id=K2L8F4GPSG1IFC "HTTP/1.1 206 Partial Content"
2026-03-07 00:55:08,990  INFO  HTTP Request: GET https://huggingface.co/datasets/rahular/varta/resolve/7151493e445ff102ccc720f515ae5a6c7f72fb46/train/train_bn_shard_01.json "HTTP/1.1 302 Found"
2026-03-07 00:55:09,706  INFO  HTTP Request: GET https://cas-bridge.xethub.hf.co/xet-bridge-us/6531fa1ca6b8a20222174564/3548a876de98d245d6172d72059878c6badf7389ddda16f02acb472e49537f99?X-Amz-Algorithm=AWS4-HMAC-SHA256&X-Amz-Content-Sha256=UNSIGNED-PAYLOAD&X-Amz-Credential=cas%2F20260306%2Fus-east-1%2Fs3%2Faws4_request&X-Amz-Date=20260306T192444Z&X-Amz-Expires=3600&X-Amz-Signature=c3f094e2c835fa3b793e1551e79ced29b157a30e35f00d6e659c1b4522ba6701&X-Amz-SignedHeaders=host&X-Xet-Cas-Uid=public&response-content-disposition=inline%3B+filename*%3DUTF-8%27%27train_bn_shard_01.json%3B+filename%3D%22train_bn_shard_01.json%22%3B&response-content-type=application%2Fjson&x-amz-checksum-mode=ENABLED&x-id=GetObject&Expires=1772828684&Policy=eyJTdGF0ZW1lbnQiOlt7IkNvbmRpdGlvbiI6eyJEYXRlTGVzc1RoYW4iOnsiQVdTOkVwb2NoVGltZSI6MTc3MjgyODY4NH19LCJSZXNvdXJjZSI6Imh0dHBzOi8vY2FzLWJyaWRnZS54ZXRodWIuaGYuY28veGV0LWJyaWRnZS11cy82NTMxZmExY2E2YjhhMjAyMjIxNzQ1NjQvMzU0OGE4NzZkZTk4ZDI0NWQ2MTcyZDcyMDU5ODc4YzZiYWRmNzM4OWRkZGExNmYwMmFjYjQ3MmU0OTUzN2Y5OSoifV19&Signature=S4WKxSlNTtHcGEsZXUO39JZriBlzUk8slgJQbwGUI1DBBUoOUD8qUfkFi40GdA2nxOwpJSaxzsE80%7E3SsuUjQacNPx4ngQEI9UGN20SDiQzxY-3q%7EuOpQL-hVyQvzdFWlET-A7PMB-jQYM3zm2-TiBOR2tvqYizHp4liLmSfPaowlnFa-A5gF2Eman2WFJntNSmdryIlfwF50EELqTeoAusAdMHUdr%7E7d1pb3wPbBgQGbUx09mmJ1zcAYviheRc1OQcF0xQTI2DtU-0bojIEZ9heF4tRPGz%7E6nVh-o6aI4wVX4sEOxWJkP6sKnDAvqRnnwrYUg0Qw5SMKVxSxKW8Qw__&Key-Pair-Id=K2L8F4GPSG1IFC "HTTP/1.1 206 Partial Content"
2026-03-07 00:55:12,880  INFO  HTTP Request: GET https://huggingface.co/datasets/rahular/varta/resolve/7151493e445ff102ccc720f515ae5a6c7f72fb46/train/train_bn_shard_01.json "HTTP/1.1 302 Found"
2026-03-07 00:55:13,317  INFO  HTTP Request: GET https://cas-bridge.xethub.hf.co/xet-bridge-us/6531fa1ca6b8a20222174564/3548a876de98d245d6172d72059878c6badf7389ddda16f02acb472e49537f99?X-Amz-Algorithm=AWS4-HMAC-SHA256&X-Amz-Content-Sha256=UNSIGNED-PAYLOAD&X-Amz-Credential=cas%2F20260306%2Fus-east-1%2Fs3%2Faws4_request&X-Amz-Date=20260306T192440Z&X-Amz-Expires=3600&X-Amz-Signature=303200d85e072c0f289cbd0940da90b543121b0fb286bc026eae72068ffdc18e&X-Amz-SignedHeaders=host&X-Xet-Cas-Uid=public&response-content-disposition=inline%3B+filename*%3DUTF-8%27%27train_bn_shard_01.json%3B+filename%3D%22train_bn_shard_01.json%22%3B&response-content-type=application%2Fjson&x-amz-checksum-mode=ENABLED&x-id=GetObject&Expires=1772828680&Policy=eyJTdGF0ZW1lbnQiOlt7IkNvbmRpdGlvbiI6eyJEYXRlTGVzc1RoYW4iOnsiQVdTOkVwb2NoVGltZSI6MTc3MjgyODY4MH19LCJSZXNvdXJjZSI6Imh0dHBzOi8vY2FzLWJyaWRnZS54ZXRodWIuaGYuY28veGV0LWJyaWRnZS11cy82NTMxZmExY2E2YjhhMjAyMjIxNzQ1NjQvMzU0OGE4NzZkZTk4ZDI0NWQ2MTcyZDcyMDU5ODc4YzZiYWRmNzM4OWRkZGExNmYwMmFjYjQ3MmU0OTUzN2Y5OSoifV19&Signature=e-eiyG6dMcCUMoSZ5nrOIfOdl1NsnAcz1AGtiHnlcAEeOX9xx4QlHKIpzrBuA%7EyLfA-UxWoN2l-UV0WEIzD6pHjYSeouUw%7EREkk54O1mnxd0utkEV8VNbV2EcuODWDXpILiSY8hpy7roeqIJlXtJbpDv8mA-0yu77JzxOCLxPe0aUtspgVvtRfC9xDSPC7DF57vCUW98XgM6fPCRvdy%7EmPTWeZ9RszDU-Dsj%7E7m7HNxrehLwHiY8PVG97jX4RI1tKowmQHrkBur8ZLsvJANqaOJss14RNQbumElZlpGlA4qQ8kbBn3Zr1sgUj5OLOHLM6zBWmE8vG5gsRE6iNlFlpg__&Key-Pair-Id=K2L8F4GPSG1IFC "HTTP/1.1 206 Partial Content"
2026-03-07 00:55:16,156  INFO  HTTP Request: GET https://huggingface.co/datasets/rahular/varta/resolve/7151493e445ff102ccc720f515ae5a6c7f72fb46/train/train_bn_shard_01.json "HTTP/1.1 302 Found"
2026-03-07 00:55:16,502  INFO  HTTP Request: GET https://cas-bridge.xethub.hf.co/xet-bridge-us/6531fa1ca6b8a20222174564/3548a876de98d245d6172d72059878c6badf7389ddda16f02acb472e49537f99?X-Amz-Algorithm=AWS4-HMAC-SHA256&X-Amz-Content-Sha256=UNSIGNED-PAYLOAD&X-Amz-Credential=cas%2F20260306%2Fus-east-1%2Fs3%2Faws4_request&X-Amz-Date=20260306T192143Z&X-Amz-Expires=3600&X-Amz-Signature=5f323b388247d0ed02b1a8e8b905cb46f661cac50a6de5b1ccfdcfc16986ec01&X-Amz-SignedHeaders=host&X-Xet-Cas-Uid=public&response-content-disposition=inline%3B+filename*%3DUTF-8%27%27train_bn_shard_01.json%3B+filename%3D%22train_bn_shard_01.json%22%3B&response-content-type=application%2Fjson&x-amz-checksum-mode=ENABLED&x-id=GetObject&Expires=1772828503&Policy=eyJTdGF0ZW1lbnQiOlt7IkNvbmRpdGlvbiI6eyJEYXRlTGVzc1RoYW4iOnsiQVdTOkVwb2NoVGltZSI6MTc3MjgyODUwM319LCJSZXNvdXJjZSI6Imh0dHBzOi8vY2FzLWJyaWRnZS54ZXRodWIuaGYuY28veGV0LWJyaWRnZS11cy82NTMxZmExY2E2YjhhMjAyMjIxNzQ1NjQvMzU0OGE4NzZkZTk4ZDI0NWQ2MTcyZDcyMDU5ODc4YzZiYWRmNzM4OWRkZGExNmYwMmFjYjQ3MmU0OTUzN2Y5OSoifV19&Signature=OKXLRUiCnoPnMKSzpRAgzoUqKQIDuxMXOIc-C4HQ23dFqxc55Y3KQYI-h55McliKdmKs5f%7EijkUHvlHRH8HAZQwvbw6gLhVnD0nI9rL%7E%7E3hMLjdriieCMvFCK85j1hr%7E-wTlc2o0K0WOilhiX2KZFKIPLei4%7EcqnqbU9m0tPotJFFHpWLoAtuG9gEitI9pUBD4bBn2lX69uvS4T27lWENevBcU7blJsl5NUbpwE27kq9VSVFG39s0s4uxusbNAbuSYW1tTTJ5W1MOn02T79cXZFDwQ1cSHh3kTITunGXkbLcRCX8k8Tolq4SUdaEwhOWO3MHup9iX1%7EHB1svE0v09g__&Key-Pair-Id=K2L8F4GPSG1IFC "HTTP/1.1 206 Partial Content"
2026-03-07 00:55:19,331  INFO  HTTP Request: GET https://huggingface.co/datasets/rahular/varta/resolve/7151493e445ff102ccc720f515ae5a6c7f72fb46/train/train_bn_shard_01.json "HTTP/1.1 302 Found"
2026-03-07 00:55:19,956  INFO  HTTP Request: GET https://cas-bridge.xethub.hf.co/xet-bridge-us/6531fa1ca6b8a20222174564/3548a876de98d245d6172d72059878c6badf7389ddda16f02acb472e49537f99?X-Amz-Algorithm=AWS4-HMAC-SHA256&X-Amz-Content-Sha256=UNSIGNED-PAYLOAD&X-Amz-Credential=cas%2F20260306%2Fus-east-1%2Fs3%2Faws4_request&X-Amz-Date=20260306T192333Z&X-Amz-Expires=3600&X-Amz-Signature=faea2ab9a4eddf2ff876a62824ccf737c1090b093f923ec8699429b6a8c797ad&X-Amz-SignedHeaders=host&X-Xet-Cas-Uid=public&response-content-disposition=inline%3B+filename*%3DUTF-8%27%27train_bn_shard_01.json%3B+filename%3D%22train_bn_shard_01.json%22%3B&response-content-type=application%2Fjson&x-amz-checksum-mode=ENABLED&x-id=GetObject&Expires=1772828613&Policy=eyJTdGF0ZW1lbnQiOlt7IkNvbmRpdGlvbiI6eyJEYXRlTGVzc1RoYW4iOnsiQVdTOkVwb2NoVGltZSI6MTc3MjgyODYxM319LCJSZXNvdXJjZSI6Imh0dHBzOi8vY2FzLWJyaWRnZS54ZXRodWIuaGYuY28veGV0LWJyaWRnZS11cy82NTMxZmExY2E2YjhhMjAyMjIxNzQ1NjQvMzU0OGE4NzZkZTk4ZDI0NWQ2MTcyZDcyMDU5ODc4YzZiYWRmNzM4OWRkZGExNmYwMmFjYjQ3MmU0OTUzN2Y5OSoifV19&Signature=pw-WG4Zd8rwTc5zk89jcrSJwZrkI5-sQJMbp2kmhebeNQViiR4CuppdlhJhZ6UnMTxxX17KsCk9UnnHQ789yI4mbAMLyOr7mNoc9BiGQ8NbWsCzM82BCae3QUkjIjdg-Xd65tTwjnDtGdzHgQ2pbi0NwfCE95b0TKBPN0YbCZct-7QVY%7ElUw1I%7E4jhziVJN1vSeIUkwBQ19HdjGrVIFSaQhpyNvruBBOXg4UUJO%7EJZ8cQPYJrfnpRvVIU0XsS0JWNXghCYg9r%7E%7EWLiv2-38A9MmZyV-qvoHgR8EbsMr3BvzTEJFF32DihiOx-FltfTI%7EX6tY2vu2ZU5dVEDfhJ3pyA__&Key-Pair-Id=K2L8F4GPSG1IFC "HTTP/1.1 206 Partial Content"
2026-03-07 00:55:22,966  INFO  HTTP Request: GET https://huggingface.co/datasets/rahular/varta/resolve/7151493e445ff102ccc720f515ae5a6c7f72fb46/train/train_bn_shard_01.json "HTTP/1.1 302 Found"
2026-03-07 00:55:23,425  INFO  HTTP Request: GET https://cas-bridge.xethub.hf.co/xet-bridge-us/6531fa1ca6b8a20222174564/3548a876de98d245d6172d72059878c6badf7389ddda16f02acb472e49537f99?X-Amz-Algorithm=AWS4-HMAC-SHA256&X-Amz-Content-Sha256=UNSIGNED-PAYLOAD&X-Amz-Credential=cas%2F20260306%2Fus-east-1%2Fs3%2Faws4_request&X-Amz-Date=20260306T192102Z&X-Amz-Expires=3600&X-Amz-Signature=17c7a2200228bfd01ef5ba23c94fad25017a2776b7c5d54dc3528aa5affac478&X-Amz-SignedHeaders=host&X-Xet-Cas-Uid=public&response-content-disposition=inline%3B+filename*%3DUTF-8%27%27train_bn_shard_01.json%3B+filename%3D%22train_bn_shard_01.json%22%3B&response-content-type=application%2Fjson&x-amz-checksum-mode=ENABLED&x-id=GetObject&Expires=1772828462&Policy=eyJTdGF0ZW1lbnQiOlt7IkNvbmRpdGlvbiI6eyJEYXRlTGVzc1RoYW4iOnsiQVdTOkVwb2NoVGltZSI6MTc3MjgyODQ2Mn19LCJSZXNvdXJjZSI6Imh0dHBzOi8vY2FzLWJyaWRnZS54ZXRodWIuaGYuY28veGV0LWJyaWRnZS11cy82NTMxZmExY2E2YjhhMjAyMjIxNzQ1NjQvMzU0OGE4NzZkZTk4ZDI0NWQ2MTcyZDcyMDU5ODc4YzZiYWRmNzM4OWRkZGExNmYwMmFjYjQ3MmU0OTUzN2Y5OSoifV19&Signature=TAe-u9vYhjYGXmMdYGuiJLJzh6u2hJvAm9XwQT%7EZe5dQgz%7EVTBmxaUwxHrjmL3WvmQFnA1bckPHyIW8W37S49gruHBOgs1kzs1%7EX8Sm1zAE-%7EeCiXRN-8P-1R8Z-iGde8MYrS59jog69v9MtP1vDivfWJOweeH6FP2aIk4kW18%7ESOHf7NQ-DpZ2WCCjC0H0I9PROd00vSzpacAZX4eS%7EnRfBG9nWrBulA5F7Yua3oCxeFXrj6LAJoLXadDxyVj1IOnWMvOOCTl%7E27puQ0Ew0xKg2gFUqr%7Eg01FAuvOjiEt-edIPkmjnDTGWLgHZqEt0lY%7E8vBuuPr%7E0mylUvmOqq9g__&Key-Pair-Id=K2L8F4GPSG1IFC "HTTP/1.1 206 Partial Content"
2026-03-07 00:55:26,436  INFO  HTTP Request: GET https://huggingface.co/datasets/rahular/varta/resolve/7151493e445ff102ccc720f515ae5a6c7f72fb46/train/train_bn_shard_01.json "HTTP/1.1 302 Found"
2026-03-07 00:55:26,804  INFO  HTTP Request: GET https://cas-bridge.xethub.hf.co/xet-bridge-us/6531fa1ca6b8a20222174564/3548a876de98d245d6172d72059878c6badf7389ddda16f02acb472e49537f99?X-Amz-Algorithm=AWS4-HMAC-SHA256&X-Amz-Content-Sha256=UNSIGNED-PAYLOAD&X-Amz-Credential=cas%2F20260306%2Fus-east-1%2Fs3%2Faws4_request&X-Amz-Date=20260306T192358Z&X-Amz-Expires=3600&X-Amz-Signature=a242bbb56f12ee6e8eb85261eb447f2fd8f1f2f588e86c209654b6356ec6ccf5&X-Amz-SignedHeaders=host&X-Xet-Cas-Uid=public&response-content-disposition=inline%3B+filename*%3DUTF-8%27%27train_bn_shard_01.json%3B+filename%3D%22train_bn_shard_01.json%22%3B&response-content-type=application%2Fjson&x-amz-checksum-mode=ENABLED&x-id=GetObject&Expires=1772828638&Policy=eyJTdGF0ZW1lbnQiOlt7IkNvbmRpdGlvbiI6eyJEYXRlTGVzc1RoYW4iOnsiQVdTOkVwb2NoVGltZSI6MTc3MjgyODYzOH19LCJSZXNvdXJjZSI6Imh0dHBzOi8vY2FzLWJyaWRnZS54ZXRodWIuaGYuY28veGV0LWJyaWRnZS11cy82NTMxZmExY2E2YjhhMjAyMjIxNzQ1NjQvMzU0OGE4NzZkZTk4ZDI0NWQ2MTcyZDcyMDU5ODc4YzZiYWRmNzM4OWRkZGExNmYwMmFjYjQ3MmU0OTUzN2Y5OSoifV19&Signature=hPkEu0tXrT5239oP4gGKjErRRC6N2Vfl184HMBrLursqUjD6F5FGZmtrlnM22qEPy8TkCbUXGyvZpShu9MUU-DWXTe6qCYOUnfh%7E9kE-1Vm6G1emX0rU1xuUSd-qQyorClsQ-hwRT-oU1P1IHgSeMuSBYUcZFZYJzJA8PXTc4HxTvREyQ-sby07flxxwvbgjb1DMSROqnM9mkSl2BjWh-AKuXkqL1V03i1afgHXG6%7EZmEUAOM4jPwVD%7EPgFlx08QHM-jmYg2Iza-6Euymdso8ZBuZZ2Hj7Vbs9ibBDJVzg1egFJb7MNNGm9m0v902qDVEc1bbYRl%7EdqEyQFNneKFNg__&Key-Pair-Id=K2L8F4GPSG1IFC "HTTP/1.1 206 Partial Content"
2026-03-07 00:55:29,671  INFO  HTTP Request: GET https://huggingface.co/datasets/rahular/varta/resolve/7151493e445ff102ccc720f515ae5a6c7f72fb46/train/train_bn_shard_01.json "HTTP/1.1 302 Found"
2026-03-07 00:55:30,285  INFO  HTTP Request: GET https://cas-bridge.xethub.hf.co/xet-bridge-us/6531fa1ca6b8a20222174564/3548a876de98d245d6172d72059878c6badf7389ddda16f02acb472e49537f99?X-Amz-Algorithm=AWS4-HMAC-SHA256&X-Amz-Content-Sha256=UNSIGNED-PAYLOAD&X-Amz-Credential=cas%2F20260306%2Fus-east-1%2Fs3%2Faws4_request&X-Amz-Date=20260306T192358Z&X-Amz-Expires=3600&X-Amz-Signature=a242bbb56f12ee6e8eb85261eb447f2fd8f1f2f588e86c209654b6356ec6ccf5&X-Amz-SignedHeaders=host&X-Xet-Cas-Uid=public&response-content-disposition=inline%3B+filename*%3DUTF-8%27%27train_bn_shard_01.json%3B+filename%3D%22train_bn_shard_01.json%22%3B&response-content-type=application%2Fjson&x-amz-checksum-mode=ENABLED&x-id=GetObject&Expires=1772828638&Policy=eyJTdGF0ZW1lbnQiOlt7IkNvbmRpdGlvbiI6eyJEYXRlTGVzc1RoYW4iOnsiQVdTOkVwb2NoVGltZSI6MTc3MjgyODYzOH19LCJSZXNvdXJjZSI6Imh0dHBzOi8vY2FzLWJyaWRnZS54ZXRodWIuaGYuY28veGV0LWJyaWRnZS11cy82NTMxZmExY2E2YjhhMjAyMjIxNzQ1NjQvMzU0OGE4NzZkZTk4ZDI0NWQ2MTcyZDcyMDU5ODc4YzZiYWRmNzM4OWRkZGExNmYwMmFjYjQ3MmU0OTUzN2Y5OSoifV19&Signature=hPkEu0tXrT5239oP4gGKjErRRC6N2Vfl184HMBrLursqUjD6F5FGZmtrlnM22qEPy8TkCbUXGyvZpShu9MUU-DWXTe6qCYOUnfh%7E9kE-1Vm6G1emX0rU1xuUSd-qQyorClsQ-hwRT-oU1P1IHgSeMuSBYUcZFZYJzJA8PXTc4HxTvREyQ-sby07flxxwvbgjb1DMSROqnM9mkSl2BjWh-AKuXkqL1V03i1afgHXG6%7EZmEUAOM4jPwVD%7EPgFlx08QHM-jmYg2Iza-6Euymdso8ZBuZZ2Hj7Vbs9ibBDJVzg1egFJb7MNNGm9m0v902qDVEc1bbYRl%7EdqEyQFNneKFNg__&Key-Pair-Id=K2L8F4GPSG1IFC "HTTP/1.1 206 Partial Content"
2026-03-07 00:55:33,561  INFO  HTTP Request: GET https://huggingface.co/datasets/rahular/varta/resolve/7151493e445ff102ccc720f515ae5a6c7f72fb46/train/train_bn_shard_01.json "HTTP/1.1 302 Found"
2026-03-07 00:55:34,380  INFO  HTTP Request: GET https://cas-bridge.xethub.hf.co/xet-bridge-us/6531fa1ca6b8a20222174564/3548a876de98d245d6172d72059878c6badf7389ddda16f02acb472e49537f99?X-Amz-Algorithm=AWS4-HMAC-SHA256&X-Amz-Content-Sha256=UNSIGNED-PAYLOAD&X-Amz-Credential=cas%2F20260306%2Fus-east-1%2Fs3%2Faws4_request&X-Amz-Date=20260306T192146Z&X-Amz-Expires=3600&X-Amz-Signature=a853936f4e548a452f7d6a9413c886d564e9f48037cd47734c4d8986cc2e0643&X-Amz-SignedHeaders=host&X-Xet-Cas-Uid=public&response-content-disposition=inline%3B+filename*%3DUTF-8%27%27train_bn_shard_01.json%3B+filename%3D%22train_bn_shard_01.json%22%3B&response-content-type=application%2Fjson&x-amz-checksum-mode=ENABLED&x-id=GetObject&Expires=1772828506&Policy=eyJTdGF0ZW1lbnQiOlt7IkNvbmRpdGlvbiI6eyJEYXRlTGVzc1RoYW4iOnsiQVdTOkVwb2NoVGltZSI6MTc3MjgyODUwNn19LCJSZXNvdXJjZSI6Imh0dHBzOi8vY2FzLWJyaWRnZS54ZXRodWIuaGYuY28veGV0LWJyaWRnZS11cy82NTMxZmExY2E2YjhhMjAyMjIxNzQ1NjQvMzU0OGE4NzZkZTk4ZDI0NWQ2MTcyZDcyMDU5ODc4YzZiYWRmNzM4OWRkZGExNmYwMmFjYjQ3MmU0OTUzN2Y5OSoifV19&Signature=P-OjhR4mR485WEYZjClvtf%7ENAb0lcz6rgToBsZl88HE-ahuZqp9yvUtf6kCQkEgMxftknsOQVeUllS84gveHaJnP3NnZA6qS%7ECEe6R4YbolY9JPXKD6gRji8A5HjtkquzyVakXVwtRnCx9G6UiPUMuj2tj8MHC6suUYRPlB6KY01QhQ1Jt2yHKwntotoislcphuS7nGIKvHdiZ1WLT8p8GyGNUtdn2s20LrayySclE51A4OggF2ifKYrQMvznB8X27gttkavywVWd7rwzbyVk%7Ehx-IWTIYuhyUoOQhLP6lANoBDPvIEC-8N29mBYylvYKAv7MaQIU1pkhV6LXlUozA__&Key-Pair-Id=K2L8F4GPSG1IFC "HTTP/1.1 206 Partial Content"
2026-03-07 00:55:36,940  INFO  HTTP Request: GET https://huggingface.co/datasets/rahular/varta/resolve/7151493e445ff102ccc720f515ae5a6c7f72fb46/train/train_bn_shard_01.json "HTTP/1.1 302 Found"
2026-03-07 00:55:37,554  INFO  HTTP Request: GET https://cas-bridge.xethub.hf.co/xet-bridge-us/6531fa1ca6b8a20222174564/3548a876de98d245d6172d72059878c6badf7389ddda16f02acb472e49537f99?X-Amz-Algorithm=AWS4-HMAC-SHA256&X-Amz-Content-Sha256=UNSIGNED-PAYLOAD&X-Amz-Credential=cas%2F20260306%2Fus-east-1%2Fs3%2Faws4_request&X-Amz-Date=20260306T192333Z&X-Amz-Expires=3600&X-Amz-Signature=faea2ab9a4eddf2ff876a62824ccf737c1090b093f923ec8699429b6a8c797ad&X-Amz-SignedHeaders=host&X-Xet-Cas-Uid=public&response-content-disposition=inline%3B+filename*%3DUTF-8%27%27train_bn_shard_01.json%3B+filename%3D%22train_bn_shard_01.json%22%3B&response-content-type=application%2Fjson&x-amz-checksum-mode=ENABLED&x-id=GetObject&Expires=1772828613&Policy=eyJTdGF0ZW1lbnQiOlt7IkNvbmRpdGlvbiI6eyJEYXRlTGVzc1RoYW4iOnsiQVdTOkVwb2NoVGltZSI6MTc3MjgyODYxM319LCJSZXNvdXJjZSI6Imh0dHBzOi8vY2FzLWJyaWRnZS54ZXRodWIuaGYuY28veGV0LWJyaWRnZS11cy82NTMxZmExY2E2YjhhMjAyMjIxNzQ1NjQvMzU0OGE4NzZkZTk4ZDI0NWQ2MTcyZDcyMDU5ODc4YzZiYWRmNzM4OWRkZGExNmYwMmFjYjQ3MmU0OTUzN2Y5OSoifV19&Signature=pw-WG4Zd8rwTc5zk89jcrSJwZrkI5-sQJMbp2kmhebeNQViiR4CuppdlhJhZ6UnMTxxX17KsCk9UnnHQ789yI4mbAMLyOr7mNoc9BiGQ8NbWsCzM82BCae3QUkjIjdg-Xd65tTwjnDtGdzHgQ2pbi0NwfCE95b0TKBPN0YbCZct-7QVY%7ElUw1I%7E4jhziVJN1vSeIUkwBQ19HdjGrVIFSaQhpyNvruBBOXg4UUJO%7EJZ8cQPYJrfnpRvVIU0XsS0JWNXghCYg9r%7E%7EWLiv2-38A9MmZyV-qvoHgR8EbsMr3BvzTEJFF32DihiOx-FltfTI%7EX6tY2vu2ZU5dVEDfhJ3pyA__&Key-Pair-Id=K2L8F4GPSG1IFC "HTTP/1.1 206 Partial Content"
2026-03-07 00:55:39,909  INFO  HTTP Request: GET https://huggingface.co/datasets/rahular/varta/resolve/7151493e445ff102ccc720f515ae5a6c7f72fb46/train/train_bn_shard_01.json "HTTP/1.1 302 Found"
2026-03-07 00:55:40,317  INFO  HTTP Request: GET https://cas-bridge.xethub.hf.co/xet-bridge-us/6531fa1ca6b8a20222174564/3548a876de98d245d6172d72059878c6badf7389ddda16f02acb472e49537f99?X-Amz-Algorithm=AWS4-HMAC-SHA256&X-Amz-Content-Sha256=UNSIGNED-PAYLOAD&X-Amz-Credential=cas%2F20260306%2Fus-east-1%2Fs3%2Faws4_request&X-Amz-Date=20260306T192239Z&X-Amz-Expires=3600&X-Amz-Signature=d1d2b517638e46a67a9b7b7ee0cb83f6184f260b6b00d60fbf103294f3de6a65&X-Amz-SignedHeaders=host&X-Xet-Cas-Uid=public&response-content-disposition=inline%3B+filename*%3DUTF-8%27%27train_bn_shard_01.json%3B+filename%3D%22train_bn_shard_01.json%22%3B&response-content-type=application%2Fjson&x-amz-checksum-mode=ENABLED&x-id=GetObject&Expires=1772828559&Policy=eyJTdGF0ZW1lbnQiOlt7IkNvbmRpdGlvbiI6eyJEYXRlTGVzc1RoYW4iOnsiQVdTOkVwb2NoVGltZSI6MTc3MjgyODU1OX19LCJSZXNvdXJjZSI6Imh0dHBzOi8vY2FzLWJyaWRnZS54ZXRodWIuaGYuY28veGV0LWJyaWRnZS11cy82NTMxZmExY2E2YjhhMjAyMjIxNzQ1NjQvMzU0OGE4NzZkZTk4ZDI0NWQ2MTcyZDcyMDU5ODc4YzZiYWRmNzM4OWRkZGExNmYwMmFjYjQ3MmU0OTUzN2Y5OSoifV19&Signature=ZFIGuYGTyETfNq26-kjazJ%7EyefVjgOD7jiu5RPHITcZ2JkRB1zltVd%7EN58Q-yt-yNWLzDWbEYBe1Tk%7E5zUSo05JALdpPAlzkVfwpY-K0J5I1yaQvYZ3c7xfRv-jEfuJloDWl2BNRoYCfgJl4RVTNfSPrhcDcHCd9ZMpjLAs1ptoWOcuLs-5OeOSyWVCtsOkIcLt2isIGwDtbqX72iq2eiCVczCCVYgUlWBhfZpeiCpGs9A3m-2LK4aPlVtqQsSFjKi68dUudA9Za4%7EjudbkCuCxFkbqkSBOkZ1ZLg49fi5JNLEfWz4ATasSCMufacIcpsgyLEvCbK1u0YvXgmV-8Hg__&Key-Pair-Id=K2L8F4GPSG1IFC "HTTP/1.1 206 Partial Content"
2026-03-07 00:55:43,497  INFO  HTTP Request: GET https://huggingface.co/datasets/rahular/varta/resolve/7151493e445ff102ccc720f515ae5a6c7f72fb46/train/train_bn_shard_01.json "HTTP/1.1 302 Found"
2026-03-07 00:55:43,902  INFO  HTTP Request: GET https://cas-bridge.xethub.hf.co/xet-bridge-us/6531fa1ca6b8a20222174564/3548a876de98d245d6172d72059878c6badf7389ddda16f02acb472e49537f99?X-Amz-Algorithm=AWS4-HMAC-SHA256&X-Amz-Content-Sha256=UNSIGNED-PAYLOAD&X-Amz-Credential=cas%2F20260306%2Fus-east-1%2Fs3%2Faws4_request&X-Amz-Date=20260306T192150Z&X-Amz-Expires=3600&X-Amz-Signature=f6b40cd523b00fd3bd3630962325faf7d8b8dee8e09bd09b3fe517019d9c1819&X-Amz-SignedHeaders=host&X-Xet-Cas-Uid=public&response-content-disposition=inline%3B+filename*%3DUTF-8%27%27train_bn_shard_01.json%3B+filename%3D%22train_bn_shard_01.json%22%3B&response-content-type=application%2Fjson&x-amz-checksum-mode=ENABLED&x-id=GetObject&Expires=1772828510&Policy=eyJTdGF0ZW1lbnQiOlt7IkNvbmRpdGlvbiI6eyJEYXRlTGVzc1RoYW4iOnsiQVdTOkVwb2NoVGltZSI6MTc3MjgyODUxMH19LCJSZXNvdXJjZSI6Imh0dHBzOi8vY2FzLWJyaWRnZS54ZXRodWIuaGYuY28veGV0LWJyaWRnZS11cy82NTMxZmExY2E2YjhhMjAyMjIxNzQ1NjQvMzU0OGE4NzZkZTk4ZDI0NWQ2MTcyZDcyMDU5ODc4YzZiYWRmNzM4OWRkZGExNmYwMmFjYjQ3MmU0OTUzN2Y5OSoifV19&Signature=b8qiGPXNeT5PaD2T-agVH23P2ZiB6vau72KBPCaGDk8yByQNuQqPIsYQF2pKCew8cOfRoyps%7EVN-nbDlJ3nO-E7FADod5ogyaY7-QtBHbCrC0QrWnxtjQFyLuMOClXTugyJXvfYTRtuKMjCAFROwo4X15qxPghhPsDyY5VEGyCv0PZoYWZXWClH%7EPdv9qZ5-tzchnEgZZcoWEsMGV6LVqnVMQ4fMxSwGBz8Ryl301KTrnrNJtKmy3czO7ygML-5QewUKcqqCtfYKwzPwSfPI5NJiiAXy6P7192y3CkwVEEpvzsADArCfMv1SgaZDTMRWJaztz6sVnlFcTqr6jyHvxw__&Key-Pair-Id=K2L8F4GPSG1IFC "HTTP/1.1 206 Partial Content"
2026-03-07 00:55:46,769  INFO  HTTP Request: GET https://huggingface.co/datasets/rahular/varta/resolve/7151493e445ff102ccc720f515ae5a6c7f72fb46/train/train_bn_shard_01.json "HTTP/1.1 302 Found"
2026-03-07 00:55:47,603  INFO  HTTP Request: GET https://cas-bridge.xethub.hf.co/xet-bridge-us/6531fa1ca6b8a20222174564/3548a876de98d245d6172d72059878c6badf7389ddda16f02acb472e49537f99?X-Amz-Algorithm=AWS4-HMAC-SHA256&X-Amz-Content-Sha256=UNSIGNED-PAYLOAD&X-Amz-Credential=cas%2F20260306%2Fus-east-1%2Fs3%2Faws4_request&X-Amz-Date=20260306T192214Z&X-Amz-Expires=3600&X-Amz-Signature=af2216da10850f0b38fc43aa4e0a791614aae208dfbff1b27cd443f55325b0b8&X-Amz-SignedHeaders=host&X-Xet-Cas-Uid=public&response-content-disposition=inline%3B+filename*%3DUTF-8%27%27train_bn_shard_01.json%3B+filename%3D%22train_bn_shard_01.json%22%3B&response-content-type=application%2Fjson&x-amz-checksum-mode=ENABLED&x-id=GetObject&Expires=1772828534&Policy=eyJTdGF0ZW1lbnQiOlt7IkNvbmRpdGlvbiI6eyJEYXRlTGVzc1RoYW4iOnsiQVdTOkVwb2NoVGltZSI6MTc3MjgyODUzNH19LCJSZXNvdXJjZSI6Imh0dHBzOi8vY2FzLWJyaWRnZS54ZXRodWIuaGYuY28veGV0LWJyaWRnZS11cy82NTMxZmExY2E2YjhhMjAyMjIxNzQ1NjQvMzU0OGE4NzZkZTk4ZDI0NWQ2MTcyZDcyMDU5ODc4YzZiYWRmNzM4OWRkZGExNmYwMmFjYjQ3MmU0OTUzN2Y5OSoifV19&Signature=JzDsdqxpWEENSqC-hGqsGB-CzgsRtUs0OSdH4a30My1ksCELhhrnpmfNISqn5Y2mL5MPSAvoad%7EIPqEMvqt2kykPRi3U%7ER7VZXr3jyZN4GX7JIRWtVWoy8vsiNFpazrUM-8fJfmZPHRNGeoA9IdgV9NEdG6T86YdgI8nt8zDspNIOfzyXlZ6Bd-x1ImiLY-LQF9svamPtvdtjKtKV2YQds81hpCuyLPQqAWJOL3GR0-tpQ0dg%7EFb2xV837TRYoSTgevvOWxmPw7ssuNcBXnmHCZcw1%7EMc8UL2RK8wUmGlO%7E3cQbrfxD3Dffcfp3%7EPBW7FkpHhcTKXu5Rqxnoxm1kjw__&Key-Pair-Id=K2L8F4GPSG1IFC "HTTP/1.1 206 Partial Content"
2026-03-07 00:55:50,249  INFO  HTTP Request: GET https://huggingface.co/datasets/rahular/varta/resolve/7151493e445ff102ccc720f515ae5a6c7f72fb46/train/train_bn_shard_01.json "HTTP/1.1 302 Found"
2026-03-07 00:55:50,761  INFO  HTTP Request: GET https://cas-bridge.xethub.hf.co/xet-bridge-us/6531fa1ca6b8a20222174564/3548a876de98d245d6172d72059878c6badf7389ddda16f02acb472e49537f99?X-Amz-Algorithm=AWS4-HMAC-SHA256&X-Amz-Content-Sha256=UNSIGNED-PAYLOAD&X-Amz-Credential=cas%2F20260306%2Fus-east-1%2Fs3%2Faws4_request&X-Amz-Date=20260306T192549Z&X-Amz-Expires=3600&X-Amz-Signature=2ae49aa022a6f0300a64481376457669f89203bdac1b97ecc6931fc1d3ec5f43&X-Amz-SignedHeaders=host&X-Xet-Cas-Uid=public&response-content-disposition=inline%3B+filename*%3DUTF-8%27%27train_bn_shard_01.json%3B+filename%3D%22train_bn_shard_01.json%22%3B&response-content-type=application%2Fjson&x-amz-checksum-mode=ENABLED&x-id=GetObject&Expires=1772828749&Policy=eyJTdGF0ZW1lbnQiOlt7IkNvbmRpdGlvbiI6eyJEYXRlTGVzc1RoYW4iOnsiQVdTOkVwb2NoVGltZSI6MTc3MjgyODc0OX19LCJSZXNvdXJjZSI6Imh0dHBzOi8vY2FzLWJyaWRnZS54ZXRodWIuaGYuY28veGV0LWJyaWRnZS11cy82NTMxZmExY2E2YjhhMjAyMjIxNzQ1NjQvMzU0OGE4NzZkZTk4ZDI0NWQ2MTcyZDcyMDU5ODc4YzZiYWRmNzM4OWRkZGExNmYwMmFjYjQ3MmU0OTUzN2Y5OSoifV19&Signature=Il4q4kiRUWjQePisxBjI5mPhOhjcmZwT8Vdjchj%7E86RdgccW1nuI1Xd2dWokCnukOtDLjIvuLwg2SoBQaA70ES6YHnbpYqX7ebp4gXnW2r7qmAQSyED8gADTQZtGifTpkn9QiJU9zXAT2X3VVPK-dbb778mikHrALv7ms%7EHRevweMVwkKEgLPgksDkSuZGdTBE3UjKQ5%7EJYN8InQaFzbccA%7E4ZsiH2KjSjSTsR25j2HmPQZZMD-on8wvpzEPI525hgw0H3Y6QdrH21zgqNuttK%7EUIMfAeRoHjVPob7nGE4bdwa7MI8SpxnohFmltTHb4Lw8sOlnxW9NOgiFNcP08Pw__&Key-Pair-Id=K2L8F4GPSG1IFC "HTTP/1.1 206 Partial Content"
2026-03-07 00:55:53,422  INFO  HTTP Request: GET https://huggingface.co/datasets/rahular/varta/resolve/7151493e445ff102ccc720f515ae5a6c7f72fb46/train/train_bn_shard_01.json "HTTP/1.1 302 Found"
2026-03-07 00:55:54,038  INFO  HTTP Request: GET https://cas-bridge.xethub.hf.co/xet-bridge-us/6531fa1ca6b8a20222174564/3548a876de98d245d6172d72059878c6badf7389ddda16f02acb472e49537f99?X-Amz-Algorithm=AWS4-HMAC-SHA256&X-Amz-Content-Sha256=UNSIGNED-PAYLOAD&X-Amz-Credential=cas%2F20260306%2Fus-east-1%2Fs3%2Faws4_request&X-Amz-Date=20260306T192337Z&X-Amz-Expires=3600&X-Amz-Signature=03f5712b03eee6d3b6c0c861d609053b9d3b63c99c3c31c45d11af985be8312a&X-Amz-SignedHeaders=host&X-Xet-Cas-Uid=public&response-content-disposition=inline%3B+filename*%3DUTF-8%27%27train_bn_shard_01.json%3B+filename%3D%22train_bn_shard_01.json%22%3B&response-content-type=application%2Fjson&x-amz-checksum-mode=ENABLED&x-id=GetObject&Expires=1772828617&Policy=eyJTdGF0ZW1lbnQiOlt7IkNvbmRpdGlvbiI6eyJEYXRlTGVzc1RoYW4iOnsiQVdTOkVwb2NoVGltZSI6MTc3MjgyODYxN319LCJSZXNvdXJjZSI6Imh0dHBzOi8vY2FzLWJyaWRnZS54ZXRodWIuaGYuY28veGV0LWJyaWRnZS11cy82NTMxZmExY2E2YjhhMjAyMjIxNzQ1NjQvMzU0OGE4NzZkZTk4ZDI0NWQ2MTcyZDcyMDU5ODc4YzZiYWRmNzM4OWRkZGExNmYwMmFjYjQ3MmU0OTUzN2Y5OSoifV19&Signature=LIyCLM1vzuMPkXPxk%7EHa1Flzp1etbSSIB9hlO%7EoCn9BKAhesUePnrzrStOLZxH%7E5SRZMMb8ax3m-A76SXe%7EVybYjtnOLca99ibQAsCTqRyygSq8-1fgFTNCPMtMwFW-tQjPeh8N2kFIcIpXKdtbavBGcWvSuHfHifctcyja1CkFnIezNgeBtAG-xpdeEvPMCQlqFPbWdqyEP1mRlmNeJZbrqs26SR-Wbg6eA0VVPo9BLtHZXkqAc-JtAVl9pMSgeBryvHGCWI2OB2job1wSpwj-32V4qrPT4eaR3rYYlnfqDOUy1VKT8opMBMX2qxudHI72wpNGw-hB0mzBOx9aN4g__&Key-Pair-Id=K2L8F4GPSG1IFC "HTTP/1.1 206 Partial Content"
2026-03-07 00:55:57,645  INFO  HTTP Request: GET https://huggingface.co/datasets/rahular/varta/resolve/7151493e445ff102ccc720f515ae5a6c7f72fb46/train/train_bn_shard_01.json "HTTP/1.1 302 Found"
2026-03-07 00:55:58,030  INFO  HTTP Request: GET https://cas-bridge.xethub.hf.co/xet-bridge-us/6531fa1ca6b8a20222174564/3548a876de98d245d6172d72059878c6badf7389ddda16f02acb472e49537f99?X-Amz-Algorithm=AWS4-HMAC-SHA256&X-Amz-Content-Sha256=UNSIGNED-PAYLOAD&X-Amz-Credential=cas%2F20260306%2Fus-east-1%2Fs3%2Faws4_request&X-Amz-Date=20260306T192557Z&X-Amz-Expires=3600&X-Amz-Signature=ba92f539be92638c161c47babd3cd397fe16a86f31b78024504cef33df26f92c&X-Amz-SignedHeaders=host&X-Xet-Cas-Uid=public&response-content-disposition=inline%3B+filename*%3DUTF-8%27%27train_bn_shard_01.json%3B+filename%3D%22train_bn_shard_01.json%22%3B&response-content-type=application%2Fjson&x-amz-checksum-mode=ENABLED&x-id=GetObject&Expires=1772828757&Policy=eyJTdGF0ZW1lbnQiOlt7IkNvbmRpdGlvbiI6eyJEYXRlTGVzc1RoYW4iOnsiQVdTOkVwb2NoVGltZSI6MTc3MjgyODc1N319LCJSZXNvdXJjZSI6Imh0dHBzOi8vY2FzLWJyaWRnZS54ZXRodWIuaGYuY28veGV0LWJyaWRnZS11cy82NTMxZmExY2E2YjhhMjAyMjIxNzQ1NjQvMzU0OGE4NzZkZTk4ZDI0NWQ2MTcyZDcyMDU5ODc4YzZiYWRmNzM4OWRkZGExNmYwMmFjYjQ3MmU0OTUzN2Y5OSoifV19&Signature=KakPqnQohbM-NvfwUrlfu-%7EBvOHkyEREykb4Z6r14lRcMHFiiXdpOvje6pNLayIg%7EqKJDL7xDFSpTDvT5Ui4C7Y4Wu2GFR9osJnT2O6zFos0xCs%7ExVX1lvd8gcggP16p6JW2-ek3Df03avrGwWoJ-aqPqZ6pRDaGaP4Hbfc2TQ9fv-Fn13LwZvpU2CpDbed1TovKDjOQ9DHCmm6fTd%7EVimznUwyJmsSpSV-QO7U-lyCOjM2rVVTgnWcJ6looRqketz5Pn58Y4rrK%7EbIregZgWc485JKGQJjT8BE7IsGNldfNjBauyO1903FmTZzSjAQWNUyGWJgHUq%7EY3OuwOIkecw__&Key-Pair-Id=K2L8F4GPSG1IFC "HTTP/1.1 206 Partial Content"
2026-03-07 00:56:01,007  INFO  HTTP Request: GET https://huggingface.co/datasets/rahular/varta/resolve/7151493e445ff102ccc720f515ae5a6c7f72fb46/train/train_bn_shard_01.json "HTTP/1.1 302 Found"
2026-03-07 00:56:01,444  INFO  HTTP Request: GET https://cas-bridge.xethub.hf.co/xet-bridge-us/6531fa1ca6b8a20222174564/3548a876de98d245d6172d72059878c6badf7389ddda16f02acb472e49537f99?X-Amz-Algorithm=AWS4-HMAC-SHA256&X-Amz-Content-Sha256=UNSIGNED-PAYLOAD&X-Amz-Credential=cas%2F20260306%2Fus-east-1%2Fs3%2Faws4_request&X-Amz-Date=20260306T192120Z&X-Amz-Expires=3600&X-Amz-Signature=d944ad531c127633768745e9dedc6c48fd07c1f0b6905175beb30b211bf8f130&X-Amz-SignedHeaders=host&X-Xet-Cas-Uid=public&response-content-disposition=inline%3B+filename*%3DUTF-8%27%27train_bn_shard_01.json%3B+filename%3D%22train_bn_shard_01.json%22%3B&response-content-type=application%2Fjson&x-amz-checksum-mode=ENABLED&x-id=GetObject&Expires=1772828480&Policy=eyJTdGF0ZW1lbnQiOlt7IkNvbmRpdGlvbiI6eyJEYXRlTGVzc1RoYW4iOnsiQVdTOkVwb2NoVGltZSI6MTc3MjgyODQ4MH19LCJSZXNvdXJjZSI6Imh0dHBzOi8vY2FzLWJyaWRnZS54ZXRodWIuaGYuY28veGV0LWJyaWRnZS11cy82NTMxZmExY2E2YjhhMjAyMjIxNzQ1NjQvMzU0OGE4NzZkZTk4ZDI0NWQ2MTcyZDcyMDU5ODc4YzZiYWRmNzM4OWRkZGExNmYwMmFjYjQ3MmU0OTUzN2Y5OSoifV19&Signature=wNyL4FVHtbtmNnF%7EADBWvBtwAtKWiHjqK8PIi5oU4K56PDxM6iJ1mwpL%7EH2dhhZ501w63Lyl0ZGvgcSR0z4M58i2y4yStdk3wnIdgK-LXw40nK1YlKvLcwUKL1Wx8bFnqrbY61HmAwF-MhvtZOMXSugp8kypLJ4lFplqIsx3yu98xz5v1P8VaCt4peejHZ3grmJOJNuBI1VZTOGUfBwz6o-BKYb11xc%7E6pIdWTaSYsRkJVRSxyT6Erq9Yd2kEzpZejeYRt-W50xhKc0iiWgOzwa%7EAVNOBLxsdiym4nC2SvGkiPs-0UrYulzs%7E6GidH2O%7EQcYLPN4Bdz048McJ9oehA__&Key-Pair-Id=K2L8F4GPSG1IFC "HTTP/1.1 206 Partial Content"
2026-03-07 00:56:05,094  INFO  HTTP Request: GET https://huggingface.co/datasets/rahular/varta/resolve/7151493e445ff102ccc720f515ae5a6c7f72fb46/train/train_bn_shard_01.json "HTTP/1.1 302 Found"
2026-03-07 00:56:05,810  INFO  HTTP Request: GET https://cas-bridge.xethub.hf.co/xet-bridge-us/6531fa1ca6b8a20222174564/3548a876de98d245d6172d72059878c6badf7389ddda16f02acb472e49537f99?X-Amz-Algorithm=AWS4-HMAC-SHA256&X-Amz-Content-Sha256=UNSIGNED-PAYLOAD&X-Amz-Credential=cas%2F20260306%2Fus-east-1%2Fs3%2Faws4_request&X-Amz-Date=20260306T192604Z&X-Amz-Expires=3600&X-Amz-Signature=8fbcf7e710a8f3bec2aea223db485d091bafae02c5f9f5bb783d65fb74b05aec&X-Amz-SignedHeaders=host&X-Xet-Cas-Uid=public&response-content-disposition=inline%3B+filename*%3DUTF-8%27%27train_bn_shard_01.json%3B+filename%3D%22train_bn_shard_01.json%22%3B&response-content-type=application%2Fjson&x-amz-checksum-mode=ENABLED&x-id=GetObject&Expires=1772828764&Policy=eyJTdGF0ZW1lbnQiOlt7IkNvbmRpdGlvbiI6eyJEYXRlTGVzc1RoYW4iOnsiQVdTOkVwb2NoVGltZSI6MTc3MjgyODc2NH19LCJSZXNvdXJjZSI6Imh0dHBzOi8vY2FzLWJyaWRnZS54ZXRodWIuaGYuY28veGV0LWJyaWRnZS11cy82NTMxZmExY2E2YjhhMjAyMjIxNzQ1NjQvMzU0OGE4NzZkZTk4ZDI0NWQ2MTcyZDcyMDU5ODc4YzZiYWRmNzM4OWRkZGExNmYwMmFjYjQ3MmU0OTUzN2Y5OSoifV19&Signature=QGy7IzsePY6AjSzE2TI8kUidomU6lYZGeBUFUVjPwoejjsAFW7pRKyaLPvua0tftuT%7EYjtZJfOhuGN7eEIMX8W8Mj1fXDzmAV7RrPrM3pfHL-rHzlH0oeoaatdtAXbnu2o-0rBRoHHY1feuhqY--QdHg6i2qoLfnS9JWIOm-o8yFJEOFtsUD4s36Ft-A9TeXTOOwjzPKKzTGPF7ijiArh%7E4vafHWv7wFwrcK%7EqSOzYZRmvh-1IAf2Jh02EJN8VqaeJ%7EmLCW%7EfhKdk7hwtgF-rbZUccJVNETZq7aW2u-RJVulq6cuptA4aNdElTXLGboWCPwCsS-EtxmcI%7EKr6DCZWw__&Key-Pair-Id=K2L8F4GPSG1IFC "HTTP/1.1 206 Partial Content"
2026-03-07 00:56:09,188  INFO  HTTP Request: GET https://huggingface.co/datasets/rahular/varta/resolve/7151493e445ff102ccc720f515ae5a6c7f72fb46/train/train_bn_shard_01.json "HTTP/1.1 302 Found"
2026-03-07 00:56:09,712  INFO  HTTP Request: GET https://cas-bridge.xethub.hf.co/xet-bridge-us/6531fa1ca6b8a20222174564/3548a876de98d245d6172d72059878c6badf7389ddda16f02acb472e49537f99?X-Amz-Algorithm=AWS4-HMAC-SHA256&X-Amz-Content-Sha256=UNSIGNED-PAYLOAD&X-Amz-Credential=cas%2F20260306%2Fus-east-1%2Fs3%2Faws4_request&X-Amz-Date=20260306T192221Z&X-Amz-Expires=3600&X-Amz-Signature=3a614322b821a5d65b0e3a216b7ecfdbc8c762171ca0c1137a664f5b4d2fd5ec&X-Amz-SignedHeaders=host&X-Xet-Cas-Uid=public&response-content-disposition=inline%3B+filename*%3DUTF-8%27%27train_bn_shard_01.json%3B+filename%3D%22train_bn_shard_01.json%22%3B&response-content-type=application%2Fjson&x-amz-checksum-mode=ENABLED&x-id=GetObject&Expires=1772828541&Policy=eyJTdGF0ZW1lbnQiOlt7IkNvbmRpdGlvbiI6eyJEYXRlTGVzc1RoYW4iOnsiQVdTOkVwb2NoVGltZSI6MTc3MjgyODU0MX19LCJSZXNvdXJjZSI6Imh0dHBzOi8vY2FzLWJyaWRnZS54ZXRodWIuaGYuY28veGV0LWJyaWRnZS11cy82NTMxZmExY2E2YjhhMjAyMjIxNzQ1NjQvMzU0OGE4NzZkZTk4ZDI0NWQ2MTcyZDcyMDU5ODc4YzZiYWRmNzM4OWRkZGExNmYwMmFjYjQ3MmU0OTUzN2Y5OSoifV19&Signature=Xlv0c4ONb%7EvMyTFo5L7frymp0VvLL9b%7Eto8FvmYir-04unt-B7o7%7EbTE0iC5aCYrl28F6o6T4GweMEQJ4wzBnxxQ-MFI62K0h6i-GEdM52oM3Jg%7EXx0KOBHXXUO4kf4HZ67Y0E3nkRj6VIww5HMV7vi0KKH1ZDglZwgtxiTENOdZsT8jEKxzvDLIbG869pBUtm1AIQaSn39%7EEKGKioZ4k%7ECP1FY2Cb3FF7X7961poCmZuO9yR0Z-gCHpaSgkpLSINvSKtBsTz-SuObgejtdYggS5FJzMHhrLAAivbG6tc3weueXzKETB7tgy1yDfiiphBPrRJQ4o3xFxRBldIhn74w__&Key-Pair-Id=K2L8F4GPSG1IFC "HTTP/1.1 206 Partial Content"
2026-03-07 00:56:13,482  INFO  HTTP Request: GET https://huggingface.co/datasets/rahular/varta/resolve/7151493e445ff102ccc720f515ae5a6c7f72fb46/train/train_bn_shard_01.json "HTTP/1.1 302 Found"
2026-03-07 00:56:13,836  INFO  HTTP Request: GET https://cas-bridge.xethub.hf.co/xet-bridge-us/6531fa1ca6b8a20222174564/3548a876de98d245d6172d72059878c6badf7389ddda16f02acb472e49537f99?X-Amz-Algorithm=AWS4-HMAC-SHA256&X-Amz-Content-Sha256=UNSIGNED-PAYLOAD&X-Amz-Credential=cas%2F20260306%2Fus-east-1%2Fs3%2Faws4_request&X-Amz-Date=20260306T192613Z&X-Amz-Expires=3600&X-Amz-Signature=591e276ff10ed4f8416b1b4036ab14c0dcfd04d3cf5e18346cac7b6e46151e49&X-Amz-SignedHeaders=host&X-Xet-Cas-Uid=public&response-content-disposition=inline%3B+filename*%3DUTF-8%27%27train_bn_shard_01.json%3B+filename%3D%22train_bn_shard_01.json%22%3B&response-content-type=application%2Fjson&x-amz-checksum-mode=ENABLED&x-id=GetObject&Expires=1772828773&Policy=eyJTdGF0ZW1lbnQiOlt7IkNvbmRpdGlvbiI6eyJEYXRlTGVzc1RoYW4iOnsiQVdTOkVwb2NoVGltZSI6MTc3MjgyODc3M319LCJSZXNvdXJjZSI6Imh0dHBzOi8vY2FzLWJyaWRnZS54ZXRodWIuaGYuY28veGV0LWJyaWRnZS11cy82NTMxZmExY2E2YjhhMjAyMjIxNzQ1NjQvMzU0OGE4NzZkZTk4ZDI0NWQ2MTcyZDcyMDU5ODc4YzZiYWRmNzM4OWRkZGExNmYwMmFjYjQ3MmU0OTUzN2Y5OSoifV19&Signature=M75CV0zUMf3TyH%7EMKjsajUL9O3nv1g6gIHBc077P3GOjcYoIPdpj9M1z017WhjotGYNicXmhyVg5Irz9zK-DUqHzP2tFA5VCMZYqM4-dugfyp7eIwF1udFZTsMGm2K90LkiFEBHW4-ktFng7WT9AQxzea0SPbBFjAKHtcsctwhOL9zJoBskG3k0VahU3IIvbZu5-7zdyfmt9-2lthJDlQySsSmpXBUZEQrBQAjBDAJZNocvpr4VYCm7r2HsJR6IkASVI76lHq0wRfBg-97R06q0YtjHCXJVuO0twcc0bkZyor3Q9RqscnDX%7EfguwV%7E2i4b3BLCZrh70M8a5WWV4B4A__&Key-Pair-Id=K2L8F4GPSG1IFC "HTTP/1.1 206 Partial Content"
2026-03-07 00:56:17,819  INFO  HTTP Request: GET https://huggingface.co/datasets/rahular/varta/resolve/7151493e445ff102ccc720f515ae5a6c7f72fb46/train/train_bn_shard_01.json "HTTP/1.1 302 Found"
2026-03-07 00:56:18,299  INFO  HTTP Request: GET https://cas-bridge.xethub.hf.co/xet-bridge-us/6531fa1ca6b8a20222174564/3548a876de98d245d6172d72059878c6badf7389ddda16f02acb472e49537f99?X-Amz-Algorithm=AWS4-HMAC-SHA256&X-Amz-Content-Sha256=UNSIGNED-PAYLOAD&X-Amz-Credential=cas%2F20260306%2Fus-east-1%2Fs3%2Faws4_request&X-Amz-Date=20260306T192345Z&X-Amz-Expires=3600&X-Amz-Signature=cf4922fffcb87560643d8375d16fc4f1c38ce2df538af214f3cd5d785acc73e1&X-Amz-SignedHeaders=host&X-Xet-Cas-Uid=public&response-content-disposition=inline%3B+filename*%3DUTF-8%27%27train_bn_shard_01.json%3B+filename%3D%22train_bn_shard_01.json%22%3B&response-content-type=application%2Fjson&x-amz-checksum-mode=ENABLED&x-id=GetObject&Expires=1772828625&Policy=eyJTdGF0ZW1lbnQiOlt7IkNvbmRpdGlvbiI6eyJEYXRlTGVzc1RoYW4iOnsiQVdTOkVwb2NoVGltZSI6MTc3MjgyODYyNX19LCJSZXNvdXJjZSI6Imh0dHBzOi8vY2FzLWJyaWRnZS54ZXRodWIuaGYuY28veGV0LWJyaWRnZS11cy82NTMxZmExY2E2YjhhMjAyMjIxNzQ1NjQvMzU0OGE4NzZkZTk4ZDI0NWQ2MTcyZDcyMDU5ODc4YzZiYWRmNzM4OWRkZGExNmYwMmFjYjQ3MmU0OTUzN2Y5OSoifV19&Signature=slv-QXsCNSjgGXYubJajWPscka5H6nCqFdZqJknhMV9Yev%7ENLv2otUzauBNYIJHXm6gOiWAjA0DGWicGI9%7EjPRosQoxa6tXvCYaHBhaZQw7K9I%7Ev%7Em-yraZxDvtpFRUowOmRQCpd%7EoDCt4fJKQQpZ3N6xGXcWjAldsXEI-hc10JWfdxYGIWL0VQCM3j1i03w7LFHJYjIzQ7kBfmaJS6YFb7r-lFATY3lTT2Ls0RDDhVODpM56eNgiIj6b0r5DjpmpSbg6JHU7350IC1SAeJNHf3QM52Qmuyg9RTkFF8CgVy8W8MSUv-h7CgorgZG4Itd4vPxeFEDI5MmABMq0Ktqrg__&Key-Pair-Id=K2L8F4GPSG1IFC "HTTP/1.1 206 Partial Content"
2026-03-07 00:56:23,122  INFO  HTTP Request: GET https://huggingface.co/datasets/rahular/varta/resolve/7151493e445ff102ccc720f515ae5a6c7f72fb46/train/train_bn_shard_01.json "HTTP/1.1 302 Found"
2026-03-07 00:56:23,631  INFO  HTTP Request: GET https://cas-bridge.xethub.hf.co/xet-bridge-us/6531fa1ca6b8a20222174564/3548a876de98d245d6172d72059878c6badf7389ddda16f02acb472e49537f99?X-Amz-Algorithm=AWS4-HMAC-SHA256&X-Amz-Content-Sha256=UNSIGNED-PAYLOAD&X-Amz-Credential=cas%2F20260306%2Fus-east-1%2Fs3%2Faws4_request&X-Amz-Date=20260306T192146Z&X-Amz-Expires=3600&X-Amz-Signature=a853936f4e548a452f7d6a9413c886d564e9f48037cd47734c4d8986cc2e0643&X-Amz-SignedHeaders=host&X-Xet-Cas-Uid=public&response-content-disposition=inline%3B+filename*%3DUTF-8%27%27train_bn_shard_01.json%3B+filename%3D%22train_bn_shard_01.json%22%3B&response-content-type=application%2Fjson&x-amz-checksum-mode=ENABLED&x-id=GetObject&Expires=1772828506&Policy=eyJTdGF0ZW1lbnQiOlt7IkNvbmRpdGlvbiI6eyJEYXRlTGVzc1RoYW4iOnsiQVdTOkVwb2NoVGltZSI6MTc3MjgyODUwNn19LCJSZXNvdXJjZSI6Imh0dHBzOi8vY2FzLWJyaWRnZS54ZXRodWIuaGYuY28veGV0LWJyaWRnZS11cy82NTMxZmExY2E2YjhhMjAyMjIxNzQ1NjQvMzU0OGE4NzZkZTk4ZDI0NWQ2MTcyZDcyMDU5ODc4YzZiYWRmNzM4OWRkZGExNmYwMmFjYjQ3MmU0OTUzN2Y5OSoifV19&Signature=P-OjhR4mR485WEYZjClvtf%7ENAb0lcz6rgToBsZl88HE-ahuZqp9yvUtf6kCQkEgMxftknsOQVeUllS84gveHaJnP3NnZA6qS%7ECEe6R4YbolY9JPXKD6gRji8A5HjtkquzyVakXVwtRnCx9G6UiPUMuj2tj8MHC6suUYRPlB6KY01QhQ1Jt2yHKwntotoislcphuS7nGIKvHdiZ1WLT8p8GyGNUtdn2s20LrayySclE51A4OggF2ifKYrQMvznB8X27gttkavywVWd7rwzbyVk%7Ehx-IWTIYuhyUoOQhLP6lANoBDPvIEC-8N29mBYylvYKAv7MaQIU1pkhV6LXlUozA__&Key-Pair-Id=K2L8F4GPSG1IFC "HTTP/1.1 206 Partial Content"
2026-03-07 00:56:27,105  INFO  HTTP Request: GET https://huggingface.co/datasets/rahular/varta/resolve/7151493e445ff102ccc720f515ae5a6c7f72fb46/train/train_bn_shard_01.json "HTTP/1.1 302 Found"
2026-03-07 00:56:27,617  INFO  HTTP Request: GET https://cas-bridge.xethub.hf.co/xet-bridge-us/6531fa1ca6b8a20222174564/3548a876de98d245d6172d72059878c6badf7389ddda16f02acb472e49537f99?X-Amz-Algorithm=AWS4-HMAC-SHA256&X-Amz-Content-Sha256=UNSIGNED-PAYLOAD&X-Amz-Credential=cas%2F20260306%2Fus-east-1%2Fs3%2Faws4_request&X-Amz-Date=20260306T192150Z&X-Amz-Expires=3600&X-Amz-Signature=f6b40cd523b00fd3bd3630962325faf7d8b8dee8e09bd09b3fe517019d9c1819&X-Amz-SignedHeaders=host&X-Xet-Cas-Uid=public&response-content-disposition=inline%3B+filename*%3DUTF-8%27%27train_bn_shard_01.json%3B+filename%3D%22train_bn_shard_01.json%22%3B&response-content-type=application%2Fjson&x-amz-checksum-mode=ENABLED&x-id=GetObject&Expires=1772828510&Policy=eyJTdGF0ZW1lbnQiOlt7IkNvbmRpdGlvbiI6eyJEYXRlTGVzc1RoYW4iOnsiQVdTOkVwb2NoVGltZSI6MTc3MjgyODUxMH19LCJSZXNvdXJjZSI6Imh0dHBzOi8vY2FzLWJyaWRnZS54ZXRodWIuaGYuY28veGV0LWJyaWRnZS11cy82NTMxZmExY2E2YjhhMjAyMjIxNzQ1NjQvMzU0OGE4NzZkZTk4ZDI0NWQ2MTcyZDcyMDU5ODc4YzZiYWRmNzM4OWRkZGExNmYwMmFjYjQ3MmU0OTUzN2Y5OSoifV19&Signature=b8qiGPXNeT5PaD2T-agVH23P2ZiB6vau72KBPCaGDk8yByQNuQqPIsYQF2pKCew8cOfRoyps%7EVN-nbDlJ3nO-E7FADod5ogyaY7-QtBHbCrC0QrWnxtjQFyLuMOClXTugyJXvfYTRtuKMjCAFROwo4X15qxPghhPsDyY5VEGyCv0PZoYWZXWClH%7EPdv9qZ5-tzchnEgZZcoWEsMGV6LVqnVMQ4fMxSwGBz8Ryl301KTrnrNJtKmy3czO7ygML-5QewUKcqqCtfYKwzPwSfPI5NJiiAXy6P7192y3CkwVEEpvzsADArCfMv1SgaZDTMRWJaztz6sVnlFcTqr6jyHvxw__&Key-Pair-Id=K2L8F4GPSG1IFC "HTTP/1.1 206 Partial Content"
2026-03-07 00:56:30,996  INFO  HTTP Request: GET https://huggingface.co/datasets/rahular/varta/resolve/7151493e445ff102ccc720f515ae5a6c7f72fb46/train/train_bn_shard_01.json "HTTP/1.1 302 Found"
2026-03-07 00:56:31,488  INFO  HTTP Request: GET https://cas-bridge.xethub.hf.co/xet-bridge-us/6531fa1ca6b8a20222174564/3548a876de98d245d6172d72059878c6badf7389ddda16f02acb472e49537f99?X-Amz-Algorithm=AWS4-HMAC-SHA256&X-Amz-Content-Sha256=UNSIGNED-PAYLOAD&X-Amz-Credential=cas%2F20260306%2Fus-east-1%2Fs3%2Faws4_request&X-Amz-Date=20260306T192444Z&X-Amz-Expires=3600&X-Amz-Signature=c3f094e2c835fa3b793e1551e79ced29b157a30e35f00d6e659c1b4522ba6701&X-Amz-SignedHeaders=host&X-Xet-Cas-Uid=public&response-content-disposition=inline%3B+filename*%3DUTF-8%27%27train_bn_shard_01.json%3B+filename%3D%22train_bn_shard_01.json%22%3B&response-content-type=application%2Fjson&x-amz-checksum-mode=ENABLED&x-id=GetObject&Expires=1772828684&Policy=eyJTdGF0ZW1lbnQiOlt7IkNvbmRpdGlvbiI6eyJEYXRlTGVzc1RoYW4iOnsiQVdTOkVwb2NoVGltZSI6MTc3MjgyODY4NH19LCJSZXNvdXJjZSI6Imh0dHBzOi8vY2FzLWJyaWRnZS54ZXRodWIuaGYuY28veGV0LWJyaWRnZS11cy82NTMxZmExY2E2YjhhMjAyMjIxNzQ1NjQvMzU0OGE4NzZkZTk4ZDI0NWQ2MTcyZDcyMDU5ODc4YzZiYWRmNzM4OWRkZGExNmYwMmFjYjQ3MmU0OTUzN2Y5OSoifV19&Signature=S4WKxSlNTtHcGEsZXUO39JZriBlzUk8slgJQbwGUI1DBBUoOUD8qUfkFi40GdA2nxOwpJSaxzsE80%7E3SsuUjQacNPx4ngQEI9UGN20SDiQzxY-3q%7EuOpQL-hVyQvzdFWlET-A7PMB-jQYM3zm2-TiBOR2tvqYizHp4liLmSfPaowlnFa-A5gF2Eman2WFJntNSmdryIlfwF50EELqTeoAusAdMHUdr%7E7d1pb3wPbBgQGbUx09mmJ1zcAYviheRc1OQcF0xQTI2DtU-0bojIEZ9heF4tRPGz%7E6nVh-o6aI4wVX4sEOxWJkP6sKnDAvqRnnwrYUg0Qw5SMKVxSxKW8Qw__&Key-Pair-Id=K2L8F4GPSG1IFC "HTTP/1.1 206 Partial Content"
2026-03-07 00:56:34,486  INFO  HTTP Request: GET https://huggingface.co/datasets/rahular/varta/resolve/7151493e445ff102ccc720f515ae5a6c7f72fb46/train/train_bn_shard_01.json "HTTP/1.1 302 Found"
2026-03-07 00:56:34,989  INFO  HTTP Request: GET https://cas-bridge.xethub.hf.co/xet-bridge-us/6531fa1ca6b8a20222174564/3548a876de98d245d6172d72059878c6badf7389ddda16f02acb472e49537f99?X-Amz-Algorithm=AWS4-HMAC-SHA256&X-Amz-Content-Sha256=UNSIGNED-PAYLOAD&X-Amz-Credential=cas%2F20260306%2Fus-east-1%2Fs3%2Faws4_request&X-Amz-Date=20260306T192234Z&X-Amz-Expires=3600&X-Amz-Signature=906de1613d2e91029d716bac564a97cc871f566ea076019b2e0227061511a3c1&X-Amz-SignedHeaders=host&X-Xet-Cas-Uid=public&response-content-disposition=inline%3B+filename*%3DUTF-8%27%27train_bn_shard_01.json%3B+filename%3D%22train_bn_shard_01.json%22%3B&response-content-type=application%2Fjson&x-amz-checksum-mode=ENABLED&x-id=GetObject&Expires=1772828554&Policy=eyJTdGF0ZW1lbnQiOlt7IkNvbmRpdGlvbiI6eyJEYXRlTGVzc1RoYW4iOnsiQVdTOkVwb2NoVGltZSI6MTc3MjgyODU1NH19LCJSZXNvdXJjZSI6Imh0dHBzOi8vY2FzLWJyaWRnZS54ZXRodWIuaGYuY28veGV0LWJyaWRnZS11cy82NTMxZmExY2E2YjhhMjAyMjIxNzQ1NjQvMzU0OGE4NzZkZTk4ZDI0NWQ2MTcyZDcyMDU5ODc4YzZiYWRmNzM4OWRkZGExNmYwMmFjYjQ3MmU0OTUzN2Y5OSoifV19&Signature=hvZP9zZUW79Glc-BNiSTWdCDrpqaEFR3FOhas-nARFHjmIFSGqEVMGkcJUtDqaCt7R-%7EWb66o8qTz2ZbOOZvHCHeoOhLPzZfH6keL5tvLAXRBA3T928%7EeGHP17affgJXto94Cc8aCA%7EbGOWZnAeRL74FHES88%7EiXWWGqTE0vDw12vkDkjj%7EJksVAQLkxWxtl81DnumaFFN0lINRg5LfNR6KkowYfRzubM-n3QMSBKLNy2qyF6OyF360zGUoK9AP4msyFPkNheXTb%7EFPmx%7EpoiO2fXBL-XvinOTBO4y3HdGOpQP7mqfzvxFAG7AeKSBvC4GYNJcZMaviIsy0pIyTYlA__&Key-Pair-Id=K2L8F4GPSG1IFC "HTTP/1.1 206 Partial Content"
2026-03-07 00:56:37,721  INFO  HTTP Request: GET https://huggingface.co/datasets/rahular/varta/resolve/7151493e445ff102ccc720f515ae5a6c7f72fb46/train/train_bn_shard_01.json "HTTP/1.1 302 Found"
2026-03-07 00:56:38,264  INFO  HTTP Request: GET https://cas-bridge.xethub.hf.co/xet-bridge-us/6531fa1ca6b8a20222174564/3548a876de98d245d6172d72059878c6badf7389ddda16f02acb472e49537f99?X-Amz-Algorithm=AWS4-HMAC-SHA256&X-Amz-Content-Sha256=UNSIGNED-PAYLOAD&X-Amz-Credential=cas%2F20260306%2Fus-east-1%2Fs3%2Faws4_request&X-Amz-Date=20260306T192355Z&X-Amz-Expires=3600&X-Amz-Signature=21f9ee90f0fbea962df92109c622b3d4fb7056f9b49f70fe0d7b57233cfaf8fa&X-Amz-SignedHeaders=host&X-Xet-Cas-Uid=public&response-content-disposition=inline%3B+filename*%3DUTF-8%27%27train_bn_shard_01.json%3B+filename%3D%22train_bn_shard_01.json%22%3B&response-content-type=application%2Fjson&x-amz-checksum-mode=ENABLED&x-id=GetObject&Expires=1772828635&Policy=eyJTdGF0ZW1lbnQiOlt7IkNvbmRpdGlvbiI6eyJEYXRlTGVzc1RoYW4iOnsiQVdTOkVwb2NoVGltZSI6MTc3MjgyODYzNX19LCJSZXNvdXJjZSI6Imh0dHBzOi8vY2FzLWJyaWRnZS54ZXRodWIuaGYuY28veGV0LWJyaWRnZS11cy82NTMxZmExY2E2YjhhMjAyMjIxNzQ1NjQvMzU0OGE4NzZkZTk4ZDI0NWQ2MTcyZDcyMDU5ODc4YzZiYWRmNzM4OWRkZGExNmYwMmFjYjQ3MmU0OTUzN2Y5OSoifV19&Signature=r6hZlCfIBfLnYhFGfO5Uao-8xPgmmPeGjUGzlC42BVBBWvGkO7VO3RU6KD7xaVe65tSgzq7gMbiPL3kS6gIelDHXt39xdPn45QIzcVjx1MLRWrV%7EuZX75MM60Hs8UsxfeHnhP4qWg%7ErRMYvpQTAKg6aBmAmZzWlP3TjMt0VaCXUzpnkuSoHEvC2A5Hc7umVuAHxUtwkeqwWNuAoK1zP0neNiDP%7EKeJaVS6HJf%7EVnF3LZz-fTEaSZ8TfikrLAVfYcQYi6x2MF9eXk9KGDHtqz4cAZBptrmHCJXNAzLr-tJIRvzV1oCF2gafGIV9iuVUBma2w3MU%7EGAqAGDL-eZ3qmMA__&Key-Pair-Id=K2L8F4GPSG1IFC "HTTP/1.1 206 Partial Content"
2026-03-07 00:56:41,406  INFO  HTTP Request: GET https://huggingface.co/datasets/rahular/varta/resolve/7151493e445ff102ccc720f515ae5a6c7f72fb46/train/train_bn_shard_01.json "HTTP/1.1 302 Found"
2026-03-07 00:56:41,855  INFO  HTTP Request: GET https://cas-bridge.xethub.hf.co/xet-bridge-us/6531fa1ca6b8a20222174564/3548a876de98d245d6172d72059878c6badf7389ddda16f02acb472e49537f99?X-Amz-Algorithm=AWS4-HMAC-SHA256&X-Amz-Content-Sha256=UNSIGNED-PAYLOAD&X-Amz-Credential=cas%2F20260306%2Fus-east-1%2Fs3%2Faws4_request&X-Amz-Date=20260306T192358Z&X-Amz-Expires=3600&X-Amz-Signature=a242bbb56f12ee6e8eb85261eb447f2fd8f1f2f588e86c209654b6356ec6ccf5&X-Amz-SignedHeaders=host&X-Xet-Cas-Uid=public&response-content-disposition=inline%3B+filename*%3DUTF-8%27%27train_bn_shard_01.json%3B+filename%3D%22train_bn_shard_01.json%22%3B&response-content-type=application%2Fjson&x-amz-checksum-mode=ENABLED&x-id=GetObject&Expires=1772828638&Policy=eyJTdGF0ZW1lbnQiOlt7IkNvbmRpdGlvbiI6eyJEYXRlTGVzc1RoYW4iOnsiQVdTOkVwb2NoVGltZSI6MTc3MjgyODYzOH19LCJSZXNvdXJjZSI6Imh0dHBzOi8vY2FzLWJyaWRnZS54ZXRodWIuaGYuY28veGV0LWJyaWRnZS11cy82NTMxZmExY2E2YjhhMjAyMjIxNzQ1NjQvMzU0OGE4NzZkZTk4ZDI0NWQ2MTcyZDcyMDU5ODc4YzZiYWRmNzM4OWRkZGExNmYwMmFjYjQ3MmU0OTUzN2Y5OSoifV19&Signature=hPkEu0tXrT5239oP4gGKjErRRC6N2Vfl184HMBrLursqUjD6F5FGZmtrlnM22qEPy8TkCbUXGyvZpShu9MUU-DWXTe6qCYOUnfh%7E9kE-1Vm6G1emX0rU1xuUSd-qQyorClsQ-hwRT-oU1P1IHgSeMuSBYUcZFZYJzJA8PXTc4HxTvREyQ-sby07flxxwvbgjb1DMSROqnM9mkSl2BjWh-AKuXkqL1V03i1afgHXG6%7EZmEUAOM4jPwVD%7EPgFlx08QHM-jmYg2Iza-6Euymdso8ZBuZZ2Hj7Vbs9ibBDJVzg1egFJb7MNNGm9m0v902qDVEc1bbYRl%7EdqEyQFNneKFNg__&Key-Pair-Id=K2L8F4GPSG1IFC "HTTP/1.1 206 Partial Content"
2026-03-07 00:56:44,760  INFO  HTTP Request: GET https://huggingface.co/datasets/rahular/varta/resolve/7151493e445ff102ccc720f515ae5a6c7f72fb46/train/train_bn_shard_01.json "HTTP/1.1 302 Found"
2026-03-07 00:56:45,329  INFO  HTTP Request: GET https://cas-bridge.xethub.hf.co/xet-bridge-us/6531fa1ca6b8a20222174564/3548a876de98d245d6172d72059878c6badf7389ddda16f02acb472e49537f99?X-Amz-Algorithm=AWS4-HMAC-SHA256&X-Amz-Content-Sha256=UNSIGNED-PAYLOAD&X-Amz-Credential=cas%2F20260306%2Fus-east-1%2Fs3%2Faws4_request&X-Amz-Date=20260306T192416Z&X-Amz-Expires=3600&X-Amz-Signature=05fecb136af09e34a98bbcf8e73b3b46c1f769274bc8ecba58d5c1cbf9ba30e7&X-Amz-SignedHeaders=host&X-Xet-Cas-Uid=public&response-content-disposition=inline%3B+filename*%3DUTF-8%27%27train_bn_shard_01.json%3B+filename%3D%22train_bn_shard_01.json%22%3B&response-content-type=application%2Fjson&x-amz-checksum-mode=ENABLED&x-id=GetObject&Expires=1772828656&Policy=eyJTdGF0ZW1lbnQiOlt7IkNvbmRpdGlvbiI6eyJEYXRlTGVzc1RoYW4iOnsiQVdTOkVwb2NoVGltZSI6MTc3MjgyODY1Nn19LCJSZXNvdXJjZSI6Imh0dHBzOi8vY2FzLWJyaWRnZS54ZXRodWIuaGYuY28veGV0LWJyaWRnZS11cy82NTMxZmExY2E2YjhhMjAyMjIxNzQ1NjQvMzU0OGE4NzZkZTk4ZDI0NWQ2MTcyZDcyMDU5ODc4YzZiYWRmNzM4OWRkZGExNmYwMmFjYjQ3MmU0OTUzN2Y5OSoifV19&Signature=pwdDG5a4BPZsf%7EtwTeKi2Dq1lHNwK%7EgOejtb8V47U4QbqvmEy7TL851W8fUpG25qjtxWcc4ONs60LDqdSH6oGbq5gssl-6HRkcN7D0bbDwo3G5ztmCPEGZWr-Up54tI3Cq3sTpOUOBSld77iBOMNWltQfNeDNsTbSr-qXvo1Iz8rkOYxWOdd%7E0bljabPEhYLFLuPRgQ7nz8MMi06ods9vCO66YY9C-f%7E4CbYP2cGMexQELLbEqjHpi53ZnbuhefkQWme5YrTmH8PeXz5lHCdWJTgCWzld2GE9JHosoqqHwWT%7E8o9VZ1z8YGS4kNhWuvqa5UcFoQRaYfvcOw2x8cIqA__&Key-Pair-Id=K2L8F4GPSG1IFC "HTTP/1.1 206 Partial Content"
2026-03-07 00:56:48,084  INFO  HTTP Request: GET https://huggingface.co/datasets/rahular/varta/resolve/7151493e445ff102ccc720f515ae5a6c7f72fb46/train/train_bn_shard_01.json "HTTP/1.1 302 Found"
2026-03-07 00:56:48,517  INFO  HTTP Request: GET https://cas-bridge.xethub.hf.co/xet-bridge-us/6531fa1ca6b8a20222174564/3548a876de98d245d6172d72059878c6badf7389ddda16f02acb472e49537f99?X-Amz-Algorithm=AWS4-HMAC-SHA256&X-Amz-Content-Sha256=UNSIGNED-PAYLOAD&X-Amz-Credential=cas%2F20260306%2Fus-east-1%2Fs3%2Faws4_request&X-Amz-Date=20260306T192355Z&X-Amz-Expires=3600&X-Amz-Signature=21f9ee90f0fbea962df92109c622b3d4fb7056f9b49f70fe0d7b57233cfaf8fa&X-Amz-SignedHeaders=host&X-Xet-Cas-Uid=public&response-content-disposition=inline%3B+filename*%3DUTF-8%27%27train_bn_shard_01.json%3B+filename%3D%22train_bn_shard_01.json%22%3B&response-content-type=application%2Fjson&x-amz-checksum-mode=ENABLED&x-id=GetObject&Expires=1772828635&Policy=eyJTdGF0ZW1lbnQiOlt7IkNvbmRpdGlvbiI6eyJEYXRlTGVzc1RoYW4iOnsiQVdTOkVwb2NoVGltZSI6MTc3MjgyODYzNX19LCJSZXNvdXJjZSI6Imh0dHBzOi8vY2FzLWJyaWRnZS54ZXRodWIuaGYuY28veGV0LWJyaWRnZS11cy82NTMxZmExY2E2YjhhMjAyMjIxNzQ1NjQvMzU0OGE4NzZkZTk4ZDI0NWQ2MTcyZDcyMDU5ODc4YzZiYWRmNzM4OWRkZGExNmYwMmFjYjQ3MmU0OTUzN2Y5OSoifV19&Signature=r6hZlCfIBfLnYhFGfO5Uao-8xPgmmPeGjUGzlC42BVBBWvGkO7VO3RU6KD7xaVe65tSgzq7gMbiPL3kS6gIelDHXt39xdPn45QIzcVjx1MLRWrV%7EuZX75MM60Hs8UsxfeHnhP4qWg%7ErRMYvpQTAKg6aBmAmZzWlP3TjMt0VaCXUzpnkuSoHEvC2A5Hc7umVuAHxUtwkeqwWNuAoK1zP0neNiDP%7EKeJaVS6HJf%7EVnF3LZz-fTEaSZ8TfikrLAVfYcQYi6x2MF9eXk9KGDHtqz4cAZBptrmHCJXNAzLr-tJIRvzV1oCF2gafGIV9iuVUBma2w3MU%7EGAqAGDL-eZ3qmMA__&Key-Pair-Id=K2L8F4GPSG1IFC "HTTP/1.1 206 Partial Content"
2026-03-07 00:56:51,352  INFO  HTTP Request: GET https://huggingface.co/datasets/rahular/varta/resolve/7151493e445ff102ccc720f515ae5a6c7f72fb46/train/train_bn_shard_01.json "HTTP/1.1 302 Found"
2026-03-07 00:56:51,883  INFO  HTTP Request: GET https://cas-bridge.xethub.hf.co/xet-bridge-us/6531fa1ca6b8a20222174564/3548a876de98d245d6172d72059878c6badf7389ddda16f02acb472e49537f99?X-Amz-Algorithm=AWS4-HMAC-SHA256&X-Amz-Content-Sha256=UNSIGNED-PAYLOAD&X-Amz-Credential=cas%2F20260306%2Fus-east-1%2Fs3%2Faws4_request&X-Amz-Date=20260306T192153Z&X-Amz-Expires=3600&X-Amz-Signature=86de8d7c5d11464fdd288a6484b3e1a963fce15f6bb3c955c0ee13413eed5cc7&X-Amz-SignedHeaders=host&X-Xet-Cas-Uid=public&response-content-disposition=inline%3B+filename*%3DUTF-8%27%27train_bn_shard_01.json%3B+filename%3D%22train_bn_shard_01.json%22%3B&response-content-type=application%2Fjson&x-amz-checksum-mode=ENABLED&x-id=GetObject&Expires=1772828513&Policy=eyJTdGF0ZW1lbnQiOlt7IkNvbmRpdGlvbiI6eyJEYXRlTGVzc1RoYW4iOnsiQVdTOkVwb2NoVGltZSI6MTc3MjgyODUxM319LCJSZXNvdXJjZSI6Imh0dHBzOi8vY2FzLWJyaWRnZS54ZXRodWIuaGYuY28veGV0LWJyaWRnZS11cy82NTMxZmExY2E2YjhhMjAyMjIxNzQ1NjQvMzU0OGE4NzZkZTk4ZDI0NWQ2MTcyZDcyMDU5ODc4YzZiYWRmNzM4OWRkZGExNmYwMmFjYjQ3MmU0OTUzN2Y5OSoifV19&Signature=ROAHQ78ORZ9TjyoD1CLrvU%7EUnWCoTsyR5Ft4kWzoNOIt%7Er44mJznsxYuMMsuteYCje0wjn1SL3LQ-eRFKvGyuaOMB%7Eh6Cu3y5K%7EPv8WhnJD8DZadalpI1xqsRr3TaHOiHguANWmvopZIOMvhDHsLyl1Z6Bl-xIpjiGmY8jjFOxAVWQNDwtWJFMQajKRV72RGwN2zQtNpzr%7EXo8TqoVRnhl0ImeaJeKtlWiGRq9sMztlpwGhsxGq5riAlaApkC6akqb7sWz865%7Ea6vMlXywLP97qA2NjrMQjHfxAJjAVTMjXZdjfk0Y0WFz241y8wuDFBWy9og%7EPnSP4UI4RhWYa4Gg__&Key-Pair-Id=K2L8F4GPSG1IFC "HTTP/1.1 206 Partial Content"
2026-03-07 00:56:55,361  INFO  HTTP Request: GET https://huggingface.co/datasets/rahular/varta/resolve/7151493e445ff102ccc720f515ae5a6c7f72fb46/train/train_bn_shard_01.json "HTTP/1.1 302 Found"
2026-03-07 00:56:55,874  INFO  HTTP Request: GET https://cas-bridge.xethub.hf.co/xet-bridge-us/6531fa1ca6b8a20222174564/3548a876de98d245d6172d72059878c6badf7389ddda16f02acb472e49537f99?X-Amz-Algorithm=AWS4-HMAC-SHA256&X-Amz-Content-Sha256=UNSIGNED-PAYLOAD&X-Amz-Credential=cas%2F20260306%2Fus-east-1%2Fs3%2Faws4_request&X-Amz-Date=20260306T192239Z&X-Amz-Expires=3600&X-Amz-Signature=d1d2b517638e46a67a9b7b7ee0cb83f6184f260b6b00d60fbf103294f3de6a65&X-Amz-SignedHeaders=host&X-Xet-Cas-Uid=public&response-content-disposition=inline%3B+filename*%3DUTF-8%27%27train_bn_shard_01.json%3B+filename%3D%22train_bn_shard_01.json%22%3B&response-content-type=application%2Fjson&x-amz-checksum-mode=ENABLED&x-id=GetObject&Expires=1772828559&Policy=eyJTdGF0ZW1lbnQiOlt7IkNvbmRpdGlvbiI6eyJEYXRlTGVzc1RoYW4iOnsiQVdTOkVwb2NoVGltZSI6MTc3MjgyODU1OX19LCJSZXNvdXJjZSI6Imh0dHBzOi8vY2FzLWJyaWRnZS54ZXRodWIuaGYuY28veGV0LWJyaWRnZS11cy82NTMxZmExY2E2YjhhMjAyMjIxNzQ1NjQvMzU0OGE4NzZkZTk4ZDI0NWQ2MTcyZDcyMDU5ODc4YzZiYWRmNzM4OWRkZGExNmYwMmFjYjQ3MmU0OTUzN2Y5OSoifV19&Signature=ZFIGuYGTyETfNq26-kjazJ%7EyefVjgOD7jiu5RPHITcZ2JkRB1zltVd%7EN58Q-yt-yNWLzDWbEYBe1Tk%7E5zUSo05JALdpPAlzkVfwpY-K0J5I1yaQvYZ3c7xfRv-jEfuJloDWl2BNRoYCfgJl4RVTNfSPrhcDcHCd9ZMpjLAs1ptoWOcuLs-5OeOSyWVCtsOkIcLt2isIGwDtbqX72iq2eiCVczCCVYgUlWBhfZpeiCpGs9A3m-2LK4aPlVtqQsSFjKi68dUudA9Za4%7EjudbkCuCxFkbqkSBOkZ1ZLg49fi5JNLEfWz4ATasSCMufacIcpsgyLEvCbK1u0YvXgmV-8Hg__&Key-Pair-Id=K2L8F4GPSG1IFC "HTTP/1.1 206 Partial Content"
2026-03-07 00:56:59,047  INFO  HTTP Request: GET https://huggingface.co/datasets/rahular/varta/resolve/7151493e445ff102ccc720f515ae5a6c7f72fb46/train/train_bn_shard_01.json "HTTP/1.1 302 Found"
2026-03-07 00:56:59,866  INFO  HTTP Request: GET https://cas-bridge.xethub.hf.co/xet-bridge-us/6531fa1ca6b8a20222174564/3548a876de98d245d6172d72059878c6badf7389ddda16f02acb472e49537f99?X-Amz-Algorithm=AWS4-HMAC-SHA256&X-Amz-Content-Sha256=UNSIGNED-PAYLOAD&X-Amz-Credential=cas%2F20260306%2Fus-east-1%2Fs3%2Faws4_request&X-Amz-Date=20260306T192549Z&X-Amz-Expires=3600&X-Amz-Signature=2ae49aa022a6f0300a64481376457669f89203bdac1b97ecc6931fc1d3ec5f43&X-Amz-SignedHeaders=host&X-Xet-Cas-Uid=public&response-content-disposition=inline%3B+filename*%3DUTF-8%27%27train_bn_shard_01.json%3B+filename%3D%22train_bn_shard_01.json%22%3B&response-content-type=application%2Fjson&x-amz-checksum-mode=ENABLED&x-id=GetObject&Expires=1772828749&Policy=eyJTdGF0ZW1lbnQiOlt7IkNvbmRpdGlvbiI6eyJEYXRlTGVzc1RoYW4iOnsiQVdTOkVwb2NoVGltZSI6MTc3MjgyODc0OX19LCJSZXNvdXJjZSI6Imh0dHBzOi8vY2FzLWJyaWRnZS54ZXRodWIuaGYuY28veGV0LWJyaWRnZS11cy82NTMxZmExY2E2YjhhMjAyMjIxNzQ1NjQvMzU0OGE4NzZkZTk4ZDI0NWQ2MTcyZDcyMDU5ODc4YzZiYWRmNzM4OWRkZGExNmYwMmFjYjQ3MmU0OTUzN2Y5OSoifV19&Signature=Il4q4kiRUWjQePisxBjI5mPhOhjcmZwT8Vdjchj%7E86RdgccW1nuI1Xd2dWokCnukOtDLjIvuLwg2SoBQaA70ES6YHnbpYqX7ebp4gXnW2r7qmAQSyED8gADTQZtGifTpkn9QiJU9zXAT2X3VVPK-dbb778mikHrALv7ms%7EHRevweMVwkKEgLPgksDkSuZGdTBE3UjKQ5%7EJYN8InQaFzbccA%7E4ZsiH2KjSjSTsR25j2HmPQZZMD-on8wvpzEPI525hgw0H3Y6QdrH21zgqNuttK%7EUIMfAeRoHjVPob7nGE4bdwa7MI8SpxnohFmltTHb4Lw8sOlnxW9NOgiFNcP08Pw__&Key-Pair-Id=K2L8F4GPSG1IFC "HTTP/1.1 206 Partial Content"
2026-03-07 00:57:03,450  INFO  HTTP Request: GET https://huggingface.co/datasets/rahular/varta/resolve/7151493e445ff102ccc720f515ae5a6c7f72fb46/train/train_bn_shard_01.json "HTTP/1.1 302 Found"
2026-03-07 00:57:03,820  INFO  HTTP Request: GET https://cas-bridge.xethub.hf.co/xet-bridge-us/6531fa1ca6b8a20222174564/3548a876de98d245d6172d72059878c6badf7389ddda16f02acb472e49537f99?X-Amz-Algorithm=AWS4-HMAC-SHA256&X-Amz-Content-Sha256=UNSIGNED-PAYLOAD&X-Amz-Credential=cas%2F20260306%2Fus-east-1%2Fs3%2Faws4_request&X-Amz-Date=20260306T192143Z&X-Amz-Expires=3600&X-Amz-Signature=5f323b388247d0ed02b1a8e8b905cb46f661cac50a6de5b1ccfdcfc16986ec01&X-Amz-SignedHeaders=host&X-Xet-Cas-Uid=public&response-content-disposition=inline%3B+filename*%3DUTF-8%27%27train_bn_shard_01.json%3B+filename%3D%22train_bn_shard_01.json%22%3B&response-content-type=application%2Fjson&x-amz-checksum-mode=ENABLED&x-id=GetObject&Expires=1772828503&Policy=eyJTdGF0ZW1lbnQiOlt7IkNvbmRpdGlvbiI6eyJEYXRlTGVzc1RoYW4iOnsiQVdTOkVwb2NoVGltZSI6MTc3MjgyODUwM319LCJSZXNvdXJjZSI6Imh0dHBzOi8vY2FzLWJyaWRnZS54ZXRodWIuaGYuY28veGV0LWJyaWRnZS11cy82NTMxZmExY2E2YjhhMjAyMjIxNzQ1NjQvMzU0OGE4NzZkZTk4ZDI0NWQ2MTcyZDcyMDU5ODc4YzZiYWRmNzM4OWRkZGExNmYwMmFjYjQ3MmU0OTUzN2Y5OSoifV19&Signature=OKXLRUiCnoPnMKSzpRAgzoUqKQIDuxMXOIc-C4HQ23dFqxc55Y3KQYI-h55McliKdmKs5f%7EijkUHvlHRH8HAZQwvbw6gLhVnD0nI9rL%7E%7E3hMLjdriieCMvFCK85j1hr%7E-wTlc2o0K0WOilhiX2KZFKIPLei4%7EcqnqbU9m0tPotJFFHpWLoAtuG9gEitI9pUBD4bBn2lX69uvS4T27lWENevBcU7blJsl5NUbpwE27kq9VSVFG39s0s4uxusbNAbuSYW1tTTJ5W1MOn02T79cXZFDwQ1cSHh3kTITunGXkbLcRCX8k8Tolq4SUdaEwhOWO3MHup9iX1%7EHB1svE0v09g__&Key-Pair-Id=K2L8F4GPSG1IFC "HTTP/1.1 206 Partial Content"
2026-03-07 00:57:06,829  INFO  HTTP Request: GET https://huggingface.co/datasets/rahular/varta/resolve/7151493e445ff102ccc720f515ae5a6c7f72fb46/train/train_bn_shard_01.json "HTTP/1.1 302 Found"
2026-03-07 00:57:07,646  INFO  HTTP Request: GET https://cas-bridge.xethub.hf.co/xet-bridge-us/6531fa1ca6b8a20222174564/3548a876de98d245d6172d72059878c6badf7389ddda16f02acb472e49537f99?X-Amz-Algorithm=AWS4-HMAC-SHA256&X-Amz-Content-Sha256=UNSIGNED-PAYLOAD&X-Amz-Credential=cas%2F20260306%2Fus-east-1%2Fs3%2Faws4_request&X-Amz-Date=20260306T192314Z&X-Amz-Expires=3600&X-Amz-Signature=df65b0cae9484b2d671a48372b5041bb74543cf6999ce9f77d0361cc90391ca0&X-Amz-SignedHeaders=host&X-Xet-Cas-Uid=public&response-content-disposition=inline%3B+filename*%3DUTF-8%27%27train_bn_shard_01.json%3B+filename%3D%22train_bn_shard_01.json%22%3B&response-content-type=application%2Fjson&x-amz-checksum-mode=ENABLED&x-id=GetObject&Expires=1772828594&Policy=eyJTdGF0ZW1lbnQiOlt7IkNvbmRpdGlvbiI6eyJEYXRlTGVzc1RoYW4iOnsiQVdTOkVwb2NoVGltZSI6MTc3MjgyODU5NH19LCJSZXNvdXJjZSI6Imh0dHBzOi8vY2FzLWJyaWRnZS54ZXRodWIuaGYuY28veGV0LWJyaWRnZS11cy82NTMxZmExY2E2YjhhMjAyMjIxNzQ1NjQvMzU0OGE4NzZkZTk4ZDI0NWQ2MTcyZDcyMDU5ODc4YzZiYWRmNzM4OWRkZGExNmYwMmFjYjQ3MmU0OTUzN2Y5OSoifV19&Signature=M-VNN8cuFolMrgBCghlNChmcWsjwrdVF0-28fQpgzC%7E9lijEkAftCAB8aiqpitNvz2735tEuMEMlLA03kHeseBhof2QdPtvhKZEZ9WsZxdT22YJ%7EZeRg4pu9r7EdWGatD-j5OFIOHRZWfKnHDNB3phL3fWVoujXtOBsRuetvlu8gLpoVHFV-WoRkZ3J0Hkwl7Ww%7EkO1N0arF8O0nqeynVQSkUu2C9nwGTr2Aut8LFp1mYNawl2fE5mfnVX8HbG2i7JUqAoklQzRIn15sVBchN%7Eo282DgS%7EPKlImkS8gLZvATwDWHksFEpildXmxlKMIlyECrraBTh5vsBbSCB0vAxA__&Key-Pair-Id=K2L8F4GPSG1IFC "HTTP/1.1 206 Partial Content"
2026-03-07 00:57:11,537  INFO  HTTP Request: GET https://huggingface.co/datasets/rahular/varta/resolve/7151493e445ff102ccc720f515ae5a6c7f72fb46/train/train_bn_shard_01.json "HTTP/1.1 302 Found"
2026-03-07 00:57:12,008  INFO  HTTP Request: GET https://cas-bridge.xethub.hf.co/xet-bridge-us/6531fa1ca6b8a20222174564/3548a876de98d245d6172d72059878c6badf7389ddda16f02acb472e49537f99?X-Amz-Algorithm=AWS4-HMAC-SHA256&X-Amz-Content-Sha256=UNSIGNED-PAYLOAD&X-Amz-Credential=cas%2F20260306%2Fus-east-1%2Fs3%2Faws4_request&X-Amz-Date=20260306T192444Z&X-Amz-Expires=3600&X-Amz-Signature=c3f094e2c835fa3b793e1551e79ced29b157a30e35f00d6e659c1b4522ba6701&X-Amz-SignedHeaders=host&X-Xet-Cas-Uid=public&response-content-disposition=inline%3B+filename*%3DUTF-8%27%27train_bn_shard_01.json%3B+filename%3D%22train_bn_shard_01.json%22%3B&response-content-type=application%2Fjson&x-amz-checksum-mode=ENABLED&x-id=GetObject&Expires=1772828684&Policy=eyJTdGF0ZW1lbnQiOlt7IkNvbmRpdGlvbiI6eyJEYXRlTGVzc1RoYW4iOnsiQVdTOkVwb2NoVGltZSI6MTc3MjgyODY4NH19LCJSZXNvdXJjZSI6Imh0dHBzOi8vY2FzLWJyaWRnZS54ZXRodWIuaGYuY28veGV0LWJyaWRnZS11cy82NTMxZmExY2E2YjhhMjAyMjIxNzQ1NjQvMzU0OGE4NzZkZTk4ZDI0NWQ2MTcyZDcyMDU5ODc4YzZiYWRmNzM4OWRkZGExNmYwMmFjYjQ3MmU0OTUzN2Y5OSoifV19&Signature=S4WKxSlNTtHcGEsZXUO39JZriBlzUk8slgJQbwGUI1DBBUoOUD8qUfkFi40GdA2nxOwpJSaxzsE80%7E3SsuUjQacNPx4ngQEI9UGN20SDiQzxY-3q%7EuOpQL-hVyQvzdFWlET-A7PMB-jQYM3zm2-TiBOR2tvqYizHp4liLmSfPaowlnFa-A5gF2Eman2WFJntNSmdryIlfwF50EELqTeoAusAdMHUdr%7E7d1pb3wPbBgQGbUx09mmJ1zcAYviheRc1OQcF0xQTI2DtU-0bojIEZ9heF4tRPGz%7E6nVh-o6aI4wVX4sEOxWJkP6sKnDAvqRnnwrYUg0Qw5SMKVxSxKW8Qw__&Key-Pair-Id=K2L8F4GPSG1IFC "HTTP/1.1 206 Partial Content"
2026-03-07 00:57:16,055  INFO  HTTP Request: GET https://huggingface.co/datasets/rahular/varta/resolve/7151493e445ff102ccc720f515ae5a6c7f72fb46/train/train_bn_shard_01.json "HTTP/1.1 302 Found"
2026-03-07 00:57:16,662  INFO  HTTP Request: GET https://cas-bridge.xethub.hf.co/xet-bridge-us/6531fa1ca6b8a20222174564/3548a876de98d245d6172d72059878c6badf7389ddda16f02acb472e49537f99?X-Amz-Algorithm=AWS4-HMAC-SHA256&X-Amz-Content-Sha256=UNSIGNED-PAYLOAD&X-Amz-Credential=cas%2F20260306%2Fus-east-1%2Fs3%2Faws4_request&X-Amz-Date=20260306T192355Z&X-Amz-Expires=3600&X-Amz-Signature=21f9ee90f0fbea962df92109c622b3d4fb7056f9b49f70fe0d7b57233cfaf8fa&X-Amz-SignedHeaders=host&X-Xet-Cas-Uid=public&response-content-disposition=inline%3B+filename*%3DUTF-8%27%27train_bn_shard_01.json%3B+filename%3D%22train_bn_shard_01.json%22%3B&response-content-type=application%2Fjson&x-amz-checksum-mode=ENABLED&x-id=GetObject&Expires=1772828635&Policy=eyJTdGF0ZW1lbnQiOlt7IkNvbmRpdGlvbiI6eyJEYXRlTGVzc1RoYW4iOnsiQVdTOkVwb2NoVGltZSI6MTc3MjgyODYzNX19LCJSZXNvdXJjZSI6Imh0dHBzOi8vY2FzLWJyaWRnZS54ZXRodWIuaGYuY28veGV0LWJyaWRnZS11cy82NTMxZmExY2E2YjhhMjAyMjIxNzQ1NjQvMzU0OGE4NzZkZTk4ZDI0NWQ2MTcyZDcyMDU5ODc4YzZiYWRmNzM4OWRkZGExNmYwMmFjYjQ3MmU0OTUzN2Y5OSoifV19&Signature=r6hZlCfIBfLnYhFGfO5Uao-8xPgmmPeGjUGzlC42BVBBWvGkO7VO3RU6KD7xaVe65tSgzq7gMbiPL3kS6gIelDHXt39xdPn45QIzcVjx1MLRWrV%7EuZX75MM60Hs8UsxfeHnhP4qWg%7ErRMYvpQTAKg6aBmAmZzWlP3TjMt0VaCXUzpnkuSoHEvC2A5Hc7umVuAHxUtwkeqwWNuAoK1zP0neNiDP%7EKeJaVS6HJf%7EVnF3LZz-fTEaSZ8TfikrLAVfYcQYi6x2MF9eXk9KGDHtqz4cAZBptrmHCJXNAzLr-tJIRvzV1oCF2gafGIV9iuVUBma2w3MU%7EGAqAGDL-eZ3qmMA__&Key-Pair-Id=K2L8F4GPSG1IFC "HTTP/1.1 206 Partial Content"
2026-03-07 00:57:20,136  INFO  HTTP Request: GET https://huggingface.co/datasets/rahular/varta/resolve/7151493e445ff102ccc720f515ae5a6c7f72fb46/train/train_bn_shard_01.json "HTTP/1.1 302 Found"
2026-03-07 00:57:20,871  INFO  HTTP Request: GET https://cas-bridge.xethub.hf.co/xet-bridge-us/6531fa1ca6b8a20222174564/3548a876de98d245d6172d72059878c6badf7389ddda16f02acb472e49537f99?X-Amz-Algorithm=AWS4-HMAC-SHA256&X-Amz-Content-Sha256=UNSIGNED-PAYLOAD&X-Amz-Credential=cas%2F20260306%2Fus-east-1%2Fs3%2Faws4_request&X-Amz-Date=20260306T192310Z&X-Amz-Expires=3600&X-Amz-Signature=079ea8a9a9948b1950dd5d6b38e6165c3bacee1d85a88790a8fffadd3d2eb0b1&X-Amz-SignedHeaders=host&X-Xet-Cas-Uid=public&response-content-disposition=inline%3B+filename*%3DUTF-8%27%27train_bn_shard_01.json%3B+filename%3D%22train_bn_shard_01.json%22%3B&response-content-type=application%2Fjson&x-amz-checksum-mode=ENABLED&x-id=GetObject&Expires=1772828590&Policy=eyJTdGF0ZW1lbnQiOlt7IkNvbmRpdGlvbiI6eyJEYXRlTGVzc1RoYW4iOnsiQVdTOkVwb2NoVGltZSI6MTc3MjgyODU5MH19LCJSZXNvdXJjZSI6Imh0dHBzOi8vY2FzLWJyaWRnZS54ZXRodWIuaGYuY28veGV0LWJyaWRnZS11cy82NTMxZmExY2E2YjhhMjAyMjIxNzQ1NjQvMzU0OGE4NzZkZTk4ZDI0NWQ2MTcyZDcyMDU5ODc4YzZiYWRmNzM4OWRkZGExNmYwMmFjYjQ3MmU0OTUzN2Y5OSoifV19&Signature=v7q%7ESCUuDdXPOShKZoxpaiQjo8vA-fr5L4bgf-C4rSy8MQPF-xoEblBSkXyaHRp5tmWpRXzhMO4yp-14O-vnO--cu7FAV30KEp9I9C5Zab8y61%7Ehuyt2hxp8nyOC24t3rV7jB-t0l56RHlRwcJeUtk8HV15X25TEoIAWtvBoKgXCAGXWckKFpKY3BrshrHDpjVMTWwypNPZjVft-9V%7ElQaRplaUu2CBEVfN2u8mX-OBWj7N9hyf1TLrqWsxtLWf3mnb3%7EsrqYpJLefPUcpu6pN1P-YOwW0ndYJzldBJ%7Ezq70PVnhZjhB2-b4hf0BBamn5eaXHxQ5bH18YE0Y7BKnAA__&Key-Pair-Id=K2L8F4GPSG1IFC "HTTP/1.1 206 Partial Content"
2026-03-07 00:57:24,129  INFO  HTTP Request: GET https://huggingface.co/datasets/rahular/varta/resolve/7151493e445ff102ccc720f515ae5a6c7f72fb46/train/train_bn_shard_01.json "HTTP/1.1 302 Found"
2026-03-07 00:57:24,642  INFO  HTTP Request: GET https://cas-bridge.xethub.hf.co/xet-bridge-us/6531fa1ca6b8a20222174564/3548a876de98d245d6172d72059878c6badf7389ddda16f02acb472e49537f99?X-Amz-Algorithm=AWS4-HMAC-SHA256&X-Amz-Content-Sha256=UNSIGNED-PAYLOAD&X-Amz-Credential=cas%2F20260306%2Fus-east-1%2Fs3%2Faws4_request&X-Amz-Date=20260306T192723Z&X-Amz-Expires=3600&X-Amz-Signature=7d795223b7047707f7b4122814be12a503d2793007c02ab9761ffc44e0fa6e3b&X-Amz-SignedHeaders=host&X-Xet-Cas-Uid=public&response-content-disposition=inline%3B+filename*%3DUTF-8%27%27train_bn_shard_01.json%3B+filename%3D%22train_bn_shard_01.json%22%3B&response-content-type=application%2Fjson&x-amz-checksum-mode=ENABLED&x-id=GetObject&Expires=1772828843&Policy=eyJTdGF0ZW1lbnQiOlt7IkNvbmRpdGlvbiI6eyJEYXRlTGVzc1RoYW4iOnsiQVdTOkVwb2NoVGltZSI6MTc3MjgyODg0M319LCJSZXNvdXJjZSI6Imh0dHBzOi8vY2FzLWJyaWRnZS54ZXRodWIuaGYuY28veGV0LWJyaWRnZS11cy82NTMxZmExY2E2YjhhMjAyMjIxNzQ1NjQvMzU0OGE4NzZkZTk4ZDI0NWQ2MTcyZDcyMDU5ODc4YzZiYWRmNzM4OWRkZGExNmYwMmFjYjQ3MmU0OTUzN2Y5OSoifV19&Signature=mn8Latvq9LAckO1al-KCtyUPk7W4ZETsyiv1HV1TXhjz%7E%7EXVdc33JFA91ljfAG1nOeGsMSAmSE6R5w3w65fTw9TpG7dvXlki03TCWiv2ayDY43MQCSoi2Hk2Xe9f1PlpkR3ea7ynAi7yo2p-8pbLWA-inuAGZJwqmeB4ILiRWMeJ54uOqaZw%7Edeo6lQTWyw-KNBvLbX5Sw6FHpm0O8wBmbXy1-L6rw6%7EHvx%7EP4IrdHd8Fz52z03OCCO%7EomDeB5qhIHw60aJEM%7E5PqXHioQLA-NZ52ZUABN%7EmY8pdlex3Ct4TMho6tlQz6-fVN0a0YZAVw8doslbqeb4m%7EmkZ0n6bJg__&Key-Pair-Id=K2L8F4GPSG1IFC "HTTP/1.1 206 Partial Content"
2026-03-07 00:57:27,726  INFO  HTTP Request: GET https://huggingface.co/datasets/rahular/varta/resolve/7151493e445ff102ccc720f515ae5a6c7f72fb46/train/train_bn_shard_01.json "HTTP/1.1 302 Found"
2026-03-07 00:57:28,088  INFO  HTTP Request: GET https://cas-bridge.xethub.hf.co/xet-bridge-us/6531fa1ca6b8a20222174564/3548a876de98d245d6172d72059878c6badf7389ddda16f02acb472e49537f99?X-Amz-Algorithm=AWS4-HMAC-SHA256&X-Amz-Content-Sha256=UNSIGNED-PAYLOAD&X-Amz-Credential=cas%2F20260306%2Fus-east-1%2Fs3%2Faws4_request&X-Amz-Date=20260306T192242Z&X-Amz-Expires=3600&X-Amz-Signature=dfae20723a8842995a0a186802550551feeb6e191feb9ecd7b238a479c83182b&X-Amz-SignedHeaders=host&X-Xet-Cas-Uid=public&response-content-disposition=inline%3B+filename*%3DUTF-8%27%27train_bn_shard_01.json%3B+filename%3D%22train_bn_shard_01.json%22%3B&response-content-type=application%2Fjson&x-amz-checksum-mode=ENABLED&x-id=GetObject&Expires=1772828562&Policy=eyJTdGF0ZW1lbnQiOlt7IkNvbmRpdGlvbiI6eyJEYXRlTGVzc1RoYW4iOnsiQVdTOkVwb2NoVGltZSI6MTc3MjgyODU2Mn19LCJSZXNvdXJjZSI6Imh0dHBzOi8vY2FzLWJyaWRnZS54ZXRodWIuaGYuY28veGV0LWJyaWRnZS11cy82NTMxZmExY2E2YjhhMjAyMjIxNzQ1NjQvMzU0OGE4NzZkZTk4ZDI0NWQ2MTcyZDcyMDU5ODc4YzZiYWRmNzM4OWRkZGExNmYwMmFjYjQ3MmU0OTUzN2Y5OSoifV19&Signature=mNHIcjiH1c9PR744CtbLjubuiOektNOp24dJtzGvV0DDy0%7ElPmg8nwe%7E03rTEzqrce-Qe5acSbzMnEf70fBZpFxXJZsAXXrFB1Ahj-1lkmR4lUhhF3OsPw%7ES6jRSL8Q5MAk64m%7EZY67%7ECv2zl21eJEad0M088EoxUTpeGa1NnpavJTW5Z4MOjNjLGUc2LJrgfTvtAcqqMOQ79Liut%7E6Hsvk6McuXjadngEiR-jXMQ%7E%7EG6MA65u2TCIJYt0vijTWJoYJ30zcOmu00FG2Gmee7RzWaty2Vuwa66ie3QkzTNbeULFw-1mMuXIUxFOJqR2rQIl6i0z0fnfnz-Bt7DgEyRQ__&Key-Pair-Id=K2L8F4GPSG1IFC "HTTP/1.1 206 Partial Content"
2026-03-07 00:57:31,295  INFO  HTTP Request: GET https://huggingface.co/datasets/rahular/varta/resolve/7151493e445ff102ccc720f515ae5a6c7f72fb46/train/train_bn_shard_01.json "HTTP/1.1 302 Found"
2026-03-07 00:57:32,019  INFO  HTTP Request: GET https://cas-bridge.xethub.hf.co/xet-bridge-us/6531fa1ca6b8a20222174564/3548a876de98d245d6172d72059878c6badf7389ddda16f02acb472e49537f99?X-Amz-Algorithm=AWS4-HMAC-SHA256&X-Amz-Content-Sha256=UNSIGNED-PAYLOAD&X-Amz-Credential=cas%2F20260306%2Fus-east-1%2Fs3%2Faws4_request&X-Amz-Date=20260306T192731Z&X-Amz-Expires=3600&X-Amz-Signature=e684d47caa8b3e4b0814e782c1f707203bf97226fe2bc67aaa06fe109a3628d2&X-Amz-SignedHeaders=host&X-Xet-Cas-Uid=public&response-content-disposition=inline%3B+filename*%3DUTF-8%27%27train_bn_shard_01.json%3B+filename%3D%22train_bn_shard_01.json%22%3B&response-content-type=application%2Fjson&x-amz-checksum-mode=ENABLED&x-id=GetObject&Expires=1772828851&Policy=eyJTdGF0ZW1lbnQiOlt7IkNvbmRpdGlvbiI6eyJEYXRlTGVzc1RoYW4iOnsiQVdTOkVwb2NoVGltZSI6MTc3MjgyODg1MX19LCJSZXNvdXJjZSI6Imh0dHBzOi8vY2FzLWJyaWRnZS54ZXRodWIuaGYuY28veGV0LWJyaWRnZS11cy82NTMxZmExY2E2YjhhMjAyMjIxNzQ1NjQvMzU0OGE4NzZkZTk4ZDI0NWQ2MTcyZDcyMDU5ODc4YzZiYWRmNzM4OWRkZGExNmYwMmFjYjQ3MmU0OTUzN2Y5OSoifV19&Signature=sVTprvw-OOpZ5ZTwBnvhVkF%7ELX2WmQ1JA1Zau3d5zBTy69OY9KgmtGsNm11iwqDnkSP1EJYc0sJ1wXkNnthgk5T4kvhnO7ZDghl0QA2JLTg-serH0f77VZncKInrBtF1r%7EgtQtOLQqKWfeH60lSXAOQ%7EcOyUE1MsahqzLyNt2mCIeiVzL5G5nCXvwAKP98Qzf1nxmC%7E4ch4UbDC-CAsEPHrh3t4peEPTc2fqtM6-Cl03AhxgvdrfkLDk8VhYi%7E-SVImUUw675sdFxdldccawfskg79F--0T5S9834t1nAnK8%7EoN9tKcIu3W1BBicKkPYJ5EVWms2YcY1f367Ymi71Q__&Key-Pair-Id=K2L8F4GPSG1IFC "HTTP/1.1 206 Partial Content"
2026-03-07 00:57:35,698  INFO  HTTP Request: GET https://huggingface.co/datasets/rahular/varta/resolve/7151493e445ff102ccc720f515ae5a6c7f72fb46/train/train_bn_shard_01.json "HTTP/1.1 302 Found"
2026-03-07 00:57:36,425  INFO  HTTP Request: GET https://cas-bridge.xethub.hf.co/xet-bridge-us/6531fa1ca6b8a20222174564/3548a876de98d245d6172d72059878c6badf7389ddda16f02acb472e49537f99?X-Amz-Algorithm=AWS4-HMAC-SHA256&X-Amz-Content-Sha256=UNSIGNED-PAYLOAD&X-Amz-Credential=cas%2F20260306%2Fus-east-1%2Fs3%2Faws4_request&X-Amz-Date=20260306T192735Z&X-Amz-Expires=3600&X-Amz-Signature=3c59b487714a6e2fe767cac96a56f8dc549003d7081f2536370426138d503e05&X-Amz-SignedHeaders=host&X-Xet-Cas-Uid=public&response-content-disposition=inline%3B+filename*%3DUTF-8%27%27train_bn_shard_01.json%3B+filename%3D%22train_bn_shard_01.json%22%3B&response-content-type=application%2Fjson&x-amz-checksum-mode=ENABLED&x-id=GetObject&Expires=1772828855&Policy=eyJTdGF0ZW1lbnQiOlt7IkNvbmRpdGlvbiI6eyJEYXRlTGVzc1RoYW4iOnsiQVdTOkVwb2NoVGltZSI6MTc3MjgyODg1NX19LCJSZXNvdXJjZSI6Imh0dHBzOi8vY2FzLWJyaWRnZS54ZXRodWIuaGYuY28veGV0LWJyaWRnZS11cy82NTMxZmExY2E2YjhhMjAyMjIxNzQ1NjQvMzU0OGE4NzZkZTk4ZDI0NWQ2MTcyZDcyMDU5ODc4YzZiYWRmNzM4OWRkZGExNmYwMmFjYjQ3MmU0OTUzN2Y5OSoifV19&Signature=TJP28jsdbrKJMPKu-JIdITJp1-GcFU5fKVFcdqpCh3PuL-9b-qa0gw4HkpJrBYCnBF9f7Qi8npRQP3MgI9vOXcNOIh%7E54OLpg9PhOm-n%7EtJVupAVwMgvKpoivFkw64n1toMsqO5rnKi6urM-BDeEQIgs0A5Mkms0tV7Iv%7EW3ZflGfXvmnH2q1gg0SVuIyKse%7Eqfr7l9ud5nrzU0%7EBgQIaIc39fzPmtjjICp5D1IM49rhB9e6eQbnZxcefCTl910qYsB4ctO97goCwtXeODBMnMKn5%7ESg3njyPgX6b6y9zDnCVy1m-dSFGsYUDUO1TO25MJjHWs3Lu9k-r7%7EkzBA-hQ__&Key-Pair-Id=K2L8F4GPSG1IFC "HTTP/1.1 206 Partial Content"
2026-03-07 00:57:39,486  INFO  HTTP Request: GET https://huggingface.co/datasets/rahular/varta/resolve/7151493e445ff102ccc720f515ae5a6c7f72fb46/train/train_bn_shard_01.json "HTTP/1.1 302 Found"
2026-03-07 00:57:40,305  INFO  HTTP Request: GET https://cas-bridge.xethub.hf.co/xet-bridge-us/6531fa1ca6b8a20222174564/3548a876de98d245d6172d72059878c6badf7389ddda16f02acb472e49537f99?X-Amz-Algorithm=AWS4-HMAC-SHA256&X-Amz-Content-Sha256=UNSIGNED-PAYLOAD&X-Amz-Credential=cas%2F20260306%2Fus-east-1%2Fs3%2Faws4_request&X-Amz-Date=20260306T192333Z&X-Amz-Expires=3600&X-Amz-Signature=faea2ab9a4eddf2ff876a62824ccf737c1090b093f923ec8699429b6a8c797ad&X-Amz-SignedHeaders=host&X-Xet-Cas-Uid=public&response-content-disposition=inline%3B+filename*%3DUTF-8%27%27train_bn_shard_01.json%3B+filename%3D%22train_bn_shard_01.json%22%3B&response-content-type=application%2Fjson&x-amz-checksum-mode=ENABLED&x-id=GetObject&Expires=1772828613&Policy=eyJTdGF0ZW1lbnQiOlt7IkNvbmRpdGlvbiI6eyJEYXRlTGVzc1RoYW4iOnsiQVdTOkVwb2NoVGltZSI6MTc3MjgyODYxM319LCJSZXNvdXJjZSI6Imh0dHBzOi8vY2FzLWJyaWRnZS54ZXRodWIuaGYuY28veGV0LWJyaWRnZS11cy82NTMxZmExY2E2YjhhMjAyMjIxNzQ1NjQvMzU0OGE4NzZkZTk4ZDI0NWQ2MTcyZDcyMDU5ODc4YzZiYWRmNzM4OWRkZGExNmYwMmFjYjQ3MmU0OTUzN2Y5OSoifV19&Signature=pw-WG4Zd8rwTc5zk89jcrSJwZrkI5-sQJMbp2kmhebeNQViiR4CuppdlhJhZ6UnMTxxX17KsCk9UnnHQ789yI4mbAMLyOr7mNoc9BiGQ8NbWsCzM82BCae3QUkjIjdg-Xd65tTwjnDtGdzHgQ2pbi0NwfCE95b0TKBPN0YbCZct-7QVY%7ElUw1I%7E4jhziVJN1vSeIUkwBQ19HdjGrVIFSaQhpyNvruBBOXg4UUJO%7EJZ8cQPYJrfnpRvVIU0XsS0JWNXghCYg9r%7E%7EWLiv2-38A9MmZyV-qvoHgR8EbsMr3BvzTEJFF32DihiOx-FltfTI%7EX6tY2vu2ZU5dVEDfhJ3pyA__&Key-Pair-Id=K2L8F4GPSG1IFC "HTTP/1.1 206 Partial Content"
2026-03-07 00:57:43,088  INFO  HTTP Request: GET https://huggingface.co/datasets/rahular/varta/resolve/7151493e445ff102ccc720f515ae5a6c7f72fb46/train/train_bn_shard_01.json "HTTP/1.1 302 Found"
2026-03-07 00:57:43,581  INFO  HTTP Request: GET https://cas-bridge.xethub.hf.co/xet-bridge-us/6531fa1ca6b8a20222174564/3548a876de98d245d6172d72059878c6badf7389ddda16f02acb472e49537f99?X-Amz-Algorithm=AWS4-HMAC-SHA256&X-Amz-Content-Sha256=UNSIGNED-PAYLOAD&X-Amz-Credential=cas%2F20260306%2Fus-east-1%2Fs3%2Faws4_request&X-Amz-Date=20260306T192557Z&X-Amz-Expires=3600&X-Amz-Signature=ba92f539be92638c161c47babd3cd397fe16a86f31b78024504cef33df26f92c&X-Amz-SignedHeaders=host&X-Xet-Cas-Uid=public&response-content-disposition=inline%3B+filename*%3DUTF-8%27%27train_bn_shard_01.json%3B+filename%3D%22train_bn_shard_01.json%22%3B&response-content-type=application%2Fjson&x-amz-checksum-mode=ENABLED&x-id=GetObject&Expires=1772828757&Policy=eyJTdGF0ZW1lbnQiOlt7IkNvbmRpdGlvbiI6eyJEYXRlTGVzc1RoYW4iOnsiQVdTOkVwb2NoVGltZSI6MTc3MjgyODc1N319LCJSZXNvdXJjZSI6Imh0dHBzOi8vY2FzLWJyaWRnZS54ZXRodWIuaGYuY28veGV0LWJyaWRnZS11cy82NTMxZmExY2E2YjhhMjAyMjIxNzQ1NjQvMzU0OGE4NzZkZTk4ZDI0NWQ2MTcyZDcyMDU5ODc4YzZiYWRmNzM4OWRkZGExNmYwMmFjYjQ3MmU0OTUzN2Y5OSoifV19&Signature=KakPqnQohbM-NvfwUrlfu-%7EBvOHkyEREykb4Z6r14lRcMHFiiXdpOvje6pNLayIg%7EqKJDL7xDFSpTDvT5Ui4C7Y4Wu2GFR9osJnT2O6zFos0xCs%7ExVX1lvd8gcggP16p6JW2-ek3Df03avrGwWoJ-aqPqZ6pRDaGaP4Hbfc2TQ9fv-Fn13LwZvpU2CpDbed1TovKDjOQ9DHCmm6fTd%7EVimznUwyJmsSpSV-QO7U-lyCOjM2rVVTgnWcJ6looRqketz5Pn58Y4rrK%7EbIregZgWc485JKGQJjT8BE7IsGNldfNjBauyO1903FmTZzSjAQWNUyGWJgHUq%7EY3OuwOIkecw__&Key-Pair-Id=K2L8F4GPSG1IFC "HTTP/1.1 206 Partial Content"
2026-03-07 00:57:46,558  INFO  HTTP Request: GET https://huggingface.co/datasets/rahular/varta/resolve/7151493e445ff102ccc720f515ae5a6c7f72fb46/train/train_bn_shard_01.json "HTTP/1.1 302 Found"
2026-03-07 00:57:46,991  INFO  HTTP Request: GET https://cas-bridge.xethub.hf.co/xet-bridge-us/6531fa1ca6b8a20222174564/3548a876de98d245d6172d72059878c6badf7389ddda16f02acb472e49537f99?X-Amz-Algorithm=AWS4-HMAC-SHA256&X-Amz-Content-Sha256=UNSIGNED-PAYLOAD&X-Amz-Credential=cas%2F20260306%2Fus-east-1%2Fs3%2Faws4_request&X-Amz-Date=20260306T192327Z&X-Amz-Expires=3600&X-Amz-Signature=e323e21c86d3a2d13b35d424bcb0f94c0e9dbdc7c3f9cdb33f77117898f6b548&X-Amz-SignedHeaders=host&X-Xet-Cas-Uid=public&response-content-disposition=inline%3B+filename*%3DUTF-8%27%27train_bn_shard_01.json%3B+filename%3D%22train_bn_shard_01.json%22%3B&response-content-type=application%2Fjson&x-amz-checksum-mode=ENABLED&x-id=GetObject&Expires=1772828607&Policy=eyJTdGF0ZW1lbnQiOlt7IkNvbmRpdGlvbiI6eyJEYXRlTGVzc1RoYW4iOnsiQVdTOkVwb2NoVGltZSI6MTc3MjgyODYwN319LCJSZXNvdXJjZSI6Imh0dHBzOi8vY2FzLWJyaWRnZS54ZXRodWIuaGYuY28veGV0LWJyaWRnZS11cy82NTMxZmExY2E2YjhhMjAyMjIxNzQ1NjQvMzU0OGE4NzZkZTk4ZDI0NWQ2MTcyZDcyMDU5ODc4YzZiYWRmNzM4OWRkZGExNmYwMmFjYjQ3MmU0OTUzN2Y5OSoifV19&Signature=Vid25soSHJGkcBVkfB9e0XWRSl27Phw--7Wo2WFGsqmgOtBkO8%7Eb2AHCZ5yNbNxigDjgn02tWtKBzJtsUvLr-8bfW4JbcO8fjCmKr1bRRasbKIqwXFathoAsIh%7Euu2k-AXjd%7E%7EJRpQjwS4M4Y2bU0URsvGFo6k58JTSRHTEmt98gdFwYNwOMc97J49qnDHtUNU1oRPM6aRL6z0zCyyMDPqkuRHgrWfqX66TPakmYTRhzCQZEOJ7mWCCki0oKyi9YRB0O90HjNkmS0i7wLYenTWF4Kj4Zu3Y5YIlpoEimw1yBVb2Qq8shKHtYeNc5Sy2sA-85X%7E1nPlwgX%7ETFduegiw__&Key-Pair-Id=K2L8F4GPSG1IFC "HTTP/1.1 206 Partial Content"
2026-03-07 00:57:50,411  INFO  HTTP Request: GET https://huggingface.co/datasets/rahular/varta/resolve/7151493e445ff102ccc720f515ae5a6c7f72fb46/train/train_bn_shard_01.json "HTTP/1.1 302 Found"
2026-03-07 00:57:50,761  INFO  HTTP Request: GET https://cas-bridge.xethub.hf.co/xet-bridge-us/6531fa1ca6b8a20222174564/3548a876de98d245d6172d72059878c6badf7389ddda16f02acb472e49537f99?X-Amz-Algorithm=AWS4-HMAC-SHA256&X-Amz-Content-Sha256=UNSIGNED-PAYLOAD&X-Amz-Credential=cas%2F20260306%2Fus-east-1%2Fs3%2Faws4_request&X-Amz-Date=20260306T192337Z&X-Amz-Expires=3600&X-Amz-Signature=03f5712b03eee6d3b6c0c861d609053b9d3b63c99c3c31c45d11af985be8312a&X-Amz-SignedHeaders=host&X-Xet-Cas-Uid=public&response-content-disposition=inline%3B+filename*%3DUTF-8%27%27train_bn_shard_01.json%3B+filename%3D%22train_bn_shard_01.json%22%3B&response-content-type=application%2Fjson&x-amz-checksum-mode=ENABLED&x-id=GetObject&Expires=1772828617&Policy=eyJTdGF0ZW1lbnQiOlt7IkNvbmRpdGlvbiI6eyJEYXRlTGVzc1RoYW4iOnsiQVdTOkVwb2NoVGltZSI6MTc3MjgyODYxN319LCJSZXNvdXJjZSI6Imh0dHBzOi8vY2FzLWJyaWRnZS54ZXRodWIuaGYuY28veGV0LWJyaWRnZS11cy82NTMxZmExY2E2YjhhMjAyMjIxNzQ1NjQvMzU0OGE4NzZkZTk4ZDI0NWQ2MTcyZDcyMDU5ODc4YzZiYWRmNzM4OWRkZGExNmYwMmFjYjQ3MmU0OTUzN2Y5OSoifV19&Signature=LIyCLM1vzuMPkXPxk%7EHa1Flzp1etbSSIB9hlO%7EoCn9BKAhesUePnrzrStOLZxH%7E5SRZMMb8ax3m-A76SXe%7EVybYjtnOLca99ibQAsCTqRyygSq8-1fgFTNCPMtMwFW-tQjPeh8N2kFIcIpXKdtbavBGcWvSuHfHifctcyja1CkFnIezNgeBtAG-xpdeEvPMCQlqFPbWdqyEP1mRlmNeJZbrqs26SR-Wbg6eA0VVPo9BLtHZXkqAc-JtAVl9pMSgeBryvHGCWI2OB2job1wSpwj-32V4qrPT4eaR3rYYlnfqDOUy1VKT8opMBMX2qxudHI72wpNGw-hB0mzBOx9aN4g__&Key-Pair-Id=K2L8F4GPSG1IFC "HTTP/1.1 206 Partial Content"
2026-03-07 00:57:54,536  INFO  HTTP Request: GET https://huggingface.co/datasets/rahular/varta/resolve/7151493e445ff102ccc720f515ae5a6c7f72fb46/train/train_bn_shard_01.json "HTTP/1.1 302 Found"
2026-03-07 00:57:55,048  INFO  HTTP Request: GET https://cas-bridge.xethub.hf.co/xet-bridge-us/6531fa1ca6b8a20222174564/3548a876de98d245d6172d72059878c6badf7389ddda16f02acb472e49537f99?X-Amz-Algorithm=AWS4-HMAC-SHA256&X-Amz-Content-Sha256=UNSIGNED-PAYLOAD&X-Amz-Credential=cas%2F20260306%2Fus-east-1%2Fs3%2Faws4_request&X-Amz-Date=20260306T192731Z&X-Amz-Expires=3600&X-Amz-Signature=e684d47caa8b3e4b0814e782c1f707203bf97226fe2bc67aaa06fe109a3628d2&X-Amz-SignedHeaders=host&X-Xet-Cas-Uid=public&response-content-disposition=inline%3B+filename*%3DUTF-8%27%27train_bn_shard_01.json%3B+filename%3D%22train_bn_shard_01.json%22%3B&response-content-type=application%2Fjson&x-amz-checksum-mode=ENABLED&x-id=GetObject&Expires=1772828851&Policy=eyJTdGF0ZW1lbnQiOlt7IkNvbmRpdGlvbiI6eyJEYXRlTGVzc1RoYW4iOnsiQVdTOkVwb2NoVGltZSI6MTc3MjgyODg1MX19LCJSZXNvdXJjZSI6Imh0dHBzOi8vY2FzLWJyaWRnZS54ZXRodWIuaGYuY28veGV0LWJyaWRnZS11cy82NTMxZmExY2E2YjhhMjAyMjIxNzQ1NjQvMzU0OGE4NzZkZTk4ZDI0NWQ2MTcyZDcyMDU5ODc4YzZiYWRmNzM4OWRkZGExNmYwMmFjYjQ3MmU0OTUzN2Y5OSoifV19&Signature=sVTprvw-OOpZ5ZTwBnvhVkF%7ELX2WmQ1JA1Zau3d5zBTy69OY9KgmtGsNm11iwqDnkSP1EJYc0sJ1wXkNnthgk5T4kvhnO7ZDghl0QA2JLTg-serH0f77VZncKInrBtF1r%7EgtQtOLQqKWfeH60lSXAOQ%7EcOyUE1MsahqzLyNt2mCIeiVzL5G5nCXvwAKP98Qzf1nxmC%7E4ch4UbDC-CAsEPHrh3t4peEPTc2fqtM6-Cl03AhxgvdrfkLDk8VhYi%7E-SVImUUw675sdFxdldccawfskg79F--0T5S9834t1nAnK8%7EoN9tKcIu3W1BBicKkPYJ5EVWms2YcY1f367Ymi71Q__&Key-Pair-Id=K2L8F4GPSG1IFC "HTTP/1.1 206 Partial Content"
2026-03-07 00:57:58,732  INFO  HTTP Request: GET https://huggingface.co/datasets/rahular/varta/resolve/7151493e445ff102ccc720f515ae5a6c7f72fb46/train/train_bn_shard_01.json "HTTP/1.1 302 Found"
2026-03-07 00:57:59,284  INFO  HTTP Request: GET https://cas-bridge.xethub.hf.co/xet-bridge-us/6531fa1ca6b8a20222174564/3548a876de98d245d6172d72059878c6badf7389ddda16f02acb472e49537f99?X-Amz-Algorithm=AWS4-HMAC-SHA256&X-Amz-Content-Sha256=UNSIGNED-PAYLOAD&X-Amz-Credential=cas%2F20260306%2Fus-east-1%2Fs3%2Faws4_request&X-Amz-Date=20260306T192128Z&X-Amz-Expires=3600&X-Amz-Signature=bb851066c811c624692553fd925bd5d5e0f101fb7a073702836396953e557425&X-Amz-SignedHeaders=host&X-Xet-Cas-Uid=public&response-content-disposition=inline%3B+filename*%3DUTF-8%27%27train_bn_shard_01.json%3B+filename%3D%22train_bn_shard_01.json%22%3B&response-content-type=application%2Fjson&x-amz-checksum-mode=ENABLED&x-id=GetObject&Expires=1772828488&Policy=eyJTdGF0ZW1lbnQiOlt7IkNvbmRpdGlvbiI6eyJEYXRlTGVzc1RoYW4iOnsiQVdTOkVwb2NoVGltZSI6MTc3MjgyODQ4OH19LCJSZXNvdXJjZSI6Imh0dHBzOi8vY2FzLWJyaWRnZS54ZXRodWIuaGYuY28veGV0LWJyaWRnZS11cy82NTMxZmExY2E2YjhhMjAyMjIxNzQ1NjQvMzU0OGE4NzZkZTk4ZDI0NWQ2MTcyZDcyMDU5ODc4YzZiYWRmNzM4OWRkZGExNmYwMmFjYjQ3MmU0OTUzN2Y5OSoifV19&Signature=lPZescGVG10c42BkkbKx6OfjbYGh92Meh8vS7RCVim0dzSES3KQGgOIlrcKwngP5dOY%7EvHIoTvNUouVzp4e9d-KgbIzT7ZsDfceQ5%7EdADWKLaSU6E%7ExeNs59f78dTPxlPTVqnaOKtSHfiwy0xQbkTTAE9D3r69AAxVPaIfyJdbynxCeXkgyYGjycIvdn0HTz1DsdN4ofXhjq%7EMkIpy3PbcJDQPgiREIOun5WlSrF-lI8cllSvli1O8WFPxIS7LVLMG7ZZpWzrH1QjRcl%7EzIQhGaRlFdZDmccMEVExq-N0ZekTt2y1hyiKabOBCr83wA9Wg%7EO1r990qHxcgzQZ74B%7Eg__&Key-Pair-Id=K2L8F4GPSG1IFC "HTTP/1.1 206 Partial Content"
2026-03-07 00:58:02,328  INFO  HTTP Request: GET https://huggingface.co/datasets/rahular/varta/resolve/7151493e445ff102ccc720f515ae5a6c7f72fb46/train/train_bn_shard_01.json "HTTP/1.1 302 Found"
2026-03-07 00:58:02,678  INFO  HTTP Request: GET https://cas-bridge.xethub.hf.co/xet-bridge-us/6531fa1ca6b8a20222174564/3548a876de98d245d6172d72059878c6badf7389ddda16f02acb472e49537f99?X-Amz-Algorithm=AWS4-HMAC-SHA256&X-Amz-Content-Sha256=UNSIGNED-PAYLOAD&X-Amz-Credential=cas%2F20260306%2Fus-east-1%2Fs3%2Faws4_request&X-Amz-Date=20260306T192128Z&X-Amz-Expires=3600&X-Amz-Signature=bb851066c811c624692553fd925bd5d5e0f101fb7a073702836396953e557425&X-Amz-SignedHeaders=host&X-Xet-Cas-Uid=public&response-content-disposition=inline%3B+filename*%3DUTF-8%27%27train_bn_shard_01.json%3B+filename%3D%22train_bn_shard_01.json%22%3B&response-content-type=application%2Fjson&x-amz-checksum-mode=ENABLED&x-id=GetObject&Expires=1772828488&Policy=eyJTdGF0ZW1lbnQiOlt7IkNvbmRpdGlvbiI6eyJEYXRlTGVzc1RoYW4iOnsiQVdTOkVwb2NoVGltZSI6MTc3MjgyODQ4OH19LCJSZXNvdXJjZSI6Imh0dHBzOi8vY2FzLWJyaWRnZS54ZXRodWIuaGYuY28veGV0LWJyaWRnZS11cy82NTMxZmExY2E2YjhhMjAyMjIxNzQ1NjQvMzU0OGE4NzZkZTk4ZDI0NWQ2MTcyZDcyMDU5ODc4YzZiYWRmNzM4OWRkZGExNmYwMmFjYjQ3MmU0OTUzN2Y5OSoifV19&Signature=lPZescGVG10c42BkkbKx6OfjbYGh92Meh8vS7RCVim0dzSES3KQGgOIlrcKwngP5dOY%7EvHIoTvNUouVzp4e9d-KgbIzT7ZsDfceQ5%7EdADWKLaSU6E%7ExeNs59f78dTPxlPTVqnaOKtSHfiwy0xQbkTTAE9D3r69AAxVPaIfyJdbynxCeXkgyYGjycIvdn0HTz1DsdN4ofXhjq%7EMkIpy3PbcJDQPgiREIOun5WlSrF-lI8cllSvli1O8WFPxIS7LVLMG7ZZpWzrH1QjRcl%7EzIQhGaRlFdZDmccMEVExq-N0ZekTt2y1hyiKabOBCr83wA9Wg%7EO1r990qHxcgzQZ74B%7Eg__&Key-Pair-Id=K2L8F4GPSG1IFC "HTTP/1.1 206 Partial Content"
2026-03-07 00:58:05,773  INFO  HTTP Request: GET https://huggingface.co/datasets/rahular/varta/resolve/7151493e445ff102ccc720f515ae5a6c7f72fb46/train/train_bn_shard_01.json "HTTP/1.1 302 Found"
2026-03-07 00:58:06,171  INFO  HTTP Request: GET https://cas-bridge.xethub.hf.co/xet-bridge-us/6531fa1ca6b8a20222174564/3548a876de98d245d6172d72059878c6badf7389ddda16f02acb472e49537f99?X-Amz-Algorithm=AWS4-HMAC-SHA256&X-Amz-Content-Sha256=UNSIGNED-PAYLOAD&X-Amz-Credential=cas%2F20260306%2Fus-east-1%2Fs3%2Faws4_request&X-Amz-Date=20260306T192120Z&X-Amz-Expires=3600&X-Amz-Signature=d944ad531c127633768745e9dedc6c48fd07c1f0b6905175beb30b211bf8f130&X-Amz-SignedHeaders=host&X-Xet-Cas-Uid=public&response-content-disposition=inline%3B+filename*%3DUTF-8%27%27train_bn_shard_01.json%3B+filename%3D%22train_bn_shard_01.json%22%3B&response-content-type=application%2Fjson&x-amz-checksum-mode=ENABLED&x-id=GetObject&Expires=1772828480&Policy=eyJTdGF0ZW1lbnQiOlt7IkNvbmRpdGlvbiI6eyJEYXRlTGVzc1RoYW4iOnsiQVdTOkVwb2NoVGltZSI6MTc3MjgyODQ4MH19LCJSZXNvdXJjZSI6Imh0dHBzOi8vY2FzLWJyaWRnZS54ZXRodWIuaGYuY28veGV0LWJyaWRnZS11cy82NTMxZmExY2E2YjhhMjAyMjIxNzQ1NjQvMzU0OGE4NzZkZTk4ZDI0NWQ2MTcyZDcyMDU5ODc4YzZiYWRmNzM4OWRkZGExNmYwMmFjYjQ3MmU0OTUzN2Y5OSoifV19&Signature=wNyL4FVHtbtmNnF%7EADBWvBtwAtKWiHjqK8PIi5oU4K56PDxM6iJ1mwpL%7EH2dhhZ501w63Lyl0ZGvgcSR0z4M58i2y4yStdk3wnIdgK-LXw40nK1YlKvLcwUKL1Wx8bFnqrbY61HmAwF-MhvtZOMXSugp8kypLJ4lFplqIsx3yu98xz5v1P8VaCt4peejHZ3grmJOJNuBI1VZTOGUfBwz6o-BKYb11xc%7E6pIdWTaSYsRkJVRSxyT6Erq9Yd2kEzpZejeYRt-W50xhKc0iiWgOzwa%7EAVNOBLxsdiym4nC2SvGkiPs-0UrYulzs%7E6GidH2O%7EQcYLPN4Bdz048McJ9oehA__&Key-Pair-Id=K2L8F4GPSG1IFC "HTTP/1.1 206 Partial Content"
2026-03-07 00:58:09,074  INFO  HTTP Request: GET https://huggingface.co/datasets/rahular/varta/resolve/7151493e445ff102ccc720f515ae5a6c7f72fb46/train/train_bn_shard_01.json "HTTP/1.1 302 Found"
2026-03-07 00:58:09,709  INFO  HTTP Request: GET https://cas-bridge.xethub.hf.co/xet-bridge-us/6531fa1ca6b8a20222174564/3548a876de98d245d6172d72059878c6badf7389ddda16f02acb472e49537f99?X-Amz-Algorithm=AWS4-HMAC-SHA256&X-Amz-Content-Sha256=UNSIGNED-PAYLOAD&X-Amz-Credential=cas%2F20260306%2Fus-east-1%2Fs3%2Faws4_request&X-Amz-Date=20260306T192310Z&X-Amz-Expires=3600&X-Amz-Signature=079ea8a9a9948b1950dd5d6b38e6165c3bacee1d85a88790a8fffadd3d2eb0b1&X-Amz-SignedHeaders=host&X-Xet-Cas-Uid=public&response-content-disposition=inline%3B+filename*%3DUTF-8%27%27train_bn_shard_01.json%3B+filename%3D%22train_bn_shard_01.json%22%3B&response-content-type=application%2Fjson&x-amz-checksum-mode=ENABLED&x-id=GetObject&Expires=1772828590&Policy=eyJTdGF0ZW1lbnQiOlt7IkNvbmRpdGlvbiI6eyJEYXRlTGVzc1RoYW4iOnsiQVdTOkVwb2NoVGltZSI6MTc3MjgyODU5MH19LCJSZXNvdXJjZSI6Imh0dHBzOi8vY2FzLWJyaWRnZS54ZXRodWIuaGYuY28veGV0LWJyaWRnZS11cy82NTMxZmExY2E2YjhhMjAyMjIxNzQ1NjQvMzU0OGE4NzZkZTk4ZDI0NWQ2MTcyZDcyMDU5ODc4YzZiYWRmNzM4OWRkZGExNmYwMmFjYjQ3MmU0OTUzN2Y5OSoifV19&Signature=v7q%7ESCUuDdXPOShKZoxpaiQjo8vA-fr5L4bgf-C4rSy8MQPF-xoEblBSkXyaHRp5tmWpRXzhMO4yp-14O-vnO--cu7FAV30KEp9I9C5Zab8y61%7Ehuyt2hxp8nyOC24t3rV7jB-t0l56RHlRwcJeUtk8HV15X25TEoIAWtvBoKgXCAGXWckKFpKY3BrshrHDpjVMTWwypNPZjVft-9V%7ElQaRplaUu2CBEVfN2u8mX-OBWj7N9hyf1TLrqWsxtLWf3mnb3%7EsrqYpJLefPUcpu6pN1P-YOwW0ndYJzldBJ%7Ezq70PVnhZjhB2-b4hf0BBamn5eaXHxQ5bH18YE0Y7BKnAA__&Key-Pair-Id=K2L8F4GPSG1IFC "HTTP/1.1 206 Partial Content"
2026-03-07 00:58:13,104  INFO  HTTP Request: GET https://huggingface.co/datasets/rahular/varta/resolve/7151493e445ff102ccc720f515ae5a6c7f72fb46/train/train_bn_shard_01.json "HTTP/1.1 302 Found"
2026-03-07 00:58:13,479  INFO  HTTP Request: GET https://cas-bridge.xethub.hf.co/xet-bridge-us/6531fa1ca6b8a20222174564/3548a876de98d245d6172d72059878c6badf7389ddda16f02acb472e49537f99?X-Amz-Algorithm=AWS4-HMAC-SHA256&X-Amz-Content-Sha256=UNSIGNED-PAYLOAD&X-Amz-Credential=cas%2F20260306%2Fus-east-1%2Fs3%2Faws4_request&X-Amz-Date=20260306T192455Z&X-Amz-Expires=3600&X-Amz-Signature=facbf89e7a3c3a3b7f9d467a6b7c7394e5c95f0e124ac61da9811c5ebd6dff13&X-Amz-SignedHeaders=host&X-Xet-Cas-Uid=public&response-content-disposition=inline%3B+filename*%3DUTF-8%27%27train_bn_shard_01.json%3B+filename%3D%22train_bn_shard_01.json%22%3B&response-content-type=application%2Fjson&x-amz-checksum-mode=ENABLED&x-id=GetObject&Expires=1772828695&Policy=eyJTdGF0ZW1lbnQiOlt7IkNvbmRpdGlvbiI6eyJEYXRlTGVzc1RoYW4iOnsiQVdTOkVwb2NoVGltZSI6MTc3MjgyODY5NX19LCJSZXNvdXJjZSI6Imh0dHBzOi8vY2FzLWJyaWRnZS54ZXRodWIuaGYuY28veGV0LWJyaWRnZS11cy82NTMxZmExY2E2YjhhMjAyMjIxNzQ1NjQvMzU0OGE4NzZkZTk4ZDI0NWQ2MTcyZDcyMDU5ODc4YzZiYWRmNzM4OWRkZGExNmYwMmFjYjQ3MmU0OTUzN2Y5OSoifV19&Signature=nQ100CSciTNRz9yuEfhwW8vIqtcdy4X3kqhy-q0GZwlFM%7EyAZcwZXfqkVB7%7ExpuC9VpYHMlpDpVjGBWPXSNkpffCr5JWuWKIWLMyCkdNnH9Jt0osWT8zfYrSIUaT3T-Q7RDjc9MAFq%7EjJMabmkDBfYC3HW3UAYpCnbgHJswfpUXH0HHM-q6xP4yPEzyUkxNjeuI%7Ealx9XqBhTZWInNM2K-hjaqExHeB2KeH%7EeS8ze1Efp0d8LMecWRGH8nH%7E1x6BjqasZ%7ExL8Vkhq2uNk9zDXwbzx4R93h6QvYsLPagyHORZzNa1USAGt%7E9JxnYERTeuKwx48RI7mmhaFMiP-pKBjg__&Key-Pair-Id=K2L8F4GPSG1IFC "HTTP/1.1 206 Partial Content"
2026-03-07 00:58:17,129  INFO  HTTP Request: GET https://huggingface.co/datasets/rahular/varta/resolve/7151493e445ff102ccc720f515ae5a6c7f72fb46/train/train_bn_shard_01.json "HTTP/1.1 302 Found"
2026-03-07 00:58:17,573  INFO  HTTP Request: GET https://cas-bridge.xethub.hf.co/xet-bridge-us/6531fa1ca6b8a20222174564/3548a876de98d245d6172d72059878c6badf7389ddda16f02acb472e49537f99?X-Amz-Algorithm=AWS4-HMAC-SHA256&X-Amz-Content-Sha256=UNSIGNED-PAYLOAD&X-Amz-Credential=cas%2F20260306%2Fus-east-1%2Fs3%2Faws4_request&X-Amz-Date=20260306T192817Z&X-Amz-Expires=3600&X-Amz-Signature=759c7d946fa641f5fcbb94e7fef12c89ed650d855b6c20b7f689f07e466b2b6a&X-Amz-SignedHeaders=host&X-Xet-Cas-Uid=public&response-content-disposition=inline%3B+filename*%3DUTF-8%27%27train_bn_shard_01.json%3B+filename%3D%22train_bn_shard_01.json%22%3B&response-content-type=application%2Fjson&x-amz-checksum-mode=ENABLED&x-id=GetObject&Expires=1772828897&Policy=eyJTdGF0ZW1lbnQiOlt7IkNvbmRpdGlvbiI6eyJEYXRlTGVzc1RoYW4iOnsiQVdTOkVwb2NoVGltZSI6MTc3MjgyODg5N319LCJSZXNvdXJjZSI6Imh0dHBzOi8vY2FzLWJyaWRnZS54ZXRodWIuaGYuY28veGV0LWJyaWRnZS11cy82NTMxZmExY2E2YjhhMjAyMjIxNzQ1NjQvMzU0OGE4NzZkZTk4ZDI0NWQ2MTcyZDcyMDU5ODc4YzZiYWRmNzM4OWRkZGExNmYwMmFjYjQ3MmU0OTUzN2Y5OSoifV19&Signature=GngtV3B22SIjuaUzfVMISLdZOu6Pz7KkAb6s10UrQsb4F36r%7E44IgpmmtRmHTZlD1KXh%7ES3WkL65FqdguIc4KVyz3sIetE%7EfF%7E5AYYrRg7BRU7NBi7m0K-MB85OpIDre1j-RKFYl%7EIxJyeOqEiv8v6HLKF-nY8wAM%7EKY5TPWXGffxpl5iOrq3MD6fKQ37595X2w0gh6lftOTSWXHiKp5yKdB2WCTTqAru-LwPoe0YRuFjxnZqZd8cfjMPlvtPi5M33mnaFNMUZ-xuuZmy2OrjxB7zVHgL%7E0SEPdUBzGRIm1lMyyAdDMCgrY4U7qA4BSxAtOzFFLTDs6IPtIZZOlXbg__&Key-Pair-Id=K2L8F4GPSG1IFC "HTTP/1.1 206 Partial Content"
2026-03-07 00:58:20,973  INFO    → 5000 records appended to data/raw/vikaspedia_hi.jsonl
2026-03-07 00:58:20,973  INFO  Varta done: 5000 chunks kept, 314866 skipped

2026-03-07 00:58:20,974  INFO  All sources collected. Run filter_and_dedup.py next.
2026-04-07 23:03:08,080  INFO  === Hindi Wikipedia ===
2026-04-07 23:05:36,428  INFO  Wikipedia done: 25000 kept, 68158 skipped

2026-04-07 23:05:36,516  INFO  === AI4Bharat Sangraha (verified Hindi) ===
2026-04-07 23:09:51,103  INFO  Sangraha done: 25000 kept, 35550 skipped

2026-04-07 23:09:51,138  INFO  === Sangraha Unverified Hindi (web-crawled) ===
2026-04-07 23:13:47,293  INFO  Sangraha-unverified done: 25000 kept, 28139 skipped

2026-04-07 23:13:47,321  INFO  === Varta Hindi News Corpus (replaces Vikaspedia) ===
2026-04-07 23:36:50,042  INFO  Varta done: 5000 chunks kept, 314866 skipped

2026-04-07 23:36:50,052  INFO  === Sangraha Synthetic Hindi ===
2026-04-07 23:39:10,451  INFO  Sangraha-synthetic done: 25000 kept, 33392 skipped

2026-04-07 23:39:10,542  INFO  === CulturaX Hindi ===
